Date,Name,Team,Opp,Position,Salary,My Proj,RotoQL MLB,DFS Guru NBA/MLB/NFL ,Last 5 Games Avg,Season Avg,Perfect Lineup
20180407,Xander Bogaerts ,@BOS,TB,SS,4700,0,7.7,7.5,10,10,33
20180407,Ian Kennedy ,KC,@CLE,P,6800,0,9.2,8.8,18.7,17.9,31.1
20180407,Kris Bryant ,CHC,@MIL,3B,5100,0,10.1,10,9.2,10.3,29
20180407,Yu Darvish ,CHC,@MIL,P,9700,0,21.6,23.2,8.2,2.4,27.7
20180407,Trevor Bauer ,@CLE,KC,P,9400,0,26,25.8,21.9,15.9,27
20180407,Rick Porcello ,@BOS,TB,P,8400,0,21.4,20.8,13.5,17.8,24.9
20180407,Steven Matz ,NYM,@WSH,P,5800,0,9.9,10.1,9.3,6.8,24.3
20180407,Zach Davies ,@MIL,CHC,P,7400,0,10.2,10.7,7.4,7.4,23.3
20180407,Jose Martinez ,@STL,ARI,1B / OF ,3500,0,6.9,6.9,7.2,7.3,23
20180407,Bryce Harper ,@WSH,NYM,OF,5600,0,10.8,9.5,15,14,21
20180407,Rafael Devers ,@BOS,TB,3B,4200,0,7.5,7.8,10,7.2,21
20180407,Kyle Seager ,SEA,@MIN,3B,3300,0,5.9,6.5,8.4,3.5,21
20180407,Michael Fulmer ,DET,@CWS,P,7700,0,16.6,16.9,14.3,17.8,18.6
20180407,Brett Gardner ,@NYY,BAL,OF,4000,0,9.6,10.7,10,6.9,18
20180407,Eddie Rosario ,@MIN,SEA,OF,3400,0,7.4,7.6,5.8,6.3,17
20180407,Gio Gonzalez ,@WSH,NYM,P,10300,0,23.2,21.7,11.7,25.9,16.6
20180407,Sonny Gray ,@NYY,BAL,P,9000,0,24.7,24.3,8.9,17,15.9
20180407,Michael Wacha ,@STL,ARI,P,6300,0,5.2,5.5,11.7,1.7,15.9
20180407,Ronald Torreyes ,@NYY,BAL,2B / SS ,2800,0,3,3,7.2,3.5,15
20180407,A.J. Pollock ,ARI,@STL,OF,4900,0,7.7,7.3,9.8,10.4,14
20180407,Eric Thames ,@MIL,CHC,1B,3600,0,4.4,3.8,11.8,7.5,14
20180407,Dixon Machado ,DET,@CWS,2B / SS ,3300,0,5.7,5.3,9,8.2,14
20180407,Lucas Duda ,KC,@CLE,1B,3200,0,7.1,7.1,9.2,8,14
20180407,JaCoby Jones ,DET,@CWS,OF,2800,0,5.8,5.8,7,4.3,14
20180407,Francisco Lindor ,@CLE,KC,SS,4900,0,8.8,9.8,8.2,5.9,13
20180407,Ryon Healy ,SEA,@MIN,1B,3700,0,5.1,5.8,4,1.4,13
20180407,Pedro Severino ,@WSH,NYM,C,2500,0,5.6,5.5,4.8,6.7,13
20180407,Yoan Moncada ,@CWS,DET,2B,4300,0,7.1,7.6,5.2,6.5,12
20180407,Tyler Austin ,@NYY,BAL,1B,3500,0,11.2,10.5,6.4,8.3,12
20180407,Jean Segura ,SEA,@MIN,SS,3400,0,7.3,7.1,12.2,9,12
20180407,Asdrubal Cabrera ,NYM,@WSH,2B,3200,0,6.5,6.7,6,6.5,12
20180407,Mookie Betts ,@BOS,TB,OF,5400,0,9.6,9.5,13.4,9.4,11
20180407,Aaron Judge ,@NYY,BAL,OF,5300,0,13,13.1,15,10.4,11
20180407,Miguel Cabrera ,DET,@CWS,1B,4700,0,7.8,7.3,10,9.7,11
20180407,Marcell Ozuna ,@STL,ARI,OF,3800,0,6.9,7.6,9,7,11
20180407,Todd Frazier ,NYM,@WSH,3B,3600,0,6.7,6.9,5.4,6,11
20180407,Jose Iglesias ,DET,@CWS,SS,3000,0,5.5,5.9,4,4.4,11
20180407,Pedro Alvarez ,BAL,@NYY,1B / 3B ,2800,0,6.2,6.3,4.6,7.3,11
20180407,Jose Berrios ,@MIN,SEA,P,10000,0,23.3,20.4,16.5,38.9,10.9
20180407,Trea Turner ,@WSH,NYM,SS,4600,0,6.1,4.9,7.4,8.6,10
20180407,Welington Castillo ,@CWS,DET,C,3500,0,6.7,6.6,10.8,8.8,10
20180407,Joe Mauer ,@MIN,SEA,1B,3400,0,7.1,7,7.4,7.6,10
20180407,Trey Mancini ,BAL,@NYY,1B / OF ,3300,0,7,7.2,7.2,6.1,10
20180407,Denard Span ,TB,@BOS,OF,2900,0,7.9,7.8,7,5.6,10
20180407,Joey Wendle ,TB,@BOS,2B,2700,0,2.8,2.7,8,2.2,10
20180407,Manny Machado ,BAL,@NYY,3B / SS ,4400,0,6.6,7.5,12,9.4,9
20180407,Brad Miller ,TB,@BOS,2B,2900,0,6.8,7.2,6.2,4.4,9
20180407,Andrew Benintendi ,@BOS,TB,OF,5000,0,8.2,8.6,9.8,5.9,8
20180407,Eduardo Nunez ,@BOS,TB,2B / SS ,3700,0,7.3,7.9,5.4,7.2,8
20180407,Jay Bruce ,NYM,@WSH,OF,3700,0,6.9,6.8,9.2,9,8
20180407,Jeimer Candelario ,DET,@CWS,3B,3600,0,6.7,7.2,6.2,6,8
20180407,James McCann ,DET,@CWS,C,3300,0,6.2,6.4,4.6,6.2,8
20180407,Nicky Delmonico ,@CWS,DET,OF,3300,0,6.8,7.2,3.2,3.2,8
20180407,Alcides Escobar ,KC,@CLE,SS,3100,0,5,4.9,5.2,4.4,8
20180407,Ichiro Suzuki ,SEA,@MIN,OF,2800,0,1.6,1.6,3.8,2.2,8
20180407,Victor Caratini ,CHC,@MIL,C,2300,0,6.6,6.8,4.8,2.3,8
20180407,Mike Leake ,SEA,@MIN,P,6600,0,12,11.4,16,19,7
20180407,Paul Goldschmidt ,ARI,@STL,1B,5000,0,7.6,8.2,5.4,5.7,7
20180407,Nicholas Castellanos ,DET,@CWS,OF,4800,0,0,0,10.8,11.7,7
20180407,Ian Happ ,CHC,@MIL,OF,4600,0,9.7,10.4,5.2,6.8,7
20180407,Chris Owings ,ARI,@STL,2B / OF ,3800,0,7.5,6.6,11.8,10.1,7
20180407,Dee Gordon ,SEA,@MIN,OF,3600,0,8,7.4,12,11,7
20180407,Michael A. Taylor ,@WSH,NYM,OF,3400,0,3.9,3.6,5.8,4.6,7
20180407,Mitch Haniger ,SEA,@MIN,OF,3400,0,7.8,7.1,9,10.8,7
20180407,Matt Carpenter ,@STL,ARI,1B,3400,0,7.2,7.3,7,6.7,7
20180407,Dexter Fowler ,@STL,ARI,OF,3200,0,6.4,7.5,8.4,5.3,7
20180407,Austin Romine ,@NYY,BAL,C,2600,0,6.9,6.9,3.2,2,7
20180407,Mike Marjama ,SEA,@MIN,C,2200,0,4.4,4.7,5.2,1.3,7
20180407,Edwin Encarnacion ,@CLE,KC,1B,4900,0,9.5,9.3,10.8,8.4,6
20180407,Victor Martinez ,DET,@CWS,1B,3600,0,6.6,6.6,8,6.8,6
20180407,Yadier Molina ,@STL,ARI,C,3400,0,7.2,6.4,7.8,10.1,6
20180407,Zack Greinke ,ARI,@STL,P,11100,0,24.1,22.9,9.1,25.8,5.9
20180407,Hanley Ramirez ,@BOS,TB,1B,4600,0,8.1,7.7,13,11.3,5
20180407,Ketel Marte ,ARI,@STL,2B / SS ,3900,0,5.8,6.4,8,5.4,5
20180407,Tommy Pham ,@STL,ARI,OF,3700,0,8.2,8.4,9.6,9.9,5
20180407,Tim Beckham ,BAL,@NYY,3B / SS ,3600,0,6,6.3,6.8,5.6,5
20180407,Avisail Garcia ,@CWS,DET,OF,3600,0,7.5,7.5,8.2,9,5
20180407,Eduardo Escobar ,@MIN,SEA,3B,3400,0,7.7,7,11.8,13.5,5
20180407,Travis d'Arnaud ,NYM,@WSH,C,3100,0,6.4,6.2,7.6,10.5,5
20180407,Amed Rosario ,NYM,@WSH,SS,3100,0,5.7,5.5,8.2,7.2,5
20180407,Carlos Gomez ,TB,@BOS,OF,3000,0,7.1,7.7,6,4.8,5
20180407,Miguel Andujar ,@NYY,BAL,3B,2800,0,9,9.4,6.2,0,5
20180407,Juan Lagares ,NYM,@WSH,OF,2800,0,5.7,5.6,6.6,4.3,5
20180407,Jace Peterson ,@NYY,BAL,2B / 3B ,2300,0,7.6,7.6,5.2,0,5
20180407,Lucas Giolito ,@CWS,DET,P,7100,0,14.1,15.9,11.9,4.1,4.8
20180407,David Peralta ,ARI,@STL,OF,4400,0,8,7.4,9.4,11.5,4
20180407,Leonys Martin ,DET,@CWS,OF,3500,0,6.9,7.2,5.6,6.6,4
20180407,Javier Baez ,CHC,@MIL,2B,3500,0,8.1,8.2,4.8,7.4,4
20180407,Brian Dozier ,@MIN,SEA,2B,4700,0,9.6,8.5,14.6,14.8,3
20180407,Jose Abreu ,@CWS,DET,1B,4600,0,8,7.9,7.2,9.7,3
20180407,Travis Shaw ,@MIL,CHC,3B,3800,0,7.1,7.6,5.8,8.4,3
20180407,Howie Kendrick ,@WSH,NYM,2B / OF ,3600,0,7.5,7.7,7.2,6.7,3
20180407,Domingo Santana ,@MIL,CHC,OF,3500,0,7,7.7,3.6,4.4,3
20180407,Bradley Zimmer ,@CLE,KC,OF,3100,0,3.3,3.4,4.2,3,3
20180407,Tommy La Stella ,CHC,@MIL,2B / 3B ,2900,0,7.8,7.8,3.8,2.8,3
20180407,Chance Sisco ,BAL,@NYY,C,2700,0,6.1,6.4,4.6,3,3
20180407,Ryan Goins ,KC,@CLE,2B / SS ,2600,0,5.3,5.3,4,0,3
20180407,Kyle Schwarber ,CHC,@MIL,OF,4900,0,9.7,9.4,7.4,7.9,2
20180407,Matt Davidson ,@CWS,DET,1B / 3B ,4500,0,8.2,6.4,8,15.8,2
20180407,Willson Contreras ,CHC,@MIL,C,4400,0,7.6,8.5,6.4,7,2
20180407,Lorenzo Cain ,@MIL,CHC,OF,4300,0,8.3,7.6,2.2,10.3,2
20180407,Ryan Braun ,@MIL,CHC,1B / OF ,4200,0,8.1,7.8,7.2,9.7,2
20180407,Tim Anderson ,@CWS,DET,SS,4100,0,7.9,6.2,10,15,2
20180407,Chris Davis ,BAL,@NYY,1B,3100,0,5.4,6.8,2.4,3.8,2
20180407,Daniel Descalso ,ARI,@STL,1B / 3B ,2900,0,6.4,6.2,7.6,5.4,2
20180407,Jeff Mathis ,ARI,@STL,C,2300,0,4.1,4.1,4.6,3,2
20180407,Chris Tillman ,BAL,@NYY,P,5000,0,0.6,0.9,-0.5,-5.6,0.8
20180407,Giancarlo Stanton ,@NYY,BAL,OF,5400,0,13.1,13.5,6.2,9.8,0
20180407,J.D. Martinez ,@BOS,TB,OF,5200,0,8.8,9.9,6.6,6.2,0
20180407,Didi Gregorius ,@NYY,BAL,SS,5200,0,13.3,10.5,18,15.5,0
20180407,Jose Ramirez ,@CLE,KC,2B / 3B ,4900,0,9,10.3,7.6,5.4,0
20180407,Robinson Cano ,SEA,@MIN,2B,4500,0,7.1,6.8,10.2,9.3,0
20180407,Yonder Alonso ,@CLE,KC,1B,4400,0,9.2,8.9,4.2,8.1,0
20180407,Yoenis Cespedes ,NYM,@WSH,OF,4300,0,8.9,8,8.2,12.5,0
20180407,Miguel Sano ,@MIN,SEA,3B,4300,0,8.7,8,15.2,12.7,0
20180407,Anthony Rendon ,@WSH,NYM,3B,4100,0,8.4,9,10,8.3,0
20180407,Paul DeJong ,@STL,ARI,SS,4100,0,7.5,6.8,7.8,10.7,0
20180407,Ryan Zimmerman ,@WSH,NYM,1B,4000,0,4.5,4.3,5.2,4.3,0
20180407,Jason Kipnis ,@CLE,KC,2B,4000,0,7.4,8.3,2.6,4,0
20180407,Adam Jones ,BAL,@NYY,OF,3900,0,7.2,6.6,10.4,9.3,0
20180407,Mike Moustakas ,KC,@CLE,3B,3700,0,7.1,7.3,3.8,6.6,0
20180407,Whit Merrifield ,KC,@CLE,2B,3700,0,6.6,7,4.4,5.8,0
20180407,Jonathan Schoop ,BAL,@NYY,2B,3600,0,6.9,7.3,9.2,6.8,0
20180407,Byron Buxton ,@MIN,SEA,OF,3600,0,6.6,7.2,4.6,5.2,0
20180407,Michael Brantley ,@CLE,KC,OF,3500,0,9,9,4.8,7,0
20180407,Matt Duffy ,TB,@BOS,3B,3300,0,6.6,6.7,7.6,7.8,0
20180407,Yolmer Sanchez ,@CWS,DET,2B / 3B ,3300,0,7.4,6.2,10.2,12.7,0
20180407,Logan Morrison ,@MIN,SEA,1B,3300,0,7.1,7.6,2.6,3,0
20180407,Jon Jay ,KC,@CLE,OF,3300,0,6.2,6.2,6.4,7.4,0
20180407,Jackie Bradley Jr. ,@BOS,TB,OF,3200,0,7.3,7.3,4.8,5,0
20180407,Roberto Perez ,@CLE,KC,C,3200,0,6.3,6.5,5,1,0
20180407,Lonnie Chisenhall ,@CLE,KC,OF,3200,0,8.7,8.8,5.8,5.5,0
20180407,Cheslor Cuthbert ,KC,@CLE,3B,3200,0,5.3,5.1,3.4,4.8,0
20180407,Max Kepler ,@MIN,SEA,OF,3000,0,6.9,6.9,7.6,7.2,0
20180407,Jason Castro ,@MIN,SEA,C,3000,0,5.6,5.7,3.6,4.5,0
20180407,Jason Heyward ,CHC,@MIL,OF,3000,0,8.2,8,3,6,0
20180407,Orlando Arcia ,@MIL,CHC,SS,3000,0,5.6,6.2,2.8,3.1,0
20180407,Jonathan Villar ,@MIL,CHC,2B,3000,0,3.5,3,5.6,5.4,0
20180407,Anthony Santander ,BAL,@NYY,OF,2900,0,5.5,5.5,5.2,5.6,0
20180407,Brian Goodwin ,@WSH,NYM,OF,2900,0,8.2,7.7,14.4,6.3,0
20180407,Adam Engel ,@CWS,DET,OF,2900,0,4.6,4.7,2.2,4.3,0
20180407,Kolten Wong ,@STL,ARI,2B,2900,0,2.5,2.7,1,0.8,0
20180407,Alex Gordon ,KC,@CLE,OF,2900,0,4.7,5.1,2.2,2.2,0
20180407,Wilson Ramos ,TB,@BOS,C,2800,0,5.7,6.7,2,2.2,0
20180407,C.J. Cron ,TB,@BOS,1B,2800,0,6.5,7.2,4,3.3,0
20180407,Mallex Smith ,TB,@BOS,OF,2800,0,7.5,7.7,3.2,3,0
20180407,Wilmer Flores ,NYM,@WSH,2B / 3B ,2800,0,7,7.1,9.6,1.2,0
20180407,Daniel Vogelbach ,SEA,@MIN,1B,2800,0,1.9,1.7,4,5,0
20180407,Jarrod Dyson ,ARI,@STL,OF,2800,0,6.9,6.8,6.2,6.6,0
20180407,Jett Bandy ,@MIL,CHC,C,2800,0,5.2,5.3,2.8,2.5,0
20180407,Sandy Leon ,@BOS,TB,C,2700,0,5.6,5.6,3.8,1.5,0
20180407,Drew Butera ,KC,@CLE,C,2700,0,4.3,4.4,3,3.8,0
20180407,Adeiny Hechavarria ,TB,@BOS,SS,2400,0,4.9,5.5,3.6,3.7,0
20180407,Jake Faria ,TB,@BOS,P,6000,0,12.5,12.7,1.4,6.2,-18.3
20180408,Jameson Taillon ,@PIT,CIN,P,9500,0,7.3,5.4,24.5,27.6,40.8
20180408,Charlie Morton ,@HOU,SD,P,11500,0,28.4,26.9,23.4,25.9,26.7
20180408,Jose Quintana ,CHC,@MIL,P,8900,0,17.8,21.1,5.9,-0.5,26.5
20180408,Mike Fiers ,DET,@CWS,P,6500,0,12.1,12.1,0.8,0,26.5
20180408,A.J. Pollock ,ARI,@STL,OF,4800,0,6.9,6.5,11.4,10.9,24
20180408,Anthony Santander ,BAL,@NYY,OF,2800,0,5.6,5.7,9,4.7,24
20180408,Luke Weaver ,@STL,ARI,P,6800,0,7.9,7.4,10.1,14.5,23.8
20180408,Craig Gentry ,BAL,@NYY,OF,2200,0,5.9,6,10,2,23
20180408,Reynaldo Lopez ,@CWS,DET,P,7400,0,18.3,16.9,14.8,21.1,21.6
20180408,Jason Hammel ,KC,@CLE,P,6000,0,7.8,8.7,6.6,1.3,20.5
20180408,Danny Valencia ,BAL,@NYY,3B,2900,0,4.9,4.9,5.4,3.8,20
20180408,Gregory Polanco ,@PIT,CIN,OF,4500,0,9.1,7.2,10.8,14.3,19
20180408,David Peralta ,ARI,@STL,OF,4300,0,7.2,6.6,12.2,10.4,19
20180408,Josh Reddick ,@HOU,SD,OF,4200,0,9.5,8.8,14.6,9.3,19
20180408,Daniel Robertson ,TB,@BOS,2B / SS ,2700,0,6.3,6.1,4.6,3.3,19
20180408,Max Stassi ,@HOU,SD,C,3000,0,7.3,7.2,8.8,5.8,18
20180408,Miguel Rojas ,MIA,@PHI,2B / SS ,2800,0,5.7,6,5.8,5,18
20180408,Austin Romine ,@NYY,BAL,C,2600,0,6.4,6.4,6,3.3,17
20180408,Ben Zobrist ,CHC,@MIL,2B / OF ,3400,0,6.5,6.8,9,5.3,17
20180408,Mookie Betts ,@BOS,TB,OF,5300,0,9.1,8.9,15.2,9.6,16
20180408,Yan Gomes ,@CLE,KC,C,3400,0,6.9,7.1,7.8,5.4,16
20180408,C.J. Cron ,TB,@BOS,1B,2900,0,6.3,7,6.6,2.9,16
20180408,Tyson Ross ,SD,@HOU,P,5600,0,5.7,5.7,4.3,10.7,15.9
20180408,Mike Clevinger ,@CLE,KC,P,10900,0,25.8,24.9,8.5,22.4,15.3
20180408,Willson Contreras ,CHC,@MIL,C,4300,0,6.9,7.6,7.8,6.3,15
20180408,Leonys Martin ,DET,@CWS,OF,3300,0,6.7,6.9,8.2,6.2,15
20180408,Taijuan Walker ,ARI,@STL,P,7900,0,5.3,5.3,9.1,7.3,14.5
20180408,Hanley Ramirez ,@BOS,TB,1B,4700,0,8.2,7.8,13.4,10.4,14
20180408,Tyler Austin ,@NYY,BAL,1B,3600,0,10,9.5,7,8.9,14
20180408,Corey Dickerson ,@PIT,CIN,OF,3400,0,7.5,7.1,15.2,9.9,14
20180408,Miguel Andujar ,@NYY,BAL,3B,2800,0,6.7,7.5,3.8,1.3,14
20180408,Rafael Devers ,@BOS,TB,3B,4300,0,6.7,7,11.2,9.1,13
20180408,Brian Anderson ,MIA,@PHI,3B,4000,0,7,6.2,9.4,9.5,13
20180408,Eduardo Rodriguez ,@BOS,TB,P,8100,0,21.6,21.6,9.6,0,12.1
20180408,Jake Arrieta ,@PHI,MIA,P,9700,0,23,23,13.7,0,12
20180408,Aaron Judge ,@NYY,BAL,OF,5400,0,11.2,11.2,14.2,10.4,12
20180408,Tim Beckham ,BAL,@NYY,3B / SS ,3600,0,5.9,6.5,6.2,5.6,12
20180408,Odubel Herrera ,@PHI,MIA,OF,3400,0,8,8,10.2,7.3,12
20180408,Kevin Kiermaier ,TB,@BOS,OF,3200,0,5.9,7.6,3.8,2,12
20180408,Adam Jones ,BAL,@NYY,OF,3800,0,6.7,6.6,7.8,8.2,11
20180408,Jorge Soler ,KC,@CLE,OF,3100,0,4.6,4.7,3.8,2,11
20180408,Josh Harrison ,@PIT,CIN,2B,4000,0,8.2,7.3,10.2,10.9,10
20180408,Christian Vazquez ,@BOS,TB,C,3200,0,3.2,3.1,5.4,3.8,10
20180408,Matt Duffy ,TB,@BOS,3B,3200,0,6.9,6.9,6.8,6.7,10
20180408,Carlos Gomez ,TB,@BOS,OF,2900,0,7.1,7.7,3.8,4.9,10
20180408,Chase Anderson ,@MIL,CHC,P,8500,0,15.6,15.5,16.6,14.4,9.3
20180408,Cesar Hernandez ,@PHI,MIA,2B,4000,0,8.8,8.3,5.2,9.6,9
20180408,Eduardo Nunez ,@BOS,TB,2B / SS ,3800,0,6.9,7.4,7.2,7.3,9
20180408,Neil Walker ,@NYY,BAL,1B / 2B ,3400,0,4.6,4.1,6.6,5.4,9
20180408,Albert Almora Jr. ,CHC,@MIL,OF,3200,0,7.5,7.5,6.2,3.4,9
20180408,Mitch Moreland ,@BOS,TB,1B,3100,0,7.3,7.6,7,0.3,9
20180408,Manny Machado ,BAL,@NYY,3B / SS ,4400,0,7.8,7.6,12,9.3,8
20180408,Tim Anderson ,@CWS,DET,SS,4200,0,9.4,7.4,11.6,13.1,8
20180408,Brett Gardner ,@NYY,BAL,OF,4000,0,8.4,9.1,9.2,8.1,8
20180408,Freddy Galvis ,SD,@HOU,SS,3000,0,6.4,5.8,5.6,7.2,8
20180408,Manuel Margot ,SD,@HOU,OF,3000,0,5,5.7,5.4,4.1,8
20180408,Kolten Wong ,@STL,ARI,2B,2800,0,5.6,6.2,2.6,0.7,8
20180408,Jordy Mercer ,@PIT,CIN,SS,2900,0,5.8,5.6,7.8,7.1,7
20180408,Andrew Benintendi ,@BOS,TB,OF,4900,0,7.7,8.1,10.4,6.1,7
20180408,Starling Marte ,@PIT,CIN,OF,4700,0,8.5,7.8,8.6,10.1,7
20180408,Nick Ahmed ,ARI,@STL,SS,3300,0,6,5.3,14,12.6,7
20180408,Justin Bour ,MIA,@PHI,1B,3200,0,6.3,7.5,4.4,3.1,7
20180408,Jason Heyward ,CHC,@MIL,OF,3000,0,7,7,4.4,6,7
20180408,Ronald Torreyes ,@NYY,BAL,2B / SS ,2800,0,2.7,2.7,5.8,7.3,7
20180408,Braxton Lee ,MIA,@PHI,OF,2000,0,4.7,4.8,0,1.3,7
20180408,Lorenzo Cain ,@MIL,CHC,OF,4100,0,7.8,7.4,3,9.3,6
20180408,Avisail Garcia ,@CWS,DET,OF,3600,0,9,9.2,9.4,8.4,6
20180408,Mike Moustakas ,KC,@CLE,3B,3400,0,6.9,7.1,2.6,5.5,6
20180408,Colin Moran ,@PIT,CIN,3B,3200,0,8,7.8,13.2,9.3,6
20180408,Jace Peterson ,@NYY,BAL,2B / 3B ,2300,0,6.9,6.9,5,5,6
20180408,Jonathan Schoop ,BAL,@NYY,2B,3500,0,6.6,7.2,5,6,5
20180408,Yonder Alonso ,@CLE,KC,1B,4200,0,8.6,8.6,1.6,7.1,5
20180408,Josh Bell ,@PIT,CIN,1B,4100,0,7.5,7.1,7.2,8.9,5
20180408,Marwin Gonzalez ,@HOU,SD,1B / OF ,3900,0,8.1,8.7,6.2,5.3,5
20180408,Michael Brantley ,@CLE,KC,OF,3600,0,8.7,8.7,3,3.5,5
20180408,Yadier Molina ,@STL,ARI,C,3500,0,7.9,7.1,7.8,9.6,5
20180408,Trey Mancini ,BAL,@NYY,1B / OF ,3300,0,6.6,7,7.4,6.6,5
20180408,Jonathan Villar ,@MIL,CHC,2B,3100,0,5.5,5.8,6,4.8,5
20180408,Nick Williams ,@PHI,MIA,OF,3000,0,7.6,7.9,7,2,5
20180408,Cam Gallagher ,KC,@CLE,C,2500,0,2,2,8.4,0,5
20180408,Adeiny Hechavarria ,TB,@BOS,SS,2400,0,5.2,5.9,4,3.3,5
20180408,Victor Caratini ,CHC,@MIL,C,2300,0,5.7,5.9,4.8,3.4,5
20180408,Bryan Holaday ,MIA,@PHI,C,2100,0,4,4.1,4.8,1.5,5
20180408,Jose Ramirez ,@CLE,KC,2B / 3B ,4700,0,9,10.1,7.6,4.8,4
20180408,Andrew Kittredge ,TB,@BOS,P,4000,0,9.2,9.8,4.1,4,3.3
20180408,George Springer ,@HOU,SD,OF,5200,0,9,9.5,4.6,7.1,3
20180408,Xander Bogaerts ,@BOS,TB,SS,4700,0,7.3,7.1,10.6,12.9,3
20180408,Maikel Franco ,@PHI,MIA,3B,3700,0,8,7.7,14.4,12.5,3
20180408,Marcell Ozuna ,@STL,ARI,OF,3700,0,7.5,8.3,8.6,7.5,3
20180408,Ketel Marte ,ARI,@STL,2B / SS ,3700,0,5.2,5.7,4,5.4,3
20180408,Whit Merrifield ,KC,@CLE,2B,3600,0,6.3,6.6,3.8,4.8,3
20180408,Derek Dietrich ,MIA,@PHI,2B / OF ,3600,0,6.8,6.9,3.8,8,3
20180408,Lucas Duda ,KC,@CLE,1B,3200,0,6.9,6.9,6.2,9.2,3
20180408,Derek Fisher ,@HOU,SD,OF,3100,0,7.2,7.2,6.4,5.6,3
20180408,Alex Gordon ,KC,@CLE,OF,2800,0,4.3,4.8,1.8,3,3
20180408,Andrew Knapp ,@PHI,MIA,C,2600,0,6.7,6.7,6.2,4.2,3
20180408,Jordan Montgomery ,@NYY,BAL,P,7000,0,19.9,19.9,15.6,13.7,2.6
20180408,Matt Davidson ,@CWS,DET,1B / 3B ,4600,0,10.3,8,8.4,13.9,2
20180408,Carlos Santana ,@PHI,MIA,1B,4500,0,8.7,8.8,8.2,10,2
20180408,Jose Abreu ,@CWS,DET,1B,4400,0,9.7,9.6,5.4,8.7,2
20180408,Miguel Cabrera ,DET,@CWS,1B,4300,0,7.5,7,10.4,9.9,2
20180408,Tommy Pham ,@STL,ARI,OF,3600,0,9.1,9.2,9,9.3,2
20180408,Jesus Aguilar ,@MIL,CHC,1B,3500,0,7.1,7,9.8,3,2
20180408,Domingo Santana ,@MIL,CHC,OF,3400,0,6.9,7.9,3.2,4.3,2
20180408,Matt Carpenter ,@STL,ARI,1B,3300,0,7.9,8,4.6,6.8,2
20180408,Francisco Cervelli ,@PIT,CIN,C,3000,0,5.6,5.7,4,5.7,2
20180408,Mikie Mahtook ,DET,@CWS,OF,3000,0,6.4,7,3.8,4.3,2
20180408,Caleb Joseph ,BAL,@NYY,C,2800,0,4.9,5.4,3.4,3,2
20180408,Austin Hedges ,SD,@HOU,C,2700,0,5.1,5.4,2.2,4.5,2
20180408,Jesus Sucre ,TB,@BOS,C,2500,0,6.1,6.1,5.8,6.5,2
20180408,Trevor Richards ,MIA,@PHI,P,5300,0,8.8,9.4,0,4.4,1.6
20180408,Alex Avila ,ARI,@STL,C,3300,0,5.5,5.9,3.8,2.7,0
20180408,Dexter Fowler ,@STL,ARI,OF,3100,0,7,8.2,7.4,5.5,0
20180408,Giancarlo Stanton ,@NYY,BAL,OF,5700,0,6.9,5.7,4.8,9.1,0
20180408,Rhys Hoskins ,@PHI,MIA,OF,5600,0,10.9,10.6,12.6,13,0
20180408,Jose Altuve ,@HOU,SD,2B,5500,0,9.8,10.1,4.4,8.8,0
20180408,J.D. Martinez ,@BOS,TB,OF,5100,0,8.2,9.4,6.2,8.1,0
20180408,Kris Bryant ,CHC,@MIL,3B,5100,0,8.8,9.1,8.2,12.6,0
20180408,Carlos Correa ,@HOU,SD,SS,5000,0,11,9.8,10.4,11.3,0
20180408,Kyle Schwarber ,CHC,@MIL,OF,5000,0,8.4,8.2,7.4,7.1,0
20180408,Francisco Lindor ,@CLE,KC,SS,4900,0,8.4,9.4,7.2,6.8,0
20180408,Edwin Encarnacion ,@CLE,KC,1B,4900,0,9.1,9,4.8,8.1,0
20180408,Paul Goldschmidt ,ARI,@STL,1B,4800,0,6.8,7.4,5.4,5.9,0
20180408,Nicholas Castellanos ,DET,@CWS,OF,4700,0,0,0,7.4,11,0
20180408,Joey Votto ,CIN,@PIT,1B,4500,0,7,8.3,3.2,4.1,0
20180408,Ryan Braun ,@MIL,CHC,1B / OF ,4400,0,7.6,7.6,7.2,8.6,0
20180408,Yoan Moncada ,@CWS,DET,2B,4200,0,8.6,9.3,4.2,7.3,0
20180408,Starlin Castro ,MIA,@PHI,2B,4100,0,6.7,6.8,6.6,7.9,0
20180408,Alex Bregman ,@HOU,SD,3B,4100,0,7.9,9,4.8,5.4,0
20180408,Paul DeJong ,@STL,ARI,SS,4000,0,8.3,7.4,2.6,9.4,0
20180408,Jason Kipnis ,@CLE,KC,2B,3900,0,7.1,8.1,2.6,3.5,0
20180408,Eugenio Suarez ,CIN,@PIT,3B,3900,0,7.4,7.4,14.6,11.3,0
20180408,Addison Russell ,CHC,@MIL,SS,3900,0,7.2,7,5.2,7.4,0
20180408,Evan Gattis ,@HOU,SD,C,3700,0,7.7,7.9,1.6,6.1,0
20180408,Welington Castillo ,@CWS,DET,C,3600,0,8.4,8.3,9,9,0
20180408,Jeimer Candelario ,DET,@CWS,3B,3500,0,6.5,7.1,4.6,6.3,0
20180408,Scooter Gennett ,CIN,@PIT,2B,3400,0,6.6,7.3,2.6,5,0
20180408,Yolmer Sanchez ,@CWS,DET,2B / 3B ,3400,0,8.7,7.3,7.6,10.9,0
20180408,Jose Martinez ,@STL,ARI,1B / OF ,3400,0,7.6,7.6,6.8,9.3,0
20180408,Adam Duvall ,CIN,@PIT,OF,3300,0,7.1,7.1,3.6,6.1,0
20180408,Dixon Machado ,DET,@CWS,2B / SS ,3300,0,5.6,5.2,9,9,0
20180408,Christian Villanueva ,SD,@HOU,3B,3300,0,8.1,7.6,3.4,11.2,0
20180408,Jon Jay ,KC,@CLE,OF,3200,0,6,5.9,6.4,6.2,0
20180408,Alcides Escobar ,KC,@CLE,SS,3200,0,4.5,4.6,5.2,5,0
20180408,Eric Hosmer ,SD,@HOU,1B,3200,0,7.2,7.6,5,7.2,0
20180408,Billy Hamilton ,CIN,@PIT,OF,3100,0,5.9,6.3,2.2,5.3,0
20180408,Jose Pirela ,SD,@HOU,OF,3100,0,6.6,6.7,6.4,7.1,0
20180408,Orlando Arcia ,@MIL,CHC,SS,3100,0,4.9,5.6,2.4,2.8,0
20180408,Manny Pina ,@MIL,CHC,C,3100,0,5.5,5.8,6.2,5.1,0
20180408,Tyler Naquin ,@CLE,KC,OF,3000,0,6.3,6.2,1.6,4.6,0
20180408,Bradley Zimmer ,@CLE,KC,OF,3000,0,6.7,7.6,4.2,3,0
20180408,Jose Iglesias ,DET,@CWS,SS,3000,0,5.4,5.8,4,5.5,0
20180408,Nicky Delmonico ,@CWS,DET,OF,3000,0,8.3,8.7,3.2,4,0
20180408,Niko Goodrum ,DET,@CWS,2B / OF ,3000,0,6.3,5.9,7.2,10.8,0
20180408,Hunter Renfroe ,SD,@HOU,OF,3000,0,6.4,6.3,3.4,4.4,0
20180408,Brad Miller ,TB,@BOS,2B,2900,0,6.3,6.7,6.2,5,0
20180408,Lewis Brinson ,MIA,@PHI,OF,2900,0,4.6,5.3,1.6,4.4,0
20180408,Jose Peraza ,CIN,@PIT,SS,2900,0,5,5.8,3.8,3.2,0
20180408,Jesse Winker ,CIN,@PIT,OF,2900,0,5.2,5.2,6.8,7.3,0
20180408,Carlos Asuaje ,SD,@HOU,2B,2900,0,5.2,5.6,3.8,4.8,0
20180408,Jarrod Dyson ,ARI,@STL,OF,2900,0,6,5.9,6.2,5.5,0
20180408,Daniel Descalso ,ARI,@STL,1B / 3B ,2900,0,5.7,5.6,6.6,5,0
20180408,Tucker Barnhart ,CIN,@PIT,C,2800,0,5.7,5.8,5.6,6.8,0
20180408,Leury Garcia ,@CWS,DET,OF,2800,0,7.9,7.8,2.8,4.2,0
20180408,John Hicks ,DET,@CWS,1B / C ,2800,0,6.7,6.7,2.6,2,0
20180408,Chase Headley ,SD,@HOU,1B / 3B ,2800,0,5.6,6,4.2,0.3,0
20180408,J.P. Crawford ,@PHI,MIA,SS,2700,0,5.4,6.1,1.4,1.8,0
20180408,Hernan Perez ,@MIL,CHC,OF,2700,0,6,6.2,1.2,0.5,0
20180408,Ryan Goins ,KC,@CLE,2B / SS ,2600,0,4.9,4.9,2.6,1.5,0
20180408,Rob Refsnyder ,TB,@BOS,OF,2200,0,5,4.9,3.4,2.5,0
20180408,Tyler Mahle ,CIN,@PIT,P,7700,0,16.2,14.5,12.5,29.1,-1.5
20180408,Mike Wright Jr. ,BAL,@NYY,P,5800,0,4.4,3.8,2.8,13.7,-4.1
20180409,Max Scherzer ,@WSH,ATL,P,12600,0,39.6,37.8,23.8,25.2,48.1
20180409,Zack Godley ,ARI,@SF,P,9800,0,19.2,19.3,16.1,20.8,35.4
20180409,Justin Verlander ,HOU,@MIN,P,11700,0,28.5,27,23.8,21.9,34.8
20180409,Dylan Bundy ,@BAL,TOR,P,8100,0,20.9,18.3,19.7,24.7,28.2
20180409,J.A. Happ ,TOR,@BAL,P,8500,0,19.5,18.2,23,17.1,28.1
20180409,Mike Moustakas ,@KC,SEA,3B,3200,0,6,6.6,8.2,5.6,28
20180409,Lance Lynn ,@MIN,HOU,P,6600,0,10.7,11.6,6,-0.4,25.1
20180409,Derek Holland ,@SF,ARI,P,5800,0,21,20.7,11.3,9.7,23.7
20180409,Jakob Junis ,@KC,SEA,P,7000,0,18.2,16,18.3,29.4,22.2
20180409,Josh Donaldson ,TOR,@BAL,3B,4900,0,7.8,8.1,8.8,8.8,22
20180409,Chris Iannetta ,@COL,SD,C,4000,0,8.8,9.2,9.2,5.9,22
20180409,Noah Syndergaard ,NYM,@MIA,P,12300,0,31.3,30.1,14.3,20.7,20.7
20180409,Manny Machado ,@BAL,TOR,3B / SS ,4500,0,7.6,7.6,15.2,9.2,19
20180409,Steve Pearce ,TOR,@BAL,OF,3300,0,6.8,6.3,11,7.1,19
20180409,Julio Teheran ,ATL,@WSH,P,6500,0,7.1,9.4,8,-0.1,18.1
20180409,Rhys Hoskins ,@PHI,CIN,OF,5600,0,10.9,9.8,12.8,12.8,18
20180409,Ian Desmond ,@COL,SD,1B / OF ,5300,0,8.9,9.3,3.6,6.7,18
20180409,Elvis Andrus ,@TEX,LAA,SS,3700,0,7.1,7.1,9.8,7.9,18
20180409,Tucker Barnhart ,CIN,@PHI,C,2800,0,6.1,6,9.2,5.7,18
20180409,Albert Pujols ,LAA,@TEX,1B,3200,0,7.4,7.7,9.2,6.6,17
20180409,Carlos Gonzalez ,@COL,SD,OF,4600,0,8.4,8.7,10,6.6,16
20180409,Travis Shaw ,MIL,@STL,3B,3500,0,7,7.5,7.6,7,16
20180409,Scott Kingery ,@PHI,CIN,2B / 3B ,3300,0,6.7,6.9,10.2,5.9,16
20180409,Jose Pirela ,SD,@COL,OF,3700,0,7.6,8.3,6.4,6.4,15
20180409,Derek Dietrich ,@MIA,NYM,2B / OF ,3300,0,5.2,5.5,6.4,7.4,15
20180409,Whit Merrifield ,@KC,SEA,2B,3300,0,6.3,7.2,6.2,4.6,15
20180409,Austin Hedges ,SD,@COL,C,3200,0,6.4,6.9,5.2,4.1,15
20180409,Billy Hamilton ,CIN,@PHI,OF,3100,0,6.2,6.5,5.2,4.6,15
20180409,Eric Sogard ,MIL,@STL,2B / SS ,2900,0,5.6,6,4.4,1,15
20180409,Garrett Richards ,LAA,@TEX,P,6700,0,20.4,20.2,15,16.2,14.4
20180409,Manuel Margot ,SD,@COL,OF,3900,0,6.5,7.5,8.2,4.6,14
20180409,Carlos Asuaje ,SD,@COL,2B,3300,0,6.6,7,5.8,4.7,14
20180409,Scooter Gennett ,CIN,@PHI,2B,3200,0,6.9,8.1,4.4,4.6,14
20180409,Martin Maldonado ,LAA,@TEX,C,2900,0,5.9,6,5.4,4.4,14
20180409,Curtis Granderson ,TOR,@BAL,OF,3400,0,7.1,7.1,7.8,5.2,13
20180409,Carlos Correa ,HOU,@MIN,SS,5100,0,10.3,9.6,7,10,12
20180409,Paul Goldschmidt ,ARI,@SF,1B,4800,0,7.9,9.1,4.8,5.2,12
20180409,Marcell Ozuna ,@STL,MIL,OF,3700,0,7.5,8.2,7.8,7,12
20180409,Andrelton Simmons ,LAA,@TEX,SS,3400,0,8.1,8.1,7.8,7.9,12
20180409,Amed Rosario ,NYM,@MIA,SS,3200,0,6.6,6.5,7.4,5.9,12
20180409,Dexter Fowler ,@STL,MIL,OF,3100,0,6.8,8.1,6.4,4.9,12
20180409,Jorge Soler ,@KC,SEA,OF,3000,0,4.8,4.9,5.8,3.8,12
20180409,Paulo Orlando ,@KC,SEA,OF,2900,0,4.5,4.8,6.8,0.8,12
20180409,Miles Mikolas ,@STL,MIL,P,7300,0,20.9,21,0,14.6,11.5
20180409,Doug Fister ,@TEX,LAA,P,6000,0,10.7,10.2,8.6,11.7,11.1
20180409,Carlos Santana ,@PHI,CIN,1B,4700,0,8.2,7.9,10,9,11
20180409,Brian Anderson ,@MIA,NYM,3B,3600,0,5.5,4.9,8,9.9,11
20180409,Trey Mancini ,@BAL,TOR,1B / OF ,3200,0,6.7,7.1,9,6.4,11
20180409,Orlando Arcia ,MIL,@STL,SS,3000,0,4.7,5.8,3.6,2.4,11
20180409,Alcides Escobar ,@KC,SEA,SS,3000,0,4.7,4.9,4.4,4.3,11
20180409,Drew Butera ,@KC,SEA,C,2500,0,4.2,4.3,5.2,3.4,11
20180409,Ben Lively ,@PHI,CIN,P,6800,0,14.8,14.4,8.2,13.4,10.2
20180409,Zack Cozart ,LAA,@TEX,2B / 3B ,4600,0,9.4,9.7,8.4,8.8,10
20180409,Joey Gallo ,@TEX,LAA,1B / OF ,4400,0,7.1,7.7,5.8,7.8,10
20180409,Anthony Rendon ,@WSH,ATL,3B,4300,0,8.4,9.2,9.4,7.6,10
20180409,Joey Votto ,CIN,@PHI,1B,4200,0,6.7,8.6,5.2,3.6,10
20180409,Freddy Galvis ,SD,@COL,SS,4000,0,8.2,7.5,7.2,7.3,10
20180409,Starlin Castro ,@MIA,NYM,2B,3700,0,5.5,5.6,7.2,7.9,10
20180409,Kole Calhoun ,LAA,@TEX,OF,3300,0,8,8.5,6.8,6.5,10
20180409,Phillip Ervin ,CIN,@PHI,OF,2700,0,6.8,6.9,4.4,1.2,10
20180409,Brandon Crawford ,@SF,ARI,SS,2700,0,5.7,6.2,7.2,4,10
20180409,Jose Urena ,@MIA,NYM,P,5600,0,8.1,8.4,6.6,10,9.7
20180409,Marwin Gonzalez ,HOU,@MIN,1B / OF ,3900,0,7.6,8.2,5.2,5.3,9
20180409,Howie Kendrick ,@WSH,ATL,2B / OF ,3600,0,7.3,7.8,7,6.6,9
20180409,Domingo Santana ,MIL,@STL,OF,3300,0,6,7.3,4,4,9
20180409,Manny Pina ,MIL,@STL,C,3100,0,5.4,5.9,4.6,4.5,9
20180409,Adrian Gonzalez ,NYM,@MIA,1B,3000,0,7,6.5,7.4,6.1,9
20180409,Cam Gallagher ,@KC,SEA,C,2500,0,2.4,2.4,4.8,2.5,9
20180409,Clayton Richard ,SD,@COL,P,5000,0,7.4,7.4,14.2,12.1,8.5
20180409,Eric Hosmer ,SD,@COL,1B,4300,0,8.7,9.4,6.2,6.5,8
20180409,Paul DeJong ,@STL,MIL,SS,3800,0,7.5,7.3,3.2,8.3,8
20180409,Jose Peraza ,CIN,@PHI,SS,2900,0,5.4,6.3,5.4,2.7,8
20180409,Robinson Chirinos ,@TEX,LAA,C,2900,0,5.3,6.6,4.8,2.5,8
20180409,Jason Castro ,@MIN,HOU,C,2900,0,4.7,4.8,5.2,4,8
20180409,Charlie Blackmon ,@COL,SD,OF,5900,0,12.7,12.1,6.8,11.9,7
20180409,Mike Trout ,LAA,@TEX,OF,5500,0,11.7,12.4,8.6,10.8,7
20180409,Trevor Story ,@COL,SD,SS,4400,0,9.5,10.1,9.4,6.7,7
20180409,Cesar Hernandez ,@PHI,CIN,2B,4200,0,8.4,7.6,6.6,9.5,7
20180409,Jay Bruce ,NYM,@MIA,OF,3600,0,9.1,9,10.8,8.9,7
20180409,Luis Valbuena ,LAA,@TEX,1B / 3B ,3500,0,7.7,7.9,7.2,6.6,7
20180409,Ketel Marte ,ARI,@SF,2B / SS ,3500,0,5.9,6.6,4.6,5.1,7
20180409,Shin-soo Choo ,@TEX,LAA,OF,3300,0,7.8,7.5,13,9.8,7
20180409,Kevin Pillar ,TOR,@BAL,OF,3200,0,6.4,5.9,4.4,8.3,7
20180409,Adam Duvall ,CIN,@PHI,OF,3200,0,6.6,7.1,4.6,5.4,7
20180409,Adrian Beltre ,@TEX,LAA,3B,3200,0,6.4,7.1,7.8,5.9,7
20180409,Pedro Severino ,@WSH,ATL,C,2700,0,6.6,6,5.8,8.4,7
20180409,DJ LeMahieu ,@COL,SD,2B,5000,0,10.1,9.6,5.8,8.8,6
20180409,Justin Smoak ,TOR,@BAL,1B,4500,0,8.4,7.6,7.8,11.1,6
20180409,Buster Posey ,@SF,ARI,1B / C ,3700,0,7,6.8,10.2,7.8,6
20180409,Nomar Mazara ,@TEX,LAA,OF,3100,0,6.4,6.5,4.8,6,6
20180409,Miguel Rojas ,@MIA,NYM,2B / SS ,2700,0,4.9,5,7,6.4,6
20180409,Cody Reed ,CIN,@PHI,P,4700,0,10.2,10.2,2.3,0,5.8
20180409,Maikel Franco ,@PHI,CIN,3B,4000,0,8.3,7,14.8,11.1,5
20180409,Michael Conforto ,NYM,@MIA,OF,4000,0,10.5,10.3,12.2,9.7,5
20180409,Tim Beckham ,@BAL,TOR,3B / SS ,3600,0,5.9,6.4,5.8,6.2,5
20180409,Michael A. Taylor ,@WSH,ATL,OF,3400,0,7.3,8,5.6,5.2,5
20180409,Brian McCann ,HOU,@MIN,C,3400,0,7.3,7.2,6,6.8,5
20180409,Asdrubal Cabrera ,NYM,@MIA,2B,3300,0,8.2,7.8,10,9,5
20180409,Eduardo Escobar ,@MIN,HOU,3B,3200,0,6.5,6,12.2,11.8,5
20180409,Jon Jay ,@KC,SEA,OF,3100,0,6.3,6,4.4,7.3,5
20180409,J.D. Davis ,HOU,@MIN,1B,3000,0,5.8,6.3,2,0.8,5
20180409,Cliff Pennington ,CIN,@PHI,2B / SS ,2500,0,5.6,5.5,3.4,2.4,5
20180409,Bryan Holaday ,@MIA,NYM,C,2100,0,3.2,3.3,5.8,2,5
20180409,Tommy Pham ,@STL,MIL,OF,3400,0,8.5,9,4,8.4,4
20180409,Devon Travis ,TOR,@BAL,2B,3100,0,4.9,6,2.8,2.4,4
20180409,Jose Altuve ,HOU,@MIN,2B,5400,0,9.4,10,3.6,7.9,3
20180409,Brian Dozier ,@MIN,HOU,2B,4700,0,7.9,7.3,9.6,13.1,3
20180409,Ryan Braun ,MIL,@STL,1B / OF ,4300,0,7.1,7.5,4.4,7.5,3
20180409,David Peralta ,ARI,@SF,OF,4300,0,8.4,7.6,11.8,11.5,3
20180409,Lorenzo Cain ,MIL,@STL,OF,4100,0,7.4,7.3,3.2,9,3
20180409,Cory Spangenberg ,SD,@COL,2B / 3B ,4000,0,8,7.8,6.8,5,3
20180409,Dee Gordon ,SEA,@KC,OF,3800,0,9.2,8.7,9.8,10.4,3
20180409,Chris Owings ,ARI,@SF,2B / OF ,3800,0,8.3,7.1,8.4,9.2,3
20180409,Adam Jones ,@BAL,TOR,OF,3700,0,6.5,6.6,7.6,8.5,3
20180409,Yadier Molina ,@STL,MIL,C,3500,0,7.6,7,7.4,9.1,3
20180409,Andrew McCutchen ,@SF,ARI,OF,3500,0,6.7,7.4,10.8,7,3
20180409,Nick Markakis ,ATL,@WSH,OF,3200,0,5.7,5,7.4,10.4,3
20180409,Jake Marisnick ,HOU,@MIN,OF,3100,0,8.2,8.3,6.2,7.4,3
20180409,Aledmys Diaz ,TOR,@BAL,SS,3000,0,5.7,5.5,9,6.1,3
20180409,Max Kepler ,@MIN,HOU,OF,3000,0,6,6,4,6.4,3
20180409,Caleb Joseph ,@BAL,TOR,C,2800,0,4.7,5.3,1.6,2.8,3
20180409,Kurt Suzuki ,ATL,@WSH,C,2800,0,5.7,5.8,8.2,3.6,3
20180409,Jeff Mathis ,ARI,@SF,C,2300,0,4.7,4.7,5.2,2.8,3
20180409,Braxton Lee ,@MIA,NYM,OF,2000,0,4,4.1,0,2.4,3
20180409,Jon Gray ,@COL,SD,P,7900,0,22.7,22,10.3,18.2,2.7
20180409,Nolan Arenado ,@COL,SD,3B,5700,0,11.6,11.9,6.6,8.8,2
20180409,A.J. Pollock ,ARI,@SF,OF,4800,0,9.3,8.2,11,12.3,2
20180409,Trea Turner ,@WSH,ATL,SS,4700,0,10.6,10.6,6.2,9.3,2
20180409,Odubel Herrera ,@PHI,CIN,OF,3600,0,7.3,7,9.8,8,2
20180409,Eric Thames ,MIL,@STL,1B,3600,0,8.5,8,8,8.2,2
20180409,Jonathan Schoop ,@BAL,TOR,2B,3400,0,6.3,7.2,2.8,5.9,2
20180409,Mitch Haniger ,SEA,@KC,OF,3400,0,8.8,8,7.2,10.3,2
20180409,Matt Carpenter ,@STL,MIL,1B,3300,0,7.5,7.9,4.2,6.2,2
20180409,Brian Goodwin ,@WSH,ATL,OF,3000,0,8.7,7.9,9.6,6.2,2
20180409,Gregor Blanco ,@SF,ARI,OF,2200,0,6.2,6.2,9.8,5.3,2
20180409,Jhoulys Chacin ,MIL,@STL,P,6300,0,10.1,12.6,10.9,3.4,1.7
20180409,Bryce Harper ,@WSH,ATL,OF,5800,0,13.3,10.6,14.6,16.3,0
20180409,George Springer ,HOU,@MIN,OF,5200,0,8.5,9.3,2,6.7,0
20180409,Yoenis Cespedes ,NYM,@MIA,OF,4700,0,9.6,9.3,7.8,10,0
20180409,Freddie Freeman ,ATL,@WSH,1B,4600,0,8.5,7.2,7.4,13.9,0
20180409,Robinson Cano ,SEA,@KC,2B,4400,0,7.9,7.3,10.2,9.9,0
20180409,Justin Upton ,LAA,@TEX,OF,4100,0,10.4,10.2,10.6,10,0
20180409,Miguel Sano ,@MIN,HOU,3B,4100,0,7.8,6.9,12,13,0
20180409,Ryan Zimmerman ,@WSH,ATL,1B,4000,0,7.3,8.5,4.2,3.3,0
20180409,Alex Bregman ,HOU,@MIN,3B,3900,0,7.6,8.8,4.8,4.9,0
20180409,Ozzie Albies ,ATL,@WSH,2B,3700,0,6.3,6.1,10.4,11,0
20180409,Russell Martin ,TOR,@BAL,C,3600,0,6.7,6.4,8.8,7.6,0
20180409,Ender Inciarte ,ATL,@WSH,OF,3600,0,5.6,5.8,4.4,7.4,0
20180409,Todd Frazier ,NYM,@MIA,3B,3500,0,8.4,8.2,7.8,7.6,0
20180409,Jean Segura ,SEA,@KC,SS,3500,0,8.4,8,9.8,9.4,0
20180409,Aaron Altherr ,@PHI,CIN,OF,3400,0,7.6,7.8,7,5.8,0
20180409,Jose Martinez ,@STL,MIL,1B / OF ,3400,0,7.7,7.6,6.4,8.2,0
20180409,Ryan Flaherty ,ATL,@WSH,2B / 3B ,3400,0,6,5,6.4,10.8,0
20180409,Nick Ahmed ,ARI,@SF,SS,3400,0,8.1,7,11.8,11.7,0
20180409,Dansby Swanson ,ATL,@WSH,SS,3300,0,5.4,4.7,12.2,11,0
20180409,Joe Panik ,@SF,ARI,2B,3300,0,7.4,6.8,7,9.8,0
20180409,Jorge Alfaro ,@PHI,CIN,C,3200,0,6.9,6.7,10,6.6,0
20180409,Byron Buxton ,@MIN,HOU,OF,3200,0,5.4,6.2,2,4.4,0
20180409,Kyle Seager ,SEA,@KC,3B,3200,0,7.3,7.7,6.6,6,0
20180409,Chase Headley ,SD,@COL,1B / 3B ,3200,0,7.5,8,1.6,1.6,0
20180409,Rougned Odor ,@TEX,LAA,2B,3100,0,6.3,6.9,7.6,4.7,0
20180409,Eddie Rosario ,@MIN,HOU,OF,3100,0,6.6,6.6,5.8,7.9,0
20180409,Chris Davis ,@BAL,TOR,1B,3000,0,5.5,6.5,2,3.6,0
20180409,Preston Tucker ,ATL,@WSH,OF,3000,0,7.3,6.7,7.2,8.9,0
20180409,Cameron Maybin ,@MIA,NYM,OF,3000,0,5.4,5.7,5.8,5.8,0
20180409,Joe Mauer ,@MIN,HOU,1B,3000,0,6.2,6.1,7.4,8,0
20180409,Logan Morrison ,@MIN,HOU,1B,3000,0,5.8,6.5,2.2,2.5,0
20180409,Derek Fisher ,HOU,@MIN,OF,3000,0,7.1,6.9,4,5.3,0
20180409,Cheslor Cuthbert ,@KC,SEA,3B,3000,0,5,5.1,3.4,4,0
20180409,Brandon Belt ,@SF,ARI,1B,3000,0,7.3,7.3,10,7.6,0
20180409,Kendrys Morales ,TOR,@BAL,1B,2900,0,6.4,6.5,7.8,5.6,0
20180409,Danny Valencia ,@BAL,TOR,3B,2900,0,7,6.7,4.4,7,0
20180409,Justin Bour ,@MIA,NYM,1B,2900,0,4.7,5.9,3.8,3.2,0
20180409,Kevin Plawecki ,NYM,@MIA,C,2900,0,7.2,6.9,6.2,7.8,0
20180409,Evan Longoria ,@SF,ARI,3B,2900,0,5.6,6.4,6.8,4.9,0
20180409,Anthony Santander ,@BAL,TOR,OF,2800,0,6,5.9,9,7.4,0
20180409,Kolten Wong ,@STL,MIL,2B,2800,0,5.8,6.8,2.6,1.6,0
20180409,Daniel Vogelbach ,SEA,@KC,1B,2800,0,4.9,5,4,4,0
20180409,Pat Valaika ,@COL,SD,SS,2800,0,8.1,8.7,1,0.9,0
20180409,Deven Marrero ,ARI,@SF,3B,2800,0,6.1,6.2,4.2,2.4,0
20180409,Drew Robinson ,@TEX,LAA,3B / OF ,2700,0,6.1,6,5.4,6,0
20180409,Ichiro Suzuki ,SEA,@KC,OF,2700,0,5.3,5.6,2.2,3.2,0
20180409,Hunter Pence ,@SF,ARI,OF,2700,0,5.2,5.9,4.2,4,0
20180409,Guillermo Heredia ,SEA,@KC,OF,2600,0,5.2,5.1,1.4,3.8,0
20180409,David Freitas ,SEA,@KC,C,2600,0,4.6,4.6,5.4,3.5,0
20180409,Ryan Schimpf ,LAA,@TEX,2B / 3B ,2500,0,7.9,7.8,5,10,0
20180409,Ryan Rua ,@TEX,LAA,1B / OF ,2400,0,4.4,5.1,2.4,2.7,0
20180409,Marco Gonzales ,SEA,@KC,P,6200,0,13.4,13.3,5.8,12.7,-0.1
20180410,Mookie Betts ,@BOS,NYY,OF,4600,0,7.9,7.5,20.4,10.3,43
20180410,Stephen Strasburg ,@WSH,ATL,P,10800,0,30.4,32.2,29.3,18.8,35
20180410,Hyun-Jin Ryu ,@LAD,OAK,P,6800,0,15.6,16.4,9.2,0.1,32.3
20180410,Justin Bour ,@MIA,NYM,1B,2900,0,5.4,6.7,8.4,2.9,32
20180410,Joey Lucchesi ,SD,@COL,P,5300,0,10.3,10.2,0,12.6,30.5
20180410,Aaron Nola ,@PHI,CIN,P,8200,0,23.6,26,20.5,11.7,28.4
20180410,Asdrubal Cabrera ,NYM,@MIA,2B,3300,0,7,6.7,14.2,8.6,28
20180410,Chris Sale ,@BOS,NYY,P,12300,0,33.1,32.5,18.7,23.7,26.7
20180410,Andrew Benintendi ,@BOS,NYY,OF,3900,0,6.3,6.7,14,6.2,25
20180410,Matt Carpenter ,@STL,MIL,1B,3300,0,6.7,7,7.6,5.8,25
20180410,Jean Segura ,SEA,@KC,SS,3700,0,8.4,8,11.2,8.3,24
20180410,Homer Bailey ,CIN,@PHI,P,5400,0,7.5,8.2,12.4,6.9,23.7
20180410,Andrew Cashner ,@BAL,TOR,P,6100,0,12,10.5,14.4,15.5,23
20180410,Trevor Story ,@COL,SD,SS,4700,0,9,9.5,13.2,6.7,23
20180410,Eric Thames ,MIL,@STL,1B,3600,0,7.9,7.4,12,7.6,23
20180410,Aaron Sanchez ,TOR,@BAL,P,7500,0,12.9,14,12,8.5,22.6
20180410,Tyler Skaggs ,LAA,@TEX,P,7400,0,18,15.9,15.5,19.1,21.9
20180410,Mike Trout ,LAA,@TEX,OF,5500,0,12,12.7,12,10.5,21
20180410,Paul Goldschmidt ,ARI,@SF,1B,4600,0,7.6,8.9,8.6,5.9,21
20180410,Mike Moustakas ,@KC,SEA,3B,3200,0,7.4,8.1,11.8,8.4,21
20180410,Wilmer Flores ,NYM,@MIA,2B / 3B ,2900,0,7.6,7.9,10.6,1.1,21
20180410,Tyler Anderson ,@COL,SD,P,7600,0,14.3,16.1,11.5,5.5,20.1
20180410,Aaron Judge ,NYY,@BOS,OF,4500,0,7.9,8,14.2,10.6,20
20180410,Scott Kingery ,@PHI,CIN,2B / 3B ,3400,0,6.6,6.7,12.2,7.8,20
20180410,Patrick Corbin ,ARI,@SF,P,9500,0,23.9,18.4,22,33.6,19.8
20180410,Dee Gordon ,SEA,@KC,OF,3800,0,8.8,8.3,9.4,9.5,19
20180410,Matt Kemp ,@LAD,OAK,OF,3800,0,7,7.4,6.4,3.8,19
20180410,Andrelton Simmons ,LAA,@TEX,SS,3400,0,8.4,8.5,10.6,8.3,19
20180410,Curtis Granderson ,TOR,@BAL,OF,3300,0,8.4,8.5,11.6,6,19
20180410,Hunter Renfroe ,SD,@COL,OF,3600,0,9.9,10.6,4.8,3.6,18
20180410,Andrew McCutchen ,@SF,ARI,OF,3500,0,8.1,9,13.8,6.6,18
20180410,Jake Odorizzi ,@MIN,HOU,P,5700,0,11.1,10.9,18.7,14,17.5
20180410,Jefry Marte ,LAA,@TEX,1B / 3B ,3000,0,8.1,7.8,10.4,4.5,17
20180410,Martin Maldonado ,LAA,@TEX,C,2900,0,6.2,6.4,8,5.6,17
20180410,A.J. Pollock ,ARI,@SF,OF,4900,0,9.1,8.1,12.2,11.3,16
20180410,Joe Mauer ,@MIN,HOU,1B,3000,0,6.2,6,10,8.1,16
20180410,Guillermo Heredia ,SEA,@KC,OF,2600,0,6.4,6.2,4.6,3.6,16
20180410,Caleb Smith ,@MIA,NYM,P,5100,0,9.7,8.9,6.9,12.9,15.7
20180410,Jose Pirela ,SD,@COL,OF,3600,0,9.7,10.6,9.4,7.2,15
20180410,Austin Jackson ,@SF,ARI,OF,2600,0,6.9,8.2,6.2,3.2,15
20180410,Carlos Martinez ,@STL,MIL,P,10100,0,26.2,25.1,17.3,21.9,14.1
20180410,Michael Conforto ,NYM,@MIA,OF,4700,0,8.2,8.1,11.2,8.5,14
20180410,Corey Seager ,@LAD,OAK,SS,4100,0,6.9,8.2,6.6,4.9,14
20180410,Chris Taylor ,@LAD,OAK,2B / OF ,4100,0,7.1,8.4,5.4,5,14
20180410,Odubel Herrera ,@PHI,CIN,OF,3800,0,7.5,7.1,12,7.3,14
20180410,Austin Hedges ,SD,@COL,C,3200,0,6.9,7.5,8,5.5,14
20180410,Buster Posey ,@SF,ARI,1B / C ,3800,0,8,7.7,10.2,7.6,13
20180410,Felix Hernandez ,SEA,@KC,P,7900,0,13.4,16.1,8.4,5,12.6
20180410,Sean Manaea ,OAK,@LAD,P,7800,0,16.1,14.7,21.4,25.9,12.5
20180410,Jacob deGrom ,NYM,@MIA,P,12400,0,32.4,30.4,23,23.5,12.1
20180410,Eric Hosmer ,SD,@COL,1B,4100,0,9,9.8,8,6.6,12
20180410,Ryan Zimmerman ,@WSH,ATL,1B,3600,0,7.4,8.7,6.2,3,12
20180410,Ozzie Albies ,ATL,@WSH,2B,3500,0,6.2,5.9,12.8,9.9,12
20180410,Wilmer Difo ,@WSH,ATL,2B / SS ,3000,0,6.5,6.5,7.4,3.8,12
20180410,Derek Dietrich ,@MIA,NYM,2B / OF ,2900,0,5.7,6,7.6,8.2,12
20180410,Nolan Arenado ,@COL,SD,3B,5500,0,11,11.2,8.4,8.2,11
20180410,J.D. Martinez ,@BOS,NYY,OF,4400,0,7,7.8,6.4,7.1,11
20180410,Ketel Marte ,ARI,@SF,2B / SS ,3500,0,6,6.7,5.8,5.3,11
20180410,Dexter Fowler ,@STL,MIL,OF,3100,0,6.3,7.5,6,5.6,11
20180410,Nick Williams ,@PHI,CIN,OF,2900,0,7,7.4,8.6,3.9,11
20180410,Brent Suter ,MIL,@STL,P,6400,0,10.2,10.6,9.9,6.8,10.4
20180410,Whit Merrifield ,@KC,SEA,2B,3300,0,7,8,7.6,5.9,10
20180410,Cesar Hernandez ,@PHI,CIN,2B,4300,0,8.2,7.5,8,9.2,10
20180410,Brian Anderson ,@MIA,NYM,3B,3200,0,6.1,5.4,7.8,10,10
20180410,Albert Pujols ,LAA,@TEX,1B,3200,0,7.7,8.1,10.6,7.5,10
20180410,Dansby Swanson ,ATL,@WSH,SS,3000,0,5.4,4.7,11.2,9.8,10
20180410,Jarrod Dyson ,ARI,@SF,OF,2800,0,7.6,7.9,3.8,4.7,10
20180410,Mike Foltynewicz ,ATL,@WSH,P,6600,0,13,10.6,15.4,21.7,9.1
20180410,Dallas Keuchel ,HOU,@MIN,P,9100,0,20.7,23.4,9.3,10.3,9
20180410,Yoenis Cespedes ,NYM,@MIA,OF,4800,0,8.5,8.3,6.4,8.9,9
20180410,Manuel Margot ,SD,@COL,OF,3900,0,8.6,10,7.2,5.5,9
20180410,Todd Frazier ,NYM,@MIA,3B,3600,0,7.5,7.4,7.2,7.4,9
20180410,Kyle Seager ,SEA,@KC,3B,3200,0,6.9,7.3,6.4,5.3,9
20180410,Amed Rosario ,NYM,@MIA,SS,3100,0,5.7,5.7,8.2,6.6,9
20180410,Brian Goodwin ,@WSH,ATL,OF,3000,0,9.1,8.4,10.8,5.8,9
20180410,Mitch Garver ,@MIN,HOU,1B / C ,2800,0,5.1,5.1,7.6,4.7,9
20180410,Drew Robinson ,@TEX,LAA,3B / OF ,2700,0,6.5,6.4,4.8,5.3,9
20180410,Giancarlo Stanton ,NYY,@BOS,OF,4400,0,7.8,8.7,6.4,8.2,8
20180410,Cody Bellinger ,@LAD,OAK,1B,4000,0,8,9,10.6,6.2,8
20180410,Starlin Castro ,@MIA,NYM,2B,3400,0,6.1,6.1,5.8,8.1,8
20180410,Luis Valbuena ,LAA,@TEX,1B / 3B ,3400,0,7.3,7.4,8.8,6.6,8
20180410,Domingo Santana ,MIL,@STL,OF,3200,0,5.9,7.2,5.6,4.5,8
20180410,J.D. Davis ,HOU,@MIN,1B,3000,0,6,6.5,2.6,1.4,8
20180410,Chris Young ,LAA,@TEX,OF,2700,0,0,0,6.2,1.2,8
20180410,Yairo Munoz ,@STL,MIL,OF,2500,0,5.1,5.4,0,0.4,8
20180410,Tim Beckham ,@BAL,TOR,3B / SS ,3600,0,5.7,6.2,6.2,6.1,7
20180410,Mitch Haniger ,SEA,@KC,OF,3600,0,8.4,7.7,5.4,9.3,7
20180410,Logan Forsythe ,@LAD,OAK,3B,3200,0,5.8,6.8,4.8,4.3,7
20180410,Jon Jay ,@KC,SEA,OF,3100,0,7.3,7,5.4,7,7
20180410,Jesse Winker ,CIN,@PHI,OF,3000,0,6.8,6.9,6.4,5.5,7
20180410,Christian Vazquez ,@BOS,NYY,C,3000,0,4.5,4.9,6.4,4.7,7
20180410,Jackie Bradley Jr. ,@BOS,NYY,OF,3000,0,4.9,5.6,6.2,4.3,7
20180410,Brandon Belt ,@SF,ARI,1B,3000,0,8.2,8.2,9.4,6.6,7
20180410,Robbie Grossman ,@MIN,HOU,OF,2900,0,5.6,5.8,1.4,1.2,7
20180410,Miguel Rojas ,@MIA,NYM,2B / SS ,2700,0,5.4,5.4,6.8,6.4,7
20180410,Luis Severino ,NYY,@BOS,P,10500,0,23.3,21.5,14.6,27.6,6.6
20180410,Khris Davis ,OAK,@LAD,OF,4700,0,6.7,7.5,3,5.6,6
20180410,Jose Altuve ,HOU,@MIN,2B,5400,0,9.5,10.1,3.8,7.5,6
20180410,Justin Smoak ,TOR,@BAL,1B,4700,0,9.5,8.6,6.6,10.6,6
20180410,Didi Gregorius ,NYY,@BOS,SS,4400,0,8.9,6.3,18.2,14.4,6
20180410,Yangervis Solarte ,TOR,@BAL,2B / SS ,3900,0,8.3,7.3,5.4,8.7,6
20180410,Kevin Pillar ,TOR,@BAL,OF,3200,0,7.7,7.1,5.6,8.2,6
20180410,Adrian Beltre ,@TEX,LAA,3B,3200,0,7.5,8.3,9,6,6
20180410,Nomar Mazara ,@TEX,LAA,OF,3100,0,6.5,6.7,4.4,6,6
20180410,Jonathan Villar ,MIL,@STL,2B,2900,0,5.6,6.2,5.6,4.6,6
20180410,Brock Holt ,@BOS,NYY,2B / OF ,2800,0,4.5,4.5,5.8,1.5,6
20180410,Tyler Beede ,@SF,ARI,P,5000,0,11.1,11.1,0,0,5.6
20180410,Bryce Harper ,@WSH,ATL,OF,5600,0,13.1,10.5,12,15.5,5
20180410,George Springer ,HOU,@MIN,OF,5100,0,8.6,9.4,3,6.1,5
20180410,Josh Donaldson ,TOR,@BAL,3B,4800,0,9.4,9.7,8.4,10,5
20180410,Zack Cozart ,LAA,@TEX,2B / 3B ,4500,0,9.9,10.2,6.2,8.9,5
20180410,Anthony Rendon ,@WSH,ATL,3B,4300,0,7.9,8.6,9.4,7.8,5
20180410,Alex Bregman ,HOU,@MIN,3B,4100,0,7.6,8.9,4,4.8,5
20180410,Chris Iannetta ,@COL,SD,C,4100,0,9,9.4,8.2,7.7,5
20180410,Paul DeJong ,@STL,MIL,SS,3900,0,8,7.7,2.6,8.3,5
20180410,Freddy Galvis ,SD,@COL,SS,3900,0,8.9,8.2,7,7.5,5
20180410,Travis Shaw ,MIL,@STL,3B,3500,0,6.5,6.9,8,7.8,5
20180410,Austin Barnes ,@LAD,OAK,C,3300,0,7.5,7.6,3.4,2.6,5
20180410,Marcus Semien ,OAK,@LAD,SS,3200,0,6.7,7.2,7.2,6.8,5
20180410,Jake Marisnick ,HOU,@MIN,OF,3100,0,8,8,3.6,6.9,5
20180410,Alcides Escobar ,@KC,SEA,SS,3000,0,5.3,5.5,4.8,5.1,5
20180410,Stephen Piscotty ,OAK,@LAD,OF,3000,0,5.4,6.2,4.8,4.3,5
20180410,J.P. Crawford ,@PHI,CIN,SS,2700,0,4.5,5.3,1,1.6,5
20180410,Ryan Rua ,@TEX,LAA,1B / OF ,2400,0,5.3,6.1,3,2.5,5
20180410,Bryan Holaday ,@MIA,NYM,C,2100,0,3.7,3.7,6.4,2.4,5
20180410,Mike Marjama ,SEA,@KC,C,2100,0,5.5,5.9,3.4,2.4,5
20180410,Shane Robinson ,NYY,@BOS,OF,2000,0,4.5,4.5,4.8,0,5
20180410,Eduardo Nunez ,@BOS,NYY,2B / SS ,3500,0,6.1,6.4,6.2,7.5,4
20180410,Carlos Santana ,@PHI,CIN,1B,4500,0,8.2,7.9,8.4,9.2,4
20180410,Rafael Devers ,@BOS,NYY,3B,3700,0,6.6,6.3,10,9.6,4
20180410,Daniel Vogelbach ,SEA,@KC,1B,2800,0,5.4,5.5,4.8,4.2,4
20180410,Hernan Perez ,MIL,@STL,OF,2600,0,5.5,5.9,1.4,0.4,4
20180410,Kelby Tomlinson ,@SF,ARI,2B / SS ,2300,0,6.6,6.6,2.8,1.9,4
20180410,Logan Morrison ,@MIN,HOU,1B,3000,0,5.7,6.4,2.4,2.1,3
20180410,Paulo Orlando ,@KC,SEA,OF,2900,0,4.9,5.2,3.6,3,3
20180410,Pedro Severino ,@WSH,ATL,C,2700,0,6.7,6.2,6.4,8.2,3
20180410,Yasiel Puig ,@LAD,OAK,OF,4400,0,7.2,8.2,5.4,5.9,3
20180410,Kike Hernandez ,@LAD,OAK,2B / OF ,4200,0,6.9,7.3,4.6,4.4,3
20180410,Matt Olson ,OAK,@LAD,1B,4100,0,7.3,7.8,6.6,7.4,3
20180410,Christian Villanueva ,SD,@COL,3B,4000,0,11.7,11.1,4,9.6,3
20180410,Miguel Sano ,@MIN,HOU,3B,3900,0,8.3,7.4,9.8,11.4,3
20180410,Marcell Ozuna ,@STL,MIL,OF,3700,0,7,7.7,6.4,7.5,3
20180410,Gerardo Parra ,@COL,SD,OF,3600,0,7.6,8.3,4.4,4.7,3
20180410,Ender Inciarte ,ATL,@WSH,OF,3300,0,5.5,5.6,4.6,6.7,3
20180410,Tyler Austin ,NYY,@BOS,1B,3300,0,6.9,6.4,5.8,9.5,3
20180410,Scooter Gennett ,CIN,@PHI,2B,3200,0,5.8,6.8,4.4,5.7,3
20180410,Neil Walker ,NYY,@BOS,1B / 2B ,3200,0,5.6,6.1,5.8,5.9,3
20180410,Byron Buxton ,@MIN,HOU,OF,3200,0,5.7,6.6,2.6,3.9,3
20180410,Jose Peraza ,CIN,@PHI,SS,2900,0,4.8,5.7,6,3.4,3
20180410,Robinson Chirinos ,@TEX,LAA,C,2900,0,6.4,8.1,5.4,3.1,3
20180410,Anthony Santander ,@BAL,TOR,OF,2800,0,5.9,5.9,6.4,6.5,3
20180410,Kolten Wong ,@STL,MIL,2B,2800,0,5.2,6,2.8,2.4,3
20180410,Brandon Crawford ,@SF,ARI,SS,2700,0,6.2,6.8,7.8,4.7,3
20180410,Brett Phillips ,MIL,@STL,OF,2600,0,6.3,6.3,8.8,0,3
20180410,Matt Chapman ,OAK,@LAD,3B,3800,0,8,7.1,9.8,10.6,2
20180410,Freddie Freeman ,ATL,@WSH,1B,4400,0,8.3,7,5.4,12.5,2
20180410,Russell Martin ,TOR,@BAL,C,3600,0,7.6,7.3,6,6.6,2
20180410,Jonathan Schoop ,@BAL,TOR,2B,3400,0,6.3,7.2,2.2,5.5,2
20180410,Nick Ahmed ,ARI,@SF,SS,3400,0,7.1,6.2,6.6,10,2
20180410,Eduardo Escobar ,@MIN,HOU,3B,3200,0,7,6.4,8,10.7,2
20180410,Ryan Flaherty ,ATL,@WSH,2B / 3B ,3100,0,6,5.1,6.2,9.6,2
20180410,Lucas Duda ,@KC,SEA,1B,3100,0,8,7.9,4.8,8.2,2
20180410,Chris Davis ,@BAL,TOR,1B,3000,0,5.8,6.9,1.4,3.2,2
20180410,Aledmys Diaz ,TOR,@BAL,SS,3000,0,6.9,6.6,6.6,5.8,2
20180410,Nick Markakis ,ATL,@WSH,OF,3000,0,5.6,4.9,6.8,9.7,2
20180410,Jorge Soler ,@KC,SEA,OF,3000,0,5.7,5.8,5.8,5.2,2
20180410,Cheslor Cuthbert ,@KC,SEA,3B,3000,0,5.7,5.8,3.2,4.6,2
20180410,Alex Avila ,ARI,@SF,C,3000,0,6.4,7.1,3.6,2.3,2
20180410,Kevin Plawecki ,NYM,@MIA,C,2900,0,6.6,6.4,3,6.2,2
20180410,Harrison Bader ,@STL,MIL,OF,2900,0,6,6,4.2,0.5,2
20180410,Daniel Descalso ,ARI,@SF,1B / 3B ,2900,0,6.3,6.4,4.2,4,2
20180410,Evan Longoria ,@SF,ARI,3B,2900,0,6.7,7.6,7.2,4.3,2
20180410,Pedro Alvarez ,@BAL,TOR,1B / 3B ,2800,0,8.3,7.9,5,6.7,2
20180410,Juan Lagares ,NYM,@MIA,OF,2800,0,6,5.9,5.8,4.5,2
20180410,Jurickson Profar ,@TEX,LAA,2B / SS ,2500,0,6,6,3.6,3,2
20180410,Carlos Perez ,ATL,@WSH,C,2200,0,3.9,4,4.6,2.5,0
20180410,Devon Travis ,TOR,@BAL,2B,3100,0,5.9,7.2,2.8,2.6,0
20180410,Gary Sanchez ,NYY,@BOS,C,4200,0,5.5,7,3.6,3.4,0
20180410,Rhys Hoskins ,@PHI,CIN,OF,5400,0,10.7,9.6,12.2,13.3,0
20180410,Ian Desmond ,@COL,SD,1B / OF ,5200,0,8.4,8.8,3.6,7.8,0
20180410,Carlos Correa ,HOU,@MIN,SS,5100,0,10.4,9.7,2.8,10.2,0
20180410,DJ LeMahieu ,@COL,SD,2B,4900,0,9.7,9.2,3.4,8.5,0
20180410,Robinson Cano ,SEA,@KC,2B,4700,0,8.3,7.6,10.2,8.9,0
20180410,Trea Turner ,@WSH,ATL,SS,4600,0,10.2,10.2,5.2,8.6,0
20180410,Manny Machado ,@BAL,TOR,3B / SS ,4500,0,7.5,7.5,15.2,10.1,0
20180410,Brian Dozier ,@MIN,HOU,2B,4400,0,8.7,8,9.6,11.9,0
20180410,Josh Reddick ,HOU,@MIN,OF,4400,0,9.6,8.5,14.6,10.5,0
20180410,Joey Votto ,CIN,@PHI,1B,4300,0,6.1,7.8,5.2,4.3,0
20180410,Justin Upton ,LAA,@TEX,OF,4300,0,11,10.8,10.6,9.1,0
20180410,Joey Gallo ,@TEX,LAA,1B / OF ,4300,0,7.4,8,5.8,8,0
20180410,Hanley Ramirez ,@BOS,NYY,1B,3800,0,6.8,6.5,13.4,10.9,0
20180410,Chris Owings ,ARI,@SF,2B / OF ,3800,0,8.4,7.1,7.8,8.6,0
20180410,Marwin Gonzalez ,HOU,@MIN,1B / OF ,3700,0,7.6,8.3,4.6,5.6,0
20180410,Adam Jones ,@BAL,TOR,OF,3600,0,6.5,6.5,3.4,8,0
20180410,Elvis Andrus ,@TEX,LAA,SS,3600,0,8,8.1,9.8,8.8,0
20180410,Yadier Molina ,@STL,MIL,C,3600,0,7.2,6.6,4.2,8.5,0
20180410,Jed Lowrie ,OAK,@LAD,2B,3500,0,6.6,6.3,11.2,8.6,0
20180410,Brian McCann ,HOU,@MIN,C,3400,0,7.5,7.4,5,6.6,0
20180410,Steve Pearce ,TOR,@BAL,OF,3300,0,8.2,7.7,10.6,8.6,0
20180410,Jorge Alfaro ,@PHI,CIN,C,3300,0,6.9,6.7,10,5.5,0
20180410,Michael A. Taylor ,@WSH,ATL,OF,3300,0,7.4,8,4,5.2,0
20180410,Shin-soo Choo ,@TEX,LAA,OF,3300,0,8.1,7.8,9.8,9.5,0
20180410,Carlos Asuaje ,SD,@COL,2B,3300,0,6.3,6.8,4.6,5.5,0
20180410,Trey Mancini ,@BAL,TOR,1B / OF ,3200,0,6.7,7.2,6.4,6.8,0
20180410,Adam Duvall ,CIN,@PHI,OF,3200,0,5.9,6.4,1.8,5.6,0
20180410,Billy Hamilton ,CIN,@PHI,OF,3100,0,5.5,5.9,5.2,5.9,0
20180410,Manny Pina ,MIL,@STL,C,3000,0,5.1,5.5,4.6,5,0
20180410,Jonathan Lucroy ,OAK,@LAD,C,3000,0,5.5,6,5,4.6,0
20180410,Preston Tucker ,ATL,@WSH,OF,2900,0,7.1,6.6,5.6,8,0
20180410,Mike Tauchman ,@COL,SD,OF,2900,0,6.4,6.6,0,0.3,0
20180410,Pat Valaika ,@COL,SD,SS,2900,0,7.8,8.5,1,0.8,0
20180410,Tucker Barnhart ,CIN,@PHI,C,2800,0,5.5,5.5,8.6,7.4,0
20180410,Miguel Andujar ,NYY,@BOS,3B,2800,0,4.9,5.4,3.8,3.8,0
20180410,Eric Sogard ,MIL,@STL,2B / SS ,2800,0,5.5,5.9,3.8,2.4,0
20180410,Chance Sisco ,@BAL,TOR,C,2700,0,5.8,6.2,4.6,3,0
20180410,Lewis Brinson ,@MIA,NYM,OF,2700,0,4,4.7,0.4,3.5,0
20180410,Hunter Pence ,@SF,ARI,OF,2700,0,6.2,7.1,4.2,3.6,0
20180410,Austin Romine ,NYY,@BOS,C,2600,0,4.6,4.4,6,6,0
20180410,Taylor Motter ,SEA,@KC,3B / SS ,2600,0,6.3,6.3,1.2,1,0
20180410,Jake Smolinski ,OAK,@LAD,OF,2600,0,5,5.1,3.8,2.3,0
20180410,Drew Butera ,@KC,SEA,C,2500,0,4.9,5,4.8,4.7,0
20180410,Ryan LaMarre ,@MIN,HOU,OF,2300,0,4.8,4.6,0,3.2,0
20180410,Braxton Lee ,@MIA,NYM,OF,2000,0,4.3,4.3,0,2.5,0
20180410,Eric Skoglund ,@KC,SEA,P,5200,0,7,7,-2.7,0,-4.1
20180410,Martin Perez ,@TEX,LAA,P,5500,0,8.1,8.5,3.9,5.4,-13