player_id,mlb_id,name,dk_salary,fd_salary,yh_salary,rst_salary,position,team,opponent,dk_value,fd_value,yh_value,rst_value
6145,621397,Tyler Olson,4000,5500,25,,P,CLE,MIN,,,,
6146,605141,Mookie Betts,5300,4800,25,,OF,BOS,LAA,,,,
6149,573127,Zac Rosscup,4000,5500,25,,P,COL,PIT,,,,
6151,571771,Enrique Hernandez,3900,2400,7,,3B,LAD,SD,,,,
6152,519293,Will Smith,4000,5500,25,,P,SF,ARI,,,,
6153,453562,Jake Arrieta,9400,8500,51,,P,PHI,ATL,,,,
6154,595191,Jerad Eickhoff,6800,5900,30,,P,PHI,ATL,,,,
6158,594798,Jacob deGrom,11500,9400,52,,P,NYM,WSH,,,,
6159,594835,Marco Gonzales,6500,5700,25,,P,SEA,HOU,,,,
6163,453265,Tony Watson,4000,5500,25,,P,SF,ARI,,,,
6165,593525,Orlando Calixte,2200,,,,SS,SF,ARI,,,,
6167,571666,Mike Fiers,6300,,30,,P,DET,BAL,,,,
6171,502624,Chase Anderson,7700,7500,40,,P,MIL,CIN,,,,
6173,543022,Tyler Chatwood,8500,7400,32,,P,CHC,STL,,,,
6174,474568,Jordy Mercer,3000,2700,9,,SS,PIT,COL,,,,
6177,451584,Wade Davis,4000,5500,25,,P,COL,PIT,,,,
6178,594809,Adam Eaton,4000,2000,7,,OF,WSH,NYM,,,,
6180,624577,Yasiel Puig,4600,3200,12,,OF,LAD,SD,,,,
6181,451089,Shane Peterson,2200,,,,OF,SD,LAD,,,,
6182,544727,Jeurys Familia,4000,5500,25,,P,NYM,WSH,,,,
6183,457803,Jay Bruce,4200,3100,16,,OF,NYM,WSH,,,,
6184,643393,Tony Kemp,2400,,,,OF,HOU,SEA,,,,
6188,519299,Eric Sogard,2700,2000,7,,2B,MIL,CIN,,,,
6189,460086,Alex Gordon,2900,,7,,OF,KC,TOR,,,,
53295,543652,Tyler Pill,4000,,,,P,ARI,SF,,,,
6195,570560,Carlos Sanchez,3200,2800,13,,3B,CWS,OAK,,,,
6196,605512,Preston Tucker,2900,3200,15,,OF,ATL,PHI,,,,
6198,607374,Nick Tropeano,5500,5800,27,,P,LAA,BOS,,,,
6200,523989,Rubby De La Rosa,5200,,,,P,ARI,SF,,,,
6203,518542,Juan Centeno,2400,2000,7,,C,TEX,TB,,,,
6204,598287,Noe Ramirez,4000,5500,25,,P,LAA,BOS,,,,
6205,544931,Stephen Strasburg,10800,10000,52,,P,WSH,NYM,,,,
6207,571788,Brock Holt,2900,2200,7,,2B,BOS,LAA,,,,
6209,592620,Jarrett Parker,2600,,,,OF,SF,ARI,,,,
6210,450212,Pat Neshek,4000,5500,25,,P,PHI,ATL,,,,
6215,518466,Jabari Blash,2700,,,,OF,LAA,BOS,,,,
55369,650828,Edgar Santana,4000,5500,25,,P,PIT,COL,,,,
6217,517369,Jose Pirela,3700,3100,15,,OF,SD,LAD,,,,
6218,573244,Adam Wilk,4000,,,,P,CLE,MIN,,,,
8269,518586,Charlie Culberson,2600,2200,7,,3B,ATL,PHI,,,,
8270,571757,Jeremy Hazelbaker,2800,,,,OF,ARI,SF,,,,
6223,502210,Josh Reddick,4100,3600,16,,OF,HOU,SEA,,,,
8273,596112,Robert Stephenson,4000,,,,P,CIN,MIL,,,,
6226,518934,DJ LeMahieu,4200,4000,17,,2B,COL,PIT,,,,
77906,605441,Yacksel Rios,4000,5500,25,,P,PHI,ATL,,,,
77908,643320,Nick Gardewine,,5500,,,P,TEX,TB,,,,
6234,434670,Hanley Ramirez,4600,3800,18,,1B,BOS,LAA,,,,
6240,592314,Mike Foltynewicz,6400,7700,28,,P,ATL,PHI,,,,
6241,452655,Denard Span,2800,2700,12,,OF,TB,TEX,,,,
6244,518452,Chad Bettis,6900,6000,28,,P,COL,PIT,,,,
75877,642083,Aaron Slegers,4500,,,,P,MIN,CLE,,,,
8300,548389,Ross Stripling,4000,5500,25,,P,LAD,SD,,,,
6255,455976,Nick Markakis,3200,3600,15,,OF,ATL,PHI,,,,
6258,592826,Vince Velasquez,7100,6900,32,,P,PHI,ATL,,,,
8308,649557,Aledmys Diaz,3300,,11,,SS,TOR,KC,,,,
6260,514913,Ruben Tejada,2300,,,,3B,BAL,DET,,,,
6264,488748,Ryan Buchter,4000,5500,25,,P,OAK,CWS,,,,
6266,581527,Devon Travis,3300,,7,,2B,TOR,KC,,,,
6272,596105,Dwight Smith Jr.,2100,,,,OF,TOR,KC,,,,
8323,608324,Alex Bregman,4300,4000,13,,3B,HOU,SEA,,,,
8324,642003,Cody Reed,4700,5500,25,,P,CIN,MIL,,,,
6276,542963,Rob Brantly,2000,,,,C,ATL,PHI,,,,
6277,527054,Julio Teheran,6400,6100,35,,P,ATL,PHI,,,,
8325,641924,Jacob Nottingham,2400,,11,,C,MIL,CIN,,,,
6278,150029,Jayson Werth,3000,,,,OF,SEA,HOU,,,,
8327,643256,Adam Cimber,4000,5500,25,,P,SD,LAD,,,,
6280,608703,Matt Reynolds,2400,2000,7,,3B,WSH,NYM,,,,
6281,458681,Lance Lynn,6600,7300,37,,P,MIN,CLE,,,,
6283,542340,Jonathan Villar,3400,2800,10,,2B,MIL,CIN,,,,
6284,444468,Hector Rondon,4000,5500,25,,P,HOU,SEA,,,,
8333,614173,Franchy Cordero,3500,2800,11,,OF,SD,LAD,,,,
8334,621002,Daniel Robertson,2900,2400,11,,2B,TB,TEX,,,,
6286,491703,Neftali Feliz,4000,,,,P,ARI,SF,,,,
6287,592836,Taijuan Walker,7700,7400,37,,P,ARI,SF,,,,
8335,623149,Paul Sewald,4000,5500,25,,P,NYM,WSH,,,,
8336,572114,Ryan Schimpf,,2600,,,3B,LAA,BOS,,,,
6289,628452,Raisel Iglesias,4000,5500,25,,P,CIN,MIL,,,,
6293,543424,John Lamb,4000,,,,P,LAA,BOS,,,,
8341,527049,Cesar Puello,3300,,,,OF,ARI,SF,,,,
6297,455759,Chris Young,2600,2600,7,,OF,LAA,BOS,,,,
8346,607473,Chasen Bradford,4000,5500,25,,P,SEA,HOU,,,,
6298,460077,Drew Butera,2300,,7,,C,KC,TOR,,,,
8347,543148,Tim Federowicz,2200,,,,C,HOU,SEA,,,,
6299,534606,Ryan LaMarre,2300,2000,7,,OF,MIN,CLE,,,,
53403,607215,Eric Skoglund,5200,,25,,P,KC,TOR,,,,
6300,461872,Anthony Swarzak,4000,5500,25,,P,NYM,WSH,,,,
6303,657145,Mark Zagunis,2500,,,,OF,CHC,STL,,,,
8353,605233,Derek Fisher,3200,2200,7,,OF,HOU,SEA,,,,
6305,592665,Addison Reed,4000,5500,25,,P,MIN,CLE,,,,
6306,572233,Christian Walker,2400,2000,7,,1B,ARI,SF,,,,
8355,622761,Jorge Mateo,2800,,,,SS,OAK,CWS,,,,
8357,641583,Dustin Fowler,2900,,,,OF,OAK,CWS,,,,
6310,523253,Logan Forsythe,3300,2000,7,,3B,LAD,SD,,,,
8358,574847,Rob Segedin,2500,,,,3B,LAD,SD,,,,
8359,621433,Brett Phillips,2500,2000,,,OF,MIL,CIN,,,,
8361,592669,Hunter Renfroe,3600,3000,11,,OF,SD,LAD,,,,
6314,503449,Wily Peralta,4000,,,,P,KC,TOR,,,,
6318,608701,Rob Refsnyder,2100,2000,7,,OF,TB,TEX,,,,
6319,446099,John Axford,4000,,25,,P,TOR,KC,,,,
6320,519076,Jimmy Nelson,8000,7000,35,,P,MIL,CIN,,,,
6321,430641,Blaine Boyer,4000,,25,,P,KC,TOR,,,,
8370,666783,Yusniel Diaz,2500,,,,OF,LAD,SD,,,,
8371,572669,Lane Adams,2900,2300,7,,OF,ATL,PHI,,,,
55476,605254,Daniel Gossett,5000,5500,,,P,OAK,CWS,,,,
6325,570256,Gregory Polanco,5000,4500,16,,OF,PIT,COL,,,,
6327,534910,Jesse Hahn,5000,,26,,P,KC,TOR,,,,
6329,453568,Charlie Blackmon,5200,4600,26,,OF,COL,PIT,,,,
6332,429664,Robinson Cano,4100,4000,16,,2B,SEA,HOU,,,,
8380,624428,Adam Frazier,3300,2200,7,,OF,PIT,COL,,,,
6333,543590,Kirk Nieuwenhuis,2300,,,,OF,SEA,HOU,,,,
8382,643396,Isiah Kiner-Falefa,2500,2100,7,,2B,TEX,TB,,,,
6336,453178,Ian Kennedy,7600,,36,,P,KC,TOR,,,,
8386,605357,Mike Marjama,2100,2100,7,,C,SEA,HOU,,,,
6338,572365,Ryan Goins,2400,,9,,2B,KC,TOR,,,,
6340,519144,Rick Porcello,7700,8400,43,,P,BOS,LAA,,,,
6341,467827,Gerardo Parra,2900,2500,8,,OF,COL,PIT,,,,
8391,656305,Matt Chapman,4400,4200,22,,3B,OAK,CWS,,,,
6344,542921,Tim Beckham,3100,,8,,3B,BAL,DET,,,,
6346,596847,Ji-Man Choi,2500,2100,,,1B,MIL,CIN,,,,
6347,572140,Tyler Skaggs,6900,7100,35,,P,LAA,BOS,,,,
6350,545338,Nick Franklin,2100,,,,2B,MIL,CIN,,,,
8400,642008,Jacob Rhame,,5500,,,P,NYM,WSH,,,,
6353,501822,Chris Hatcher,4000,5500,25,,P,OAK,CWS,,,,
8402,543089,Taylor Davis,2100,,,,1B,CHC,STL,,,,
6355,580792,Nick Goody,4000,5500,25,,P,CLE,MIN,,,,
6356,573109,A.J. Ramos,4000,5500,25,,P,NYM,WSH,,,,
6357,519240,Marc Rzepczynski,4000,5500,25,,P,SEA,HOU,,,,
6358,429722,Ervin Santana,9000,7000,39,,P,MIN,CLE,,,,
8409,500874,Jose Martinez,3600,3800,17,,1B,STL,CHC,,,,
8411,607536,Kyle Freeland,6700,5800,29,,P,COL,PIT,,,,
8413,607732,Jacob Stallings,2600,,,,C,PIT,COL,,,,
6370,607297,O'Koyea Dickson,2300,,,,1B,LAD,SD,,,,
8418,622194,Bruce Maxwell,2800,2200,9,,C,OAK,CWS,,,,
6371,547172,Tony Wolters,2700,2000,7,,C,COL,PIT,,,,
8419,570240,Felix Pena,,5500,,,P,LAA,BOS,,,,
8420,575929,Willson Contreras,4100,3400,15,,C,CHC,STL,,,,
51428,451192,Jim Adduci,2300,,,,OF,DET,BAL,,,,
6378,467793,Carlos Santana,4300,3500,11,,1B,PHI,ATL,,,,
6379,545358,Max Stassi,2900,2300,9,,C,HOU,SEA,,,,
6381,608070,Jose Ramirez,4600,4100,14,,3B,CLE,MIN,,,,
6383,519390,Stephen Vogt,3000,2000,7,,C,MIL,CIN,,,,
6385,641355,Cody Bellinger,4500,4000,18,,1B,LAD,SD,,,,
6386,501981,Khris Davis,4600,4100,21,,OF,OAK,CWS,,,,
6390,425783,Shin-Soo Choo,3300,2700,12,,OF,TEX,TB,,,,
8444,595751,Jorge Alfaro,3100,2100,9,,C,PHI,ATL,,,,
6396,400085,Ichiro Suzuki,2400,2100,7,,OF,SEA,HOU,,,,
6399,519295,Jake Smolinski,2600,2000,7,,OF,OAK,CWS,,,,
6400,605400,Aaron Nola,10400,8800,48,,P,PHI,ATL,,,,
6403,596143,Luis Sardinas,2700,,,,3B,BAL,DET,,,,
6405,593958,Eduardo Rodriguez,8500,6900,35,,P,BOS,LAA,,,,
6406,472610,Luis Garcia,4000,5500,25,,P,PHI,ATL,,,,
6414,570267,Domingo Santana,3900,2800,17,,OF,MIL,CIN,,,,
6415,461865,Andrew Romine,2400,2000,7,,OF,SEA,HOU,,,,
6416,458690,Chris Volstad,4000,5500,25,,P,CWS,OAK,,,,
8465,571830,Tommy Joseph,2600,,,,1B,TEX,TB,,,,
8467,640463,Braden Shipley,5000,,,,P,ARI,SF,,,,
6419,518626,Josh Donaldson,5000,,7,,3B,TOR,KC,,,,
8469,608597,Ronald Guzman,2900,2400,16,,1B,TEX,TB,,,,
6423,593428,Xander Bogaerts,4000,2000,7,,SS,BOS,LAA,,,,
6426,455117,Martin Maldonado,2700,2600,7,,C,LAA,BOS,,,,
6430,518902,Pete Kozma,2200,,,,2B,DET,BAL,,,,
8479,596271,Casey Lawrence,4000,5500,,,P,SEA,HOU,,,,
8481,595284,Andrew Knapp,2900,2200,7,,C,PHI,ATL,,,,
6435,595032,Chase Whitley,4500,5500,25,,P,ATL,PHI,,,,
6436,448178,Kevin Jepsen,4000,5500,25,,P,TEX,TB,,,,
6437,541640,Erasmo Ramirez,5500,6100,32,,P,SEA,HOU,,,,
6443,543760,Marcus Semien,3200,3500,16,,SS,OAK,CWS,,,,
6444,450203,Charlie Morton,10800,9600,41,,P,HOU,SEA,,,,
8492,608061,T.J. Rivera,2700,2000,7,,2B,NYM,WSH,,,,
8493,657610,Trevor Hildenberger,4000,5500,25,,P,MIN,CLE,,,,
6447,592866,Trevor Williams,6700,6800,25,,P,PIT,COL,,,,
8495,593528,Jorge Bonifacio,3200,,,,OF,KC,TOR,,,,
6450,543228,Yan Gomes,3000,2600,9,,C,CLE,MIN,,,,
8499,474039,Pedro Beato,4000,,,,P,PHI,ATL,,,,
6451,489149,Logan Morrison,3000,2200,7,,1B,MIN,CLE,,,,
8501,622658,Emerson Jimenez,2700,,,,OF,CWS,OAK,,,,
6455,592206,Nick Castellanos,4500,,18,,OF,DET,BAL,,,,
8505,595426,Brock Stassi,2200,,,,1B,MIN,CLE,,,,
6459,594742,Alec Asher,4300,,,,P,LAD,SD,,,,
6460,519025,Will Middlebrooks,2100,,,,3B,PHI,ATL,,,,
6462,434604,Michael Morse,2300,,,,1B,SF,ARI,,,,
8510,656945,Tanner Scott,4000,,,,P,BAL,DET,,,,
6463,408314,Jose Reyes,2700,2000,7,,SS,NYM,WSH,,,,
6464,543557,Mike Montgomery,4000,5500,25,,P,CHC,STL,,,,
6465,624424,Michael Conforto,4700,3900,18,,OF,NYM,WSH,,,,
6466,453943,Todd Frazier,4400,4100,17,,3B,NYM,WSH,,,,
6470,452095,Tyler Flowers,2900,2000,7,,C,ATL,PHI,,,,
8518,593527,Ramon Torres,2800,,,,2B,KC,TOR,,,,
6471,501925,Joe Smith,4000,5500,25,,P,HOU,SEA,,,,
8519,621289,Jaime Schultz,5000,,,,P,TB,TEX,,,,
8520,624636,Carlos Tocci,2200,2000,7,,OF,TEX,TB,,,,
6473,543726,Robbie Ross Jr.,4000,,,,P,CWS,OAK,,,,
6475,475582,Ryan Zimmerman,4000,2600,10,,1B,WSH,NYM,,,,
6476,607352,Joe Biagini,4400,,29,,P,TOR,KC,,,,
55629,605540,Brandon Woodruff,5700,5500,,,P,MIL,CIN,,,,
6477,572227,Zach Vincej,2200,,,,SS,SEA,HOU,,,,
6478,553878,Felipe Rivero,4000,5500,25,,P,PIT,COL,,,,
6479,547982,Leonys Martin,3300,,9,,OF,DET,BAL,,,,
6480,425844,Zack Greinke,11300,9000,51,,P,ARI,SF,,,,
6484,456715,Lorenzo Cain,4300,3000,18,,OF,MIL,CIN,,,,
6485,607231,John Gant,4000,,,,P,STL,CHC,,,,
6488,545333,Trevor Bauer,8800,8900,41,,P,CLE,MIN,,,,
8536,641838,Kevin McCarthy,4000,,25,,P,KC,TOR,,,,
6489,553869,Elias Diaz,2500,2200,7,,C,PIT,COL,,,,
6490,572971,Dallas Keuchel,9400,8100,48,,P,HOU,SEA,,,,
8542,656555,Rhys Hoskins,5100,4800,21,,OF,PHI,ATL,,,,
6496,596115,Trevor Story,3700,2900,14,,SS,COL,PIT,,,,
8545,620439,Franklin Barreto,3000,2000,,,SS,OAK,CWS,,,,
69984,644428,Troy Scribner,5000,,,,P,LAA,BOS,,,,
8546,641343,Jake Bauers,2400,,,,1B,TB,TEX,,,,
6498,572888,Shane Greene,4000,,25,,P,DET,BAL,,,,
8547,664068,Scott Kingery,4100,4000,18,,SS,PHI,ATL,,,,
6500,456034,David Price,10300,8000,42,,P,BOS,LAA,,,,
6501,520980,Pedro Baez,4000,5500,25,,P,LAD,SD,,,,
6502,519267,Evan Scribner,4000,,,,P,TB,TEX,,,,
6503,502082,Lonnie Chisenhall,3100,2000,7,,OF,CLE,MIN,,,,
6506,592570,Akeel Morris,,5500,,,P,LAA,BOS,,,,
6507,518468,Michael Blazek,4000,,,,P,ARI,SF,,,,
6511,592261,Delino DeShields,3100,2000,7,,OF,TEX,TB,,,,
8559,571882,Derek Law,4000,5500,25,,P,SF,ARI,,,,
6513,462101,Elvis Andrus,3300,2000,7,,SS,TEX,TB,,,,
6520,605338,Jacob Lindgren,4000,5500,25,,P,ATL,PHI,,,,
8569,519393,Marcus Walden,4000,5500,25,,P,BOS,LAA,,,,
6524,455104,Chris Iannetta,3300,2200,13,,C,COL,PIT,,,,
8573,622097,Jake Thompson,5000,5500,,,P,PHI,ATL,,,,
8574,641487,J.P. Crawford,3100,2700,7,,SS,PHI,ATL,,,,
8575,620446,Richard Urena,3200,,,,SS,TOR,KC,,,,
6529,605486,Cory Spangenberg,3100,2300,8,,3B,SD,LAD,,,,
8579,657681,Kyle McGrath,4000,5500,25,,P,SD,LAD,,,,
8581,608654,Johnny Field,2600,2100,10,,OF,TB,TEX,,,,
6534,446386,Brandon Guyer,2900,2000,7,,OF,CLE,MIN,,,,
6535,445276,Kenley Jansen,4000,5500,25,,P,LAD,SD,,,,
6536,605177,Andrew Chafin,4000,5500,25,,P,ARI,SF,,,,
8586,606965,Chris Devenski,4000,5500,25,,P,HOU,SEA,,,,
6540,453284,Blake Parker,4000,5500,25,,P,LAA,BOS,,,,
8590,456167,A.J. Griffin,5000,,,,P,NYM,WSH,,,,
6545,571841,Ty Kelly,2400,,,,2B,NYM,WSH,,,,
6546,588751,Adeiny Hechavarria,2800,2000,7,,SS,TB,TEX,,,,
6550,592518,Manny Machado,5000,,18,,SS,BAL,DET,,,,
6554,516969,Kelvin Herrera,4000,,25,,P,KC,TOR,,,,
6559,502570,Rocky Gale,2300,,,,C,LAD,SD,,,,
8607,543532,Tim Melville,4000,,,,P,BAL,DET,,,,
6561,594576,Jacob May,2000,,,,OF,CWS,OAK,,,,
6563,502054,Tommy Pham,4700,4400,22,,OF,STL,CHC,,,,
8614,605480,Mallex Smith,3000,2900,12,,OF,TB,TEX,,,,
6566,571473,Buddy Baumann,,5500,,,P,SD,LAD,,,,
6567,592192,Mark Canha,2800,2400,10,,OF,OAK,CWS,,,,
78249,621345,A.J. Minter,4000,5500,25,,P,ATL,PHI,,,,
6569,543105,Alex Dickerson,2800,2000,7,,OF,SD,LAD,,,,
8619,573124,Taylor Rogers,4000,5500,25,,P,MIN,CLE,,,,
6571,407822,Jorge De La Rosa,4000,5500,25,,P,ARI,SF,,,,
6573,518693,Sam Freeman,4000,5500,25,,P,ATL,PHI,,,,
6574,521692,Salvador Perez,3200,,14,,C,KC,TOR,,,,
8624,593523,Marco Hernandez,2800,2000,7,,SS,BOS,LAA,,,,
6577,475115,Tyson Ross,5000,6600,32,,P,SD,LAD,,,,
6578,605288,Adrian Houser,,5500,,,P,MIL,CIN,,,,
6579,502381,Luke Gregerson,4000,5500,25,,P,STL,CHC,,,,
6580,544928,Tyler Lyons,4000,5500,25,,P,STL,CHC,,,,
6581,607074,Carlos Rodon,7500,6200,34,,P,CWS,OAK,,,,
6583,543734,Chris Rusin,4000,5500,25,,P,COL,PIT,,,,
6586,458913,Eric Young Jr.,2300,,,,OF,LAA,BOS,,,,
6587,541645,Avisail Garcia,3500,2900,13,,OF,CWS,OAK,,,,
6588,621563,Joey Wendle,2800,2800,9,,2B,TB,TEX,,,,
6590,623430,Ryan Dull,4000,5500,25,,P,OAK,CWS,,,,
6592,477569,Fernando Salas,4000,5500,25,,P,ARI,SF,,,,
6594,571561,Tony Cingrani,4000,5500,25,,P,LAD,SD,,,,
6595,608678,Dominic Leone,4000,5500,25,,P,STL,CHC,,,,
6601,431145,Russell Martin,3400,,10,,C,TOR,KC,,,,
6602,592717,Aaron Sanchez,6600,,38,,P,TOR,KC,,,,
6603,572096,Trevor Rosenthal,4000,,,,P,STL,CHC,,,,
6605,546318,Odubel Herrera,4000,3400,15,,OF,PHI,ATL,,,,
6606,592200,Curt Casali,2600,,,,C,TB,TEX,,,,
6609,593934,Miguel Sano,4000,3700,17,,3B,MIN,CLE,,,,
6611,544725,Leury Garcia,2800,2100,8,,OF,CWS,OAK,,,,
8659,608032,Carlos Estevez,4000,5500,25,,P,COL,PIT,,,,
6612,518617,Jake Diekman,4000,5500,25,,P,TEX,TB,,,,
6614,641755,Tyler Kinley,4000,5500,25,,P,MIN,CLE,,,,
8662,605483,Blake Snell,8500,7100,39,,P,TB,TEX,,,,
6617,459964,Matt Joyce,3400,2900,16,,OF,OAK,CWS,,,,
8667,594760,Aaron Blair,5000,,,,P,ATL,PHI,,,,
6619,542454,Danny Santana,2400,,,,OF,ATL,PHI,,,,
6622,571466,Tucker Barnhart,3500,2600,14,,C,CIN,MIL,,,,
6623,460576,Carlos Gomez,3800,2700,10,,OF,TB,TEX,,,,
6625,547179,Michael Lorenzen,4000,5500,25,,P,CIN,MIL,,,,
6627,571656,Buck Farmer,4300,,25,,P,DET,BAL,,,,
6629,532077,Roberto Osuna,4000,,25,,P,TOR,KC,,,,
6630,621385,Daniel Stumpf,4000,,25,,P,DET,BAL,,,,
6631,543768,Travis Shaw,3600,3300,18,,3B,MIL,CIN,,,,
6634,543038,Dusty Coleman,2600,,,,3B,SD,LAD,,,,
6635,607345,Kevan Smith,2700,2000,7,,C,CWS,OAK,,,,
8684,592811,Andrew Triggs,8500,7900,32,,P,OAK,CWS,,,,
6636,453385,Clayton Richard,5500,6000,30,,P,SD,LAD,,,,
6637,600303,Tommy La Stella,2400,2500,7,,3B,CHC,STL,,,,
6640,518715,Cory Gearrin,4000,5500,25,,P,SF,ARI,,,,
6642,543542,Alex Meyer,5000,5500,32,,P,LAA,BOS,,,,
8695,621244,Jose Berrios,11000,9400,47,,P,MIN,CLE,,,,
6653,608700,Kevin Plawecki,2800,2000,7,,C,NYM,WSH,,,,
6654,457477,Alejandro De Aza,2000,,,,OF,WSH,NYM,,,,
8705,640455,Sean Manaea,8600,8500,33,,P,OAK,CWS,,,,
8706,605242,Michael Fulmer,7700,,36,,P,DET,BAL,,,,
6661,461829,Gio Gonzalez,10200,8700,47,,P,WSH,NYM,,,,
6662,518960,Jonathan Lucroy,3300,2500,11,,C,OAK,CWS,,,,
6663,624585,Jorge Soler,3100,,7,,OF,KC,TOR,,,,
6667,523260,Joe Kelly,4000,5500,25,,P,BOS,LAA,,,,
6669,425784,Rene Rivera,2700,2700,11,,C,LAA,BOS,,,,
6670,519141,Drew Pomeranz,8100,7600,41,,P,BOS,LAA,,,,
6672,475247,Ryan Flaherty,3100,3100,9,,3B,ATL,PHI,,,,
6675,543118,Oliver Drake,4000,5500,25,,P,MIL,CIN,,,,
6683,599096,Dilson Herrera,2300,,,,2B,CIN,MIL,,,,
6684,598264,Matt Barnes,4000,5500,25,,P,BOS,LAA,,,,
6687,595978,Austin Hedges,2900,2100,8,,C,SD,LAD,,,,
8735,594943,Zach Neal,,5500,,,P,LAD,SD,,,,
8738,607185,Clayton Blackburn,4000,5500,25,,P,TEX,TB,,,,
6692,571800,Drew Hutchison,4000,5500,25,,P,PHI,ATL,,,,
8740,456713,Matt Bush,5600,5500,25,,P,TEX,TB,,,,
6694,491696,Jesus Sucre,2300,2400,8,,C,TB,TEX,,,,
6695,460269,Chris Gimenez,2400,,,,C,CHC,STL,,,,
6696,595014,Blake Treinen,4000,5500,25,,P,OAK,CWS,,,,
8744,600301,Taylor Motter,2700,2300,7,,OF,SEA,HOU,,,,
6697,534812,Kevin Quackenbush,4000,5500,25,,P,CIN,MIL,,,,
6700,448855,Junior Guerra,5500,6500,26,,P,MIL,CIN,,,,
8748,593700,Alen Hanson,2600,,,,2B,SF,ARI,,,,
6701,452657,Jon Lester,9400,8300,39,,P,CHC,STL,,,,
76334,623993,Anthony Santander,2900,,7,,OF,BAL,DET,,,,
6704,474699,Vance Worley,4000,,,,P,CIN,MIL,,,,
8754,605182,Mike Clevinger,9500,8100,35,,P,CLE,MIN,,,,
6706,453064,Troy Tulowitzki,3300,,7,,SS,TOR,KC,,,,
6708,542882,Matt Andriese,5400,5500,25,,P,TB,TEX,,,,
6712,572191,Michael Taylor,2900,2800,11,,OF,WSH,NYM,,,,
6713,592390,Heath Hembree,4000,5500,25,,P,BOS,LAA,,,,
6714,572362,Robbie Erlin,4600,5500,25,,P,SD,LAD,,,,
10812,608331,Max Fried,4000,,,,P,ATL,PHI,,,,
8766,607320,Ryan Merritt,4000,5500,33,,P,CLE,MIN,,,,
6718,571918,Deven Marrero,2700,2100,7,,3B,ARI,SF,,,,
8767,642229,Daniel Wright,4000,,,,P,CIN,MIL,,,,
51775,643410,Mark Leiter,5500,5500,30,,P,PHI,ATL,,,,
6719,543308,John Hicks,2700,,8,,1B,DET,BAL,,,,
82497,627894,Luiz Gohara,5600,7000,29,,P,ATL,PHI,,,,
8775,542947,Richard Bleier,4000,,25,,P,BAL,DET,,,,
6728,456501,Johnny Cueto,8500,8100,40,,P,SF,ARI,,,,
8778,595777,Jurickson Profar,2900,2300,7,,SS,TEX,TB,,,,
8779,628711,Julio Urias,5000,6000,25,,P,LAD,SD,,,,
6731,425794,Adam Wainwright,6300,6200,32,,P,STL,CHC,,,,
8780,608717,Chris Stratton,4800,6200,36,,P,SF,ARI,,,,
6733,475174,Yonder Alonso,4000,2900,8,,1B,CLE,MIN,,,,
6735,455755,Chris Stewart,2700,2200,,,C,ATL,PHI,,,,
6736,611093,Silvino Bracho,4000,5500,25,,P,ARI,SF,,,,
6737,519203,Anthony Rizzo,4800,3900,16,,1B,CHC,STL,,,,
8786,606930,Jacob Barnes,4000,5500,25,,P,MIL,CIN,,,,
10835,666925,Kyle Lewis,2500,,,,OF,SEA,HOU,,,,
8787,621242,Edwin Diaz,4000,5500,25,,P,SEA,HOU,,,,
6739,630111,Yasmany Tomas,3700,,,,OF,ARI,SF,,,,
80469,571679,David Freitas,2500,2100,7,,C,SEA,HOU,,,,
8789,592791,Jameson Taillon,8200,9100,36,,P,PIT,COL,,,,
8791,641501,Tyler Danish,4000,,,,P,CWS,OAK,,,,
8792,608638,J.T. Chargois,4000,5500,25,,P,LAD,SD,,,,
8793,596043,Daniel Mengden,5900,6600,25,,P,OAK,CWS,,,,
6745,451775,Fernando Rodriguez,4000,,,,P,CHC,STL,,,,
8796,621107,Zach Eflin,4900,,,,P,PHI,ATL,,,,
6750,570731,Jonathan Schoop,3800,,7,,2B,BAL,DET,,,,
6753,488726,Michael Brantley,3700,3200,10,,OF,CLE,MIN,,,,
10852,621052,Alex Reyes,6500,6500,25,,P,STL,CHC,,,,
6758,518692,Freddie Freeman,5100,4600,23,,1B,ATL,PHI,,,,
10857,608718,Brent Suter,6200,6000,29,,P,MIL,CIN,,,,
6761,134181,Adrian Beltre,3300,3000,14,,3B,TEX,TB,,,,
6762,592789,Noah Syndergaard,12300,10800,55,,P,NYM,WSH,,,,
6766,491676,Gorkys Hernandez,2800,2000,7,,OF,SF,ARI,,,,
6770,621199,Matt Bowman,4000,5500,25,,P,STL,CHC,,,,
6772,543829,Dee Gordon,3900,3300,18,,OF,SEA,HOU,,,,
6774,446481,Sean Rodriguez,2400,2200,8,,2B,PIT,COL,,,,
6775,435043,Zach Duke,4000,5500,25,,P,MIN,CLE,,,,
6776,518735,Yasmani Grandal,3800,3500,15,,C,LAD,SD,,,,
8824,592716,Adrian Sampson,4000,,,,P,TEX,TB,,,,
6782,471083,Miguel Montero,2300,2000,,,C,WSH,NYM,,,,
6783,592592,Brett Nicholas,2600,,,,C,TEX,TB,,,,
8831,519344,Nick Tepesch,4000,,,,P,TOR,KC,,,,
6784,605232,Brandon Finnegan,5500,5500,30,,P,CIN,MIL,,,,
8832,453281,Wade LeBlanc,4000,5500,25,,P,SEA,HOU,,,,
8833,592614,Dillon Overton,4000,,,,P,SD,LAD,,,,
6787,435079,Ian Kinsler,4200,3800,18,,2B,LAA,BOS,,,,
8836,591693,Edubray Ramos,4000,5500,25,,P,PHI,ATL,,,,
6789,554340,Yimi Garcia,4000,5500,25,,P,LAD,SD,,,,
8837,607223,A.J. Reed,2700,,,,1B,HOU,SEA,,,,
8839,641771,Chad Kuhl,7300,6600,31,,P,PIT,COL,,,,
6792,506703,Adrian Sanchez,2300,,,,2B,WSH,NYM,,,,
6793,605137,Josh Bell,4000,3700,16,,1B,PIT,COL,,,,
6795,542908,Jett Bandy,2900,2100,9,,C,MIL,CIN,,,,
8843,608337,Lucas Giolito,6300,6600,38,,P,CWS,OAK,,,,
6797,594807,Adam Duvall,4000,2500,8,,OF,CIN,MIL,,,,
8847,592779,Brock Stewart,4000,,,,P,LAD,SD,,,,
6799,461314,Matt Kemp,3900,2700,11,,OF,LAD,SD,,,,
8848,606959,Rookie Davis,5000,5500,25,,P,CIN,MIL,,,,
6800,596144,Cheslor Cuthbert,3100,,7,,3B,KC,TOR,,,,
6802,606466,Ketel Marte,3400,2500,14,,2B,ARI,SF,,,,
8850,543483,Matt Magill,4000,,,,P,MIN,CLE,,,,
6803,605200,Zach Davies,6700,7400,35,,P,MIL,CIN,,,,
8852,607237,Amir Garrett,5500,5500,25,,P,CIN,MIL,,,,
6805,621559,Max Moroff,2500,2000,8,,SS,PIT,COL,,,,
6806,453286,Max Scherzer,12400,11700,60,,P,WSH,NYM,,,,
8855,606167,Adalberto Mejia,5500,,,,P,MIN,CLE,,,,
8856,605195,Kyle Crick,4000,5500,25,,P,PIT,COL,,,,
8857,542642,Rymer Liriano,2000,,,,OF,LAA,BOS,,,,
8860,570481,Erik Gonzalez,3000,2000,7,,2B,CLE,MIN,,,,
8861,571718,Brian Goodwin,3000,2400,12,,OF,WSH,NYM,,,,
8862,501985,Mike Minor,4800,6400,25,,P,TEX,TB,,,,
6814,622168,Yairo Munoz,2500,2100,,,3B,STL,CHC,,,,
8864,572143,Burch Smith,4000,,25,,P,KC,TOR,,,,
6818,489334,Craig Stammen,4000,5500,25,,P,SD,LAD,,,,
8867,607192,Tyler Glasnow,6900,5700,25,,P,PIT,COL,,,,
8868,605260,Taylor Guerrieri,4000,,,,P,TOR,KC,,,,
8869,592468,Nick Kingham,4700,,,,P,PIT,COL,,,,
6823,605388,Adam Morgan,4300,5500,25,,P,PHI,ATL,,,,
8871,593679,Gabriel Ynoa,4400,,25,,P,BAL,DET,,,,
8872,607229,Robert Gsellman,5500,5500,25,,P,NYM,WSH,,,,
8873,622092,Kyle Zimmer,4000,,,,P,KC,TOR,,,,
8874,591994,Willy Garcia,2500,,,,OF,CWS,OAK,,,,
6826,641553,Adam Engel,3000,2000,7,,OF,CWS,OAK,,,,
6829,543094,Jaff Decker,2000,,,,OF,ATL,PHI,,,,
8878,572955,Pierce Johnson,4000,5500,25,,P,SF,ARI,,,,
8879,622608,Antonio Senzatela,5800,5500,25,,P,COL,PIT,,,,
6831,455139,Robinson Chirinos,3100,2500,10,,C,TEX,TB,,,,
8880,605194,Jharel Cotton,6400,6200,25,,P,OAK,CWS,,,,
6832,543807,George Springer,5000,4400,15,,OF,HOU,SEA,,,,
8883,622505,Victor Alcantara,4000,,,,P,DET,BAL,,,,
8884,606132,Raimel Tapia,2700,,,,OF,COL,PIT,,,,
8885,600524,Renato Nunez,2600,2000,7,,OF,TEX,TB,,,,
6837,600869,Jeimer Candelario,3400,,11,,3B,DET,BAL,,,,
8886,596129,Daniel Vogelbach,2900,2600,7,,1B,SEA,HOU,,,,
6842,457787,Danny Espinosa,2500,,,,2B,TOR,KC,,,,
8893,570810,Lisalverto Bonilla,4000,,,,P,CLE,MIN,,,,
8903,607625,Seth Lugo,5100,5500,25,,P,NYM,WSH,,,,
8917,664641,Ariel Miranda,5500,5700,28,,P,SEA,HOU,,,,
8920,593969,Jayson Aquino,4000,,,,P,BAL,DET,,,,
8921,643230,Steven Brault,5400,5600,25,,P,PIT,COL,,,,
8924,600917,Jose Leclerc,,5500,,,P,TEX,TB,,,,
8929,553882,Omar Narvaez,2500,2100,10,,C,CWS,OAK,,,,
8935,571670,Dylan Floro,4000,5500,25,,P,CIN,MIL,,,,
8946,592808,Andrew Toles,2500,,,,OF,LAD,SD,,,,
8950,608334,Carson Fulmer,4900,6300,27,,P,CWS,OAK,,,,
8954,493329,Yulieski Gurriel,4100,3500,12,,1B,HOU,SEA,,,,
8956,502273,Mike Freeman,2500,,,,OF,CHC,STL,,,,
8957,492802,Juan Graterol,2200,,,,C,LAA,BOS,,,,
8958,625643,Reynaldo Lopez,8100,7300,25,,P,CWS,OAK,,,,
8959,606983,Koda Glover,4000,5500,25,,P,WSH,NYM,,,,
8960,594795,Grant Dayton,5000,5500,25,,P,ATL,PHI,,,,
8962,621389,Ty Blach,6100,5800,27,,P,SF,ARI,,,,
8974,595943,Phillip Evans,2200,2000,,,3B,NYM,WSH,,,,
8979,608385,Jesse Winker,3200,2600,9,,OF,CIN,MIL,,,,
8999,643290,Justin Dunn,4000,,,,P,NYM,WSH,,,,
92983,639373,Gerson Bautista,4000,,,,P,NYM,WSH,,,,
92984,621261,Corey Oswalt,,5500,,,P,NYM,WSH,,,,
92987,605276,David Hess,4000,,,,P,BAL,DET,,,,
9020,643355,Steve Hathaway,4000,,,,P,ARI,SF,,,,
92988,642759,Julian Fernandez,4000,5500,25,,P,SF,ARI,,,,
9021,595296,Chris Lee,4000,,,,P,BAL,DET,,,,
92991,650959,Marcos Diplan,4000,,,,P,MIL,CIN,,,,
92992,624427,Stephen Gonsalves,4000,,,,P,MIN,CLE,,,,
92994,642397,Gregory Soto,4300,,,,P,DET,BAL,,,,
92997,643478,Joe Palumbo,,5500,25,,P,TEX,TB,,,,
92996,641703,Brent Honeywell,4000,,,,P,TB,TEX,,,,
92999,606478,Pedro Araujo,4000,,25,,P,BAL,DET,,,,
92998,628318,Kaz Makita,4000,5500,25,,P,SD,LAD,,,,
4938,595918,A.J. Cole,5500,5800,25,,P,WSH,NYM,,,,
93002,605513,Spencer Turnbull,4000,,,,P,DET,BAL,,,,
93005,624420,Ian Clarkin,4000,,,,P,CWS,OAK,,,,
4943,594988,Scott Schebler,3400,2000,11,,OF,CIN,MIL,,,,
93006,630023,Yonny Chirinos,4300,6000,25,,P,TB,TEX,,,,
4944,592879,Asher Wojciechowski,4000,,,,P,BAL,DET,,,,
9041,640447,Phillip Ervin,2500,2100,7,,OF,CIN,MIL,,,,
93008,642558,Ariel Jurado,4000,,,,P,TEX,TB,,,,
93012,642545,Jaime Barria,5300,5600,,,P,LAA,BOS,,,,
9045,624414,Christian Arroyo,2900,,,,3B,TB,TEX,,,,
93014,642584,Franklyn Kilome,4000,,,,P,PHI,ATL,,,,
4952,476451,Jeremy Hellickson,4900,5500,28,,P,WSH,NYM,,,,
4953,457429,Boone Logan,4000,5500,25,,P,MIL,CIN,,,,
9049,605204,J.D. Davis,2700,2200,,,1B,HOU,SEA,,,,
4954,453172,Jared Hughes,4000,5500,25,,P,CIN,MIL,,,,
4955,400284,Chase Utley,2800,2900,11,,2B,LAD,SD,,,,
93018,642601,Oscar De La Cruz,4000,,,,P,CHC,STL,,,,
93021,641745,Brad Keller,,,25,,P,KC,TOR,,,,
9053,608328,Chase De Jong,5000,,,,P,SEA,HOU,,,,
4958,452678,Asdrubal Cabrera,3800,3600,17,,2B,NYM,WSH,,,,
4960,448281,Sean Doolittle,4000,5500,25,,P,WSH,NYM,,,,
93025,650813,Luis Escobar,5300,,,,P,PIT,COL,,,,
9056,572958,Zack Jones,4000,,,,P,MIN,CLE,,,,
93027,621142,Ty Buttrey,4000,,,,P,BOS,LAA,,,,
93029,645307,Ricardo Sanchez,4000,,,,P,ATL,PHI,,,,
9060,642086,Dominic Smith,2500,2000,,,1B,NYM,WSH,,,,
4969,457789,Jemile Weeks,2300,,,,2B,CHC,STL,,,,
4970,445213,Brandon Kintzler,4000,5500,25,,P,WSH,NYM,,,,
93034,642232,Ryan Yarbrough,5300,5500,25,,P,TB,TEX,,,,
4971,543548,Tommy Milone,4000,,,,P,WSH,NYM,,,,
4972,489265,Sergio Romo,4000,5500,25,,P,TB,TEX,,,,
4973,592815,Sam Tuivailala,4000,5500,25,,P,STL,CHC,,,,
93039,672335,Cionel Perez,4000,,,,P,HOU,SEA,,,,
4975,408234,Miguel Cabrera,4100,,10,,1B,DET,BAL,,,,
4976,592135,Cam Bedrosian,4000,5500,25,,P,LAA,BOS,,,,
93041,605155,Colten Brewer,,5500,,,P,SD,LAD,,,,
4978,605131,Austin Barnes,3400,2200,7,,C,LAD,SD,,,,
4979,519263,A.J. Schugel,4000,5500,25,,P,PIT,COL,,,,
4981,467092,Wilson Ramos,2800,2000,7,,C,TB,TEX,,,,
93044,673633,Yoshihisa Hirano,4000,5500,25,,P,ARI,SF,,,,
4982,517414,Randall Delgado,4000,5900,25,,P,ARI,SF,,,,
93047,656685,Brett Martin,4000,,,,P,TEX,TB,,,,
93051,571945,Miles Mikolas,7300,6200,31,,P,STL,CHC,,,,
93053,656222,Jalen Beeks,4200,,,,P,BOS,LAA,,,,
9084,608348,Carson Kelly,2500,,,,C,STL,CHC,,,,
4988,543510,James McCann,2900,,7,,C,DET,BAL,,,,
9086,572000,Mike Ohlman,2600,,,,C,BOS,LAA,,,,
4990,446359,Zack Cozart,4200,4000,17,,SS,LAA,BOS,,,,
4992,518792,Jason Heyward,2900,3000,7,,OF,CHC,STL,,,,
4993,493596,Gordon Beckham,2500,,,,2B,SEA,HOU,,,,
4995,572033,Josh Phegley,2600,2000,7,,C,OAK,CWS,,,,
93058,640470,Adbert Alzolay,4000,,,,P,CHC,STL,,,,
9096,594311,Jandel Gustave,4000,5500,25,,P,HOU,SEA,,,,
5000,500207,Jhonatan Solano,2300,2000,7,,C,WSH,NYM,,,,
5005,547943,Hyun-Jin Ryu,9700,7200,37,,P,LAD,SD,,,,
5006,489446,Kirby Yates,4000,5500,25,,P,SD,LAD,,,,
5007,571760,Andrew Heaney,5600,6000,31,,P,LAA,BOS,,,,
27537,622075,Yency Almonte,4300,,,,P,COL,PIT,,,,
5009,608648,Tyler Duffey,4000,,,,P,MIN,CLE,,,,
9105,658551,Junior Fernandez,4000,,,,P,STL,CHC,,,,
5010,553993,Eugenio Suarez,3500,2000,7,,3B,CIN,MIL,,,,
27538,543234,Rayan Gonzalez,4000,5500,25,,P,COL,PIT,,,,
27541,623451,Jackson Stephens,4000,5500,,,P,CIN,MIL,,,,
5013,596119,Blake Swihart,2900,2200,7,,C,BOS,LAA,,,,
5016,608596,Tom Murphy,3000,,,,C,COL,PIT,,,,
5017,527048,Martin Perez,6600,5700,29,,P,TEX,TB,,,,
27548,622506,Marcos Molina,4000,,,,P,NYM,WSH,,,,
9116,662139,Daulton Varsho,2100,,,,C,ARI,SF,,,,
5021,571787,David Holmberg,4000,,,,P,BAL,DET,,,,
5022,543068,C.J. Cron,3400,2800,10,,1B,TB,TEX,,,,
27550,621512,Tomas Nido,2200,2000,7,,C,NYM,WSH,,,,
9118,621311,David Dahl,3000,,,,OF,COL,PIT,,,,
5024,520471,Freddy Galvis,3200,3500,13,,SS,SD,LAD,,,,
27552,623167,Chris Flexen,5000,,,,P,NYM,WSH,,,,
5026,542583,Jesus Aguilar,3300,2400,11,,1B,MIL,CIN,,,,
9122,595234,Justin Haley,4000,,,,P,BOS,LAA,,,,
27554,621112,Paul Blackburn,5000,5500,28,,P,OAK,CWS,,,,
5028,608349,Corey Knebel,4000,5500,25,,P,MIL,CIN,,,,
27558,601713,Nick Pivetta,8000,8100,30,,P,PHI,ATL,,,,
5032,600466,Raudy Read,2000,2000,,,C,WSH,NYM,,,,
27561,623454,Drew Anderson,4000,,,,P,PHI,ATL,,,,
5033,458677,Justin Wilson,4000,5500,25,,P,CHC,STL,,,,
5034,518553,Steve Cishek,4000,5500,25,,P,CHC,STL,,,,
9130,641432,Willie Calhoun,3000,,,,OF,TEX,TB,,,,
27563,594902,Ben Lively,6300,6700,27,,P,PHI,ATL,,,,
27564,602928,Felix Jorge,4000,,,,P,MIN,CLE,,,,
5037,425877,Yadier Molina,3700,3700,17,,C,STL,CHC,,,,
27566,622864,Fernando Romero,4000,,,,P,MIN,CLE,,,,
5039,516949,Hector Sanchez,2400,,,,C,SF,ARI,,,,
5040,446399,Brett Cecil,4000,5500,25,,P,STL,CHC,,,,
9144,624407,Tzu-Wei Lin,2900,2600,7,,SS,BOS,LAA,,,,
5048,457454,Jarrod Saltalamacchia,2400,,,,C,DET,BAL,,,,
9146,592547,Deck McGuire,4000,,,,P,TOR,KC,,,,
5051,502190,Mike Leake,5600,6100,31,,P,SEA,HOU,,,,
5052,592885,Christian Yelich,4200,3200,7,,OF,MIL,CIN,,,,
9151,607468,Alex Blandino,3000,2000,7,,3B,CIN,MIL,,,,
5055,592662,Robbie Ray,10000,9500,47,,P,ARI,SF,,,,
5056,502317,Chris Heisey,2000,,,,OF,MIN,CLE,,,,
5057,543459,Steve Lombardozzi,2000,,,,2B,OAK,CWS,,,,
5059,460283,Jerry Blevins,4000,5500,25,,P,NYM,WSH,,,,
5061,448801,Chris Davis,3100,,7,,1B,BAL,DET,,,,
27591,596001,Jake Junis,7600,,34,,P,KC,TOR,,,,
27592,605280,Clay Holmes,4000,5500,,,P,PIT,COL,,,,
5064,462515,Miguel Socolovich,,5500,,,P,ATL,PHI,,,,
27593,552640,Andrew Kittredge,4000,5500,25,,P,TB,TEX,,,,
5065,434628,Jason Hammel,6000,,30,,P,KC,TOR,,,,
27594,642336,Francisco Mejia,2800,,,,C,CLE,MIN,,,,
5067,605125,Cody Asche,2300,,,,3B,KC,TOR,,,,
5068,519301,Sammy Solis,4000,5500,25,,P,WSH,NYM,,,,
5070,467100,Ivan Nova,8800,8100,29,,P,PIT,COL,,,,
9167,444489,Manny Pina,3000,2000,7,,C,MIL,CIN,,,,
5072,434778,Kendrys Morales,3200,,7,,1B,TOR,KC,,,,
9169,608325,Gavin Cecchini,2500,,,,SS,NYM,WSH,,,,
5075,475479,David Phelps,4000,5500,25,,P,SEA,HOU,,,,
9174,621058,Andrew Moore,4000,,,,P,SEA,HOU,,,,
27608,621249,Duane Underwood Jr.,4000,,,,P,CHC,STL,,,,
5081,593140,Michael Feliz,4000,5500,25,,P,PIT,COL,,,,
5083,573135,Tyler Saladino,2600,2000,7,,3B,CWS,OAK,,,,
9179,502151,Chad Huffman,2500,,,,OF,DET,BAL,,,,
5085,553988,Dixon Machado,3200,,7,,2B,DET,BAL,,,,
27614,592865,Taylor Williams,4000,5500,25,,P,MIL,CIN,,,,
5086,527055,Arodys Vizcaino,4000,5500,25,,P,ATL,PHI,,,,
9182,608723,Austin Voth,4300,,,,P,WSH,NYM,,,,
27616,621366,Ryan Borucki,4300,,,,P,TOR,KC,,,,
9184,640451,Hunter Harvey,4000,,,,P,BAL,DET,,,,
84960,644364,Victor Arano,4000,5500,25,,P,PHI,ATL,,,,
5090,488818,Chase d'Arnaud,2500,,,,2B,SF,ARI,,,,
5091,446308,Matt Wieters,2900,2700,9,,C,WSH,NYM,,,,
5093,457763,Buster Posey,3700,3200,16,,C,SF,ARI,,,,
5094,641627,Trevor Gott,4000,5500,,,P,WSH,NYM,,,,
27622,608650,Dietrich Enns,4000,,,,P,MIN,CLE,,,,
5098,606160,Rafael Montero,4000,5500,25,,P,NYM,WSH,,,,
27626,622161,Eduardo Paredes,,5500,,,P,LAA,BOS,,,,
9194,547912,Gift Ngoepe,2600,,7,,2B,TOR,KC,,,,
27627,622703,Ronald Herrera,4000,5500,25,,P,TEX,TB,,,,
5099,462136,Marco Estrada,7700,,33,,P,TOR,KC,,,,
5100,571437,Aaron Altherr,3100,2500,7,,OF,PHI,ATL,,,,
9197,621020,Dansby Swanson,3500,3800,15,,SS,ATL,PHI,,,,
27629,641871,Keynan Middleton,4000,5500,25,,P,LAA,BOS,,,,
27630,629496,Chih-Wei Hu,4000,5500,25,,P,TB,TEX,,,,
84975,622382,Gabriel Moya,4000,5500,25,,P,MIN,CLE,,,,
27632,643493,Austin Pruitt,4200,5500,25,,P,TB,TEX,,,,
5104,595879,Javier Baez,4100,4100,17,,2B,CHC,STL,,,,
27634,621237,Jose Alvarado,4000,5500,25,,P,TB,TEX,,,,
5107,450665,Kris Medlen,4600,,,,P,ARI,SF,,,,
5108,461833,Phil Hughes,5300,5500,25,,P,MIN,CLE,,,,
5109,571976,Wil Myers,4400,2000,16,,OF,SD,LAD,,,,
27637,621056,Hunter Wood,4000,,25,,P,TB,TEX,,,,
9206,643565,Mike Tauchman,2600,2100,7,,OF,COL,PIT,,,,
5110,592710,Josh Rutledge,2400,,,,2B,SF,ARI,,,,
5111,502028,Blake Wood,4000,5500,25,,P,LAA,BOS,,,,
5114,519048,Mitch Moreland,3000,3100,11,,1B,BOS,LAA,,,,
5115,488846,Brian Duensing,4000,5500,25,,P,CHC,STL,,,,
9211,657557,Paul DeJong,4200,3800,16,,SS,STL,CHC,,,,
27644,606625,Reyes Moronta,4000,5500,25,,P,SF,ARI,,,,
9213,622795,Yohander Mendez,4000,,,,P,TEX,TB,,,,
5120,543484,Mikie Mahtook,2800,,,,OF,DET,BAL,,,,
5121,492841,Michael Martinez,2300,,,,2B,CLE,MIN,,,,
5122,543543,Brad Miller,3300,2000,7,,1B,TB,TEX,,,,
27650,622497,Miguel Gomez,2200,,,,3B,SF,ARI,,,,
5125,547989,Jose Abreu,4200,3400,18,,1B,CWS,OAK,,,,
5126,595897,Nick Burdi,4000,5500,25,,P,PIT,COL,,,,
5128,458015,Joey Votto,4700,3600,15,,1B,CIN,MIL,,,,
9224,573668,Juan Minaya,,5500,,,P,CWS,OAK,,,,
9225,645277,Ozzie Albies,4400,4400,23,,2B,ATL,PHI,,,,
5129,576397,Jedd Gyorko,2900,2500,15,,SS,STL,CHC,,,,
5132,543056,Daniel Coulombe,4000,5500,25,,P,OAK,CWS,,,,
5134,502706,Derek Holland,5100,6200,25,,P,SF,ARI,,,,
9231,641598,Mitch Garver,2800,2100,7,,C,MIN,CLE,,,,
5135,516782,Starling Marte,4100,4100,22,,OF,PIT,COL,,,,
50192,642707,Allen Cordoba,2600,2000,7,,SS,SD,LAD,,,,
9232,543639,David Peterson,4000,,,,P,NYM,WSH,,,,
5137,445926,Jesse Chavez,4500,5500,25,,P,TEX,TB,,,,
5138,435622,Ian Desmond,3700,2700,12,,1B,COL,PIT,,,,
5141,593576,Hector Neris,4000,5500,25,,P,PHI,ATL,,,,
5143,570482,Giovanny Urshela,2800,2000,7,,3B,CLE,MIN,,,,
5145,452254,Hunter Pence,2700,2200,7,,OF,SF,ARI,,,,
9242,594867,Myles Jaye,4000,,,,P,MIN,CLE,,,,
5147,594694,Wilmer Difo,3000,2600,7,,2B,WSH,NYM,,,,
5149,502226,Craig Gentry,2200,,7,,OF,BAL,DET,,,,
5150,605113,Nick Ahmed,2900,2700,12,,SS,ARI,SF,,,,
5151,605538,Matt Wisler,4500,,,,P,ATL,PHI,,,,
5153,542432,Jose Ramirez,4000,5500,25,,P,ATL,PHI,,,,
9249,592712,Connor Sadzeck,4000,,,,P,TEX,TB,,,,
5155,518858,Nate Jones,4000,5500,25,,P,CWS,OAK,,,,
5157,518633,Danny Duffy,6900,,41,,P,KC,TOR,,,,
50216,656550,Grant Holmes,4000,,,,P,OAK,CWS,,,,
9256,519294,Josh Smoker,,5500,,,P,PIT,COL,,,,
50217,621011,Max Schrock,2400,,,,2B,OAK,CWS,,,,
5161,605412,Joe Panik,3200,3000,14,,2B,SF,ARI,,,,
9258,500872,Gregory Infante,,5500,,,P,CWS,OAK,,,,
9259,628338,Guillermo Heredia,2500,2100,8,,OF,SEA,HOU,,,,
5163,525768,Tim Collins,4000,,,,P,WSH,NYM,,,,
5164,608641,Tim Cooney,4400,,,,P,CLE,MIN,,,,
50222,666211,Taylor Trammell,2300,,,,OF,CIN,MIL,,,,
5166,430945,Adam Jones,4100,,11,,OF,BAL,DET,,,,
5167,543685,Anthony Rendon,4200,3600,17,,3B,WSH,NYM,,,,
93230,663855,Jordan Hicks,4000,5500,25,,P,STL,CHC,,,,
50224,620443,Luis Torrens,2600,,,,C,SD,LAD,,,,
5169,592731,Steve Selsky,2200,,,,3B,BOS,LAA,,,,
93235,664199,Taylor Clarke,5100,,,,P,ARI,SF,,,,
5172,453329,Clay Buchholz,4500,,,,P,PHI,ATL,,,,
93237,656976,Pavin Smith,2100,,,,1B,ARI,SF,,,,
5173,501625,Jose Alvarez,4000,5500,25,,P,LAA,BOS,,,,
5174,500871,Eduardo Escobar,3000,3200,14,,SS,MIN,CLE,,,,
5175,502578,Aaron Barrett,4000,,,,P,WSH,NYM,,,,
93241,663465,Kolby Allard,4000,,,,P,ATL,PHI,,,,
9274,605170,Victor Caratini,2600,2400,7,,C,CHC,STL,,,,
9275,664056,Harrison Bader,2700,2600,7,,OF,STL,CHC,,,,
5179,434538,Francisco Liriano,6300,,27,,P,DET,BAL,,,,
5180,592593,Justin Nicolino,5000,,,,P,CIN,MIL,,,,
93245,657140,Kyle Wright,4000,,,,P,ATL,PHI,,,,
93244,647336,Mike Soroka,4000,,,,P,ATL,PHI,,,,
9278,641820,Trey Mancini,3700,,14,,1B,BAL,DET,,,,
5183,608379,Michael Wacha,6300,7100,35,,P,STL,CHC,,,,
93249,660670,Ronald Acuna Jr.,3500,,,,OF,ATL,PHI,,,,
5184,546991,Albert Almora Jr.,2900,2600,8,,OF,CHC,STL,,,,
50240,663432,Tanner Rainey,,5500,,,P,CIN,MIL,,,,
93248,663586,Austin Riley,2300,,,,3B,ATL,PHI,,,,
5186,624586,James Hoyt,4000,5500,25,,P,HOU,SEA,,,,
78915,595411,Ryan Sherriff,4000,5500,25,,P,STL,CHC,,,,
93251,663624,Ryan Mountcastle,2800,,,,SS,BAL,DET,,,,
64579,643494,A.J. Puckett,4000,,,,P,CWS,OAK,,,,
93253,656308,Michael Chavis,2500,,,,3B,BOS,LAA,,,,
5188,446372,Corey Kluber,11600,11400,59,,P,CLE,MIN,,,,
9284,546990,Anthony Alford,2500,,7,,OF,TOR,KC,,,,
5190,543401,Jason Kipnis,3600,3400,7,,2B,CLE,MIN,,,,
5191,571951,Bryan Mitchell,5700,5500,25,,P,SD,LAD,,,,
5192,446263,Lucas Duda,3500,,14,,1B,KC,TOR,,,,
5196,571681,Reymond Fuentes,2600,,,,OF,ARI,SF,,,,
5197,517593,Danny Salazar,8200,7500,37,,P,CLE,MIN,,,,
93260,641672,Thomas Hatch,4000,,,,P,CHC,STL,,,,
93263,656302,Dylan Cease,4000,,,,P,CWS,OAK,,,,
5200,504379,Juan Nicasio,4000,5500,25,,P,SEA,HOU,,,,
93265,641662,Alec Hansen,4000,,,,P,CWS,OAK,,,,
93264,641540,Dane Dunning,4000,,,,P,CWS,OAK,,,,
5202,502748,Brad Peacock,6400,5500,25,,P,HOU,SEA,,,,
5203,431148,Scott Kazmir,5600,,,,P,ATL,PHI,,,,
93266,656629,Michael Kopech,6100,,,,P,CWS,OAK,,,,
93269,673357,Luis Robert,2300,,,,OF,CWS,OAK,,,,
50260,669720,Austin Hays,3000,,,,OF,BAL,DET,,,,
5208,571697,Scooter Gennett,3500,3100,12,,2B,CIN,MIL,,,,
9304,605548,Bradley Zimmer,2900,2100,7,,OF,CLE,MIN,,,,
50266,641816,Tyler Mahle,6300,6200,31,,P,CIN,MIL,,,,
5210,519242,Chris Sale,12400,11100,59,,P,BOS,LAA,,,,
93275,624418,Ryan Castellani,4300,,,,P,COL,PIT,,,,
9306,641729,Joe Jimenez,4000,,25,,P,DET,BAL,,,,
5211,607680,Kevin Pillar,3500,,14,,OF,TOR,KC,,,,
5212,605509,Kelby Tomlinson,2600,2000,7,,SS,SF,ARI,,,,
93277,663567,Peter Lambert,4000,,,,P,COL,PIT,,,,
50269,607481,Aaron Bummer,4000,5500,25,,P,CWS,OAK,,,,
50270,605154,John Brebbia,4000,5500,25,,P,STL,CHC,,,,
5216,518790,Chris Heston,4500,,,,P,SF,ARI,,,,
50273,621111,Walker Buehler,4000,,,,P,LAD,SD,,,,
5217,622534,Manuel Margot,4000,2000,7,,OF,SD,LAD,,,,
93283,656412,Alex Faedo,4000,,,,P,DET,BAL,,,,
5221,543272,Brad Hand,4000,5500,25,,P,SD,LAD,,,,
50279,571948,Hoby Milner,4000,5500,25,,P,PHI,ATL,,,,
93286,660494,Rogelio Armenteros,4000,,,,P,HOU,SEA,,,,
5224,456701,Homer Bailey,5400,6100,25,,P,CIN,MIL,,,,
50280,545348,Austin Maddox,4000,5500,25,,P,BOS,LAA,,,,
50283,663605,Garrett Whitley,2400,,,,OF,TB,TEX,,,,
50284,572703,Luke Bard,4000,5500,25,,P,LAA,BOS,,,,
5228,645848,Dariel Alvarez,2200,,,,OF,BAL,DET,,,,
9325,657077,Alex Verdugo,2600,,,,OF,LAD,SD,,,,
5229,500779,Jose Quintana,9200,7800,43,,P,CHC,STL,,,,
5230,434658,Rajai Davis,2800,2200,7,,OF,CLE,MIN,,,,
93295,656492,Foster Griffin,4000,,,,P,KC,TOR,,,,
93294,656240,Scott Blewett,4000,,,,P,KC,TOR,,,,
5232,502593,Jake Petricka,4000,,,,P,TOR,KC,,,,
93297,663992,Richard Lovelady,4000,,,,P,KC,TOR,,,,
9329,572086,Brady Rodgers,4000,5500,25,,P,HOU,SEA,,,,
50289,635903,Chris Rowley,4000,,,,P,TOR,KC,,,,
93298,622251,Josh Staumont,4000,,,,P,KC,TOR,,,,
93302,660271,Shohei Ohtani,4800,10500,33,,P,LAA,BOS,,,,
5239,502327,Hector Santiago,5000,5500,25,,P,CWS,OAK,,,,
5240,501789,Will Harris,4000,5500,25,,P,HOU,SEA,,,,
9337,547004,Rio Ruiz,2700,,,,3B,ATL,PHI,,,,
93307,663330,Jahmai Jones,2300,,,,OF,LAA,BOS,,,,
9338,607471,Chris Bostick,3000,,,,2B,PIT,COL,,,,
5243,608665,Kendall Graveman,5200,5500,28,,P,OAK,CWS,,,,
5244,475857,Ryan Cook,4000,,,,P,SEA,HOU,,,,
5245,570799,Christian Villanueva,3600,3600,16,,3B,SD,LAD,,,,
93311,660688,Keibert Ruiz,2000,,,,C,LAD,SD,,,,
5246,578428,Jose Iglesias,2800,,7,,SS,DET,BAL,,,,
5250,475243,Travis Wood,4000,,,,P,DET,BAL,,,,
5251,592178,Kris Bryant,5200,5100,23,,3B,CHC,STL,,,,
5252,276542,Joaquin Benoit,4000,5500,25,,P,WSH,NYM,,,,
9350,660162,Yoan Moncada,3600,3300,14,,2B,CWS,OAK,,,,
5254,543376,Caleb Joseph,2600,,7,,C,BAL,DET,,,,
93321,656371,Isan Diaz,2300,,,,SS,MIL,CIN,,,,
50312,657061,Cole Tucker,2900,,,,SS,PIT,COL,,,,
9353,592444,JaCoby Jones,2900,,9,,OF,DET,BAL,,,,
93323,656814,Luis Ortiz,4000,,,,P,MIL,CIN,,,,
5258,431151,David Wright,2500,2000,7,,3B,NYM,WSH,,,,
93322,669203,Corbin Burnes,4000,,,,P,MIL,CIN,,,,
5262,542255,Ender Inciarte,3300,3000,9,,OF,ATL,PHI,,,,
93326,669374,Keston Hiura,2600,,,,2B,MIL,CIN,,,,
50319,657612,Tim Hill,4000,,25,,P,KC,TOR,,,,
5265,608384,Nick Williams,2900,2500,12,,OF,PHI,ATL,,,,
5266,592102,Cody Allen,4000,5500,25,,P,CLE,MIN,,,,
9362,641857,Ryan McMahon,3200,2000,7,,3B,COL,PIT,,,,
5267,542303,Marcell Ozuna,4100,4100,19,,OF,STL,CHC,,,,
5268,460026,Nick Hundley,2400,2200,7,,C,SF,ARI,,,,
5269,548357,Christian Bergman,4000,,,,P,SEA,HOU,,,,
5271,458675,Colby Rasmus,2800,,7,,OF,BAL,DET,,,,
5274,519326,Hunter Strickland,4000,5500,25,,P,SF,ARI,,,,
5275,608671,Travis Jankowski,2800,,,,OF,SD,LAD,,,,
5276,472528,Luis Valbuena,3300,2900,13,,3B,LAA,BOS,,,,
9372,572228,Luke Voit,2800,,,,1B,STL,CHC,,,,
50334,664208,Phil Maton,4000,5500,25,,P,SD,LAD,,,,
5279,591971,Breyvic Valera,2200,2000,7,,2B,LAD,SD,,,,
5280,642736,Domingo Leyba,2200,,,,SS,ARI,SF,,,,
5281,571578,Patrick Corbin,8100,9500,41,,P,ARI,SF,,,,
5282,527038,Wilmer Flores,3200,2700,10,,1B,NYM,WSH,,,,
5283,543883,Nick Vincent,4000,5500,25,,P,SEA,HOU,,,,
5284,543359,Dan Jennings,4000,5500,25,,P,MIL,CIN,,,,
93349,669221,Sean Murphy,2400,,,,C,OAK,CWS,,,,
93348,640462,A.J. Puk,5000,,,,P,OAK,CWS,,,,
5286,612434,Miguel Castro,4000,,25,,P,BAL,DET,,,,
50343,669222,Nick Senzel,2500,,,,3B,CIN,MIL,,,,
5290,656941,Kyle Schwarber,4400,3900,15,,OF,CHC,STL,,,,
50347,656669,Jordan Luplow,2700,,,,OF,PIT,COL,,,,
9387,662144,Brian Keller,4000,,,,P,KC,TOR,,,,
5291,572073,Joey Rickard,2500,,,,OF,BAL,DET,,,,
50348,592279,Jesen Therrien,4000,,,,P,LAD,SD,,,,
5294,592351,Jon Gray,8000,7100,41,,P,COL,PIT,,,,
5296,501571,Juan Lagares,2800,2000,8,,OF,NYM,WSH,,,,
5298,517008,Alex Colome,4000,5500,25,,P,TB,TEX,,,,
5299,454560,A.J. Ellis,2600,2100,8,,C,SD,LAD,,,,
50355,663656,Kyle Tucker,2500,,,,OF,HOU,SEA,,,,
93365,641778,Eric Lauer,4000,,,,P,SD,LAD,,,,
93367,615698,Cal Quantrill,4000,,,,P,SD,LAD,,,,
5305,493316,Yoenis Cespedes,4500,3700,15,,OF,NYM,WSH,,,,
5306,474832,Brandon Belt,3600,2500,14,,1B,SF,ARI,,,,
93370,665487,Fernando Tatis Jr.,2600,,,,SS,SD,LAD,,,,
5307,501303,Ehire Adrianza,2500,2000,7,,SS,MIN,CLE,,,,
5308,542960,Brad Brach,4000,,25,,P,BAL,DET,,,,
5309,488671,Alex Avila,2800,2300,7,,C,ARI,SF,,,,
9406,571657,Kyle Farmer,2300,2000,7,,3B,LAD,SD,,,,
5310,592230,Kaleb Cowart,2500,,,,2B,LAA,BOS,,,,
93375,605498,Andrew Suarez,5700,5500,,,P,SF,ARI,,,,
9407,656186,Dan Altavilla,4000,5500,25,,P,SEA,HOU,,,,
5312,451594,Dexter Fowler,3600,3300,13,,OF,STL,CHC,,,,
50369,645801,Mike Ford,2500,,,,1B,SEA,HOU,,,,
50370,596816,Roberto Gomez,,5500,,,P,SF,ARI,,,,
9411,518445,Chad Bell,4000,,25,,P,DET,BAL,,,,
93381,664854,Ryan Helsley,4000,,,,P,STL,CHC,,,,
50375,502212,Austin Bibens-Dirkx,4000,,,,P,TEX,TB,,,,
5319,474521,Shawn Tolleson,4000,,,,P,TEX,TB,,,,
50376,519346,Eric Thames,4400,3300,20,,1B,MIL,CIN,,,,
5321,593372,Carlos Martinez,10400,9100,49,,P,STL,CHC,,,,
50377,645302,Victor Robles,2900,,,,OF,WSH,NYM,,,,
5323,533167,Matt Shoemaker,7000,7400,33,,P,LAA,BOS,,,,
5326,592387,Ryon Healy,3400,2000,7,,1B,SEA,HOU,,,,
5327,592332,Kevin Gausman,6400,,38,,P,BAL,DET,,,,
5330,446653,Jose Lobaton,2200,2000,7,,C,NYM,WSH,,,,
5331,519237,Cameron Rupp,2900,,,,C,PHI,ATL,,,,
93401,656887,Sean Reid-Foley,4200,,,,P,TOR,KC,,,,
9433,592229,Dylan Covey,4000,,,,P,CWS,OAK,,,,
93400,622247,Jon Harris,4000,,,,P,TOR,KC,,,,
5342,448306,James Shields,5400,5900,26,,P,CWS,OAK,,,,
50399,622270,Alex Mejia,2100,,,,SS,STL,CHC,,,,
5345,435062,Howie Kendrick,3500,2900,12,,2B,WSH,NYM,,,,
5346,543063,Brandon Crawford,2900,2100,13,,SS,SF,ARI,,,,
5347,455119,Chris Martin,4000,5500,25,,P,TEX,TB,,,,
5348,606131,Luis Perdomo,5700,6200,27,,P,SD,LAD,,,,
5349,543611,Danny Ortiz,2100,,,,OF,PHI,ATL,,,,
50407,641712,Dakota Hudson,4000,,,,P,STL,CHC,,,,
52460,543208,Sam Gaviglio,4000,,,,P,TOR,KC,,,,
9453,608566,German Marquez,6300,5900,32,,P,COL,PIT,,,,
5358,434158,Curtis Granderson,3700,,14,,OF,TOR,KC,,,,
5361,572122,Kyle Seager,3500,3500,18,,3B,SEA,HOU,,,,
9457,641470,Zack Collins,2400,,,,C,CWS,OAK,,,,
5366,572070,Garrett Richards,7100,8300,40,,P,LAA,BOS,,,,
5367,628329,Rusney Castillo,2700,,,,OF,BOS,LAA,,,,
93433,664192,Joey Lucchesi,5300,8300,25,,P,SD,LAD,,,,
5368,518774,Matt Harvey,6800,7500,27,,P,NYM,WSH,,,,
5371,628356,Jung Ho Kang,2500,,,,3B,PIT,COL,,,,
5372,543144,Danny Farquhar,4000,5500,25,,P,CWS,OAK,,,,
5377,656185,Greg Allen,2600,,7,,OF,CLE,MIN,,,,
9474,641632,Conner Greene,4000,,,,P,STL,CHC,,,,
5381,570663,Hansel Robles,4000,5500,25,,P,NYM,WSH,,,,
5382,488984,Tommy Hunter,4000,5500,25,,P,PHI,ATL,,,,
5383,571740,Billy Hamilton,3200,3200,12,,OF,CIN,MIL,,,,
5385,461858,Trevor Plouffe,2200,,,,3B,TEX,TB,,,,
5386,621121,Lance McCullers,11100,8800,44,,P,HOU,SEA,,,,
9486,543867,Nik Turley,4100,,,,P,PIT,COL,,,,
5391,571974,John Ryan Murphy,2600,2000,7,,C,ARI,SF,,,,
9488,506924,Stephen Cardullo,2800,,,,1B,COL,PIT,,,,
9491,600944,David Paulino,4900,,,,P,HOU,SEA,,,,
5395,459431,Michael Saunders,2300,,,,OF,TOR,KC,,,,
5398,518397,Scott Alexander,4000,5500,25,,P,LAD,SD,,,,
5399,605476,Carson Smith,4000,5500,25,,P,BOS,LAA,,,,
5400,554430,Zack Wheeler,7500,7300,28,,P,NYM,WSH,,,,
9496,543001,Ryan Carpenter,4000,,,,P,DET,BAL,,,,
5401,605218,Carl Edwards Jr.,4000,5500,25,,P,CHC,STL,,,,
9498,643414,Kyle Lloyd,4000,,,,P,SD,LAD,,,,
5404,503556,Marwin Gonzalez,3300,2800,8,,1B,HOU,SEA,,,,
5408,592346,Chi Chi Gonzalez,4000,,,,P,TEX,TB,,,,
9505,642350,Jose Siri,2400,,,,OF,CIN,MIL,,,,
5411,573186,Marcus Stroman,8300,,41,,P,TOR,KC,,,,
5412,572180,Andrew Susac,2900,,,,C,BAL,DET,,,,
5416,571927,Steven Matz,6400,7000,35,,P,NYM,WSH,,,,
5417,594815,Jeff Ferrell,4000,,,,P,BAL,DET,,,,
5419,459429,Jake McGee,4000,5500,25,,P,COL,PIT,,,,
50476,622766,Miguel Diaz,4000,,,,P,SD,LAD,,,,
5422,544925,Matt den Dekker,2100,,,,OF,NYM,WSH,,,,
9518,650490,Yandy Diaz,2500,,,,3B,CLE,MIN,,,,
5423,571710,Mychal Givens,4000,,25,,P,BAL,DET,,,,
5425,453214,Steven Wright,5700,5500,25,,P,BOS,LAA,,,,
9523,596103,Austin Slater,2900,,,,OF,SF,ARI,,,,
9526,624507,Ryder Jones,2600,,,,3B,SF,ARI,,,,
5431,452027,Andrew Albers,5000,,,,P,SEA,HOU,,,,
5433,460075,Ryan Braun,4500,3300,15,,OF,MIL,CIN,,,,
9529,592848,Zack Weiss,,5500,,,P,CIN,MIL,,,,
9530,571745,Mitch Haniger,3400,3500,17,,OF,SEA,HOU,,,,
9531,642156,Stuart Turner,2400,,,,C,CIN,MIL,,,,
5437,502043,Kyle Gibson,7100,6200,29,,P,MIN,CLE,,,,
9533,664023,Ian Happ,4200,3500,12,,OF,CHC,STL,,,,
5440,450306,Jason Vargas,6800,5600,30,,P,NYM,WSH,,,,
5442,607385,Tyler Collins,2400,,,,OF,KC,TOR,,,,
5443,541650,Hernan Perez,2600,2500,7,,OF,MIL,CIN,,,,
5444,605164,Dylan Bundy,7400,,41,,P,BAL,DET,,,,
5445,571602,Matt Davidson,3800,3900,17,,3B,CWS,OAK,,,,
5446,572193,Ryan Tepera,4000,,25,,P,TOR,KC,,,,
5448,451596,Yovani Gallardo,4000,5500,,,P,TEX,TB,,,,
5449,537953,Daniel Nava,2200,,,,OF,PIT,COL,,,,
5450,547379,Roberto Perez,2800,2100,8,,C,CLE,MIN,,,,
9548,595881,Tyler Beede,4800,5900,,,P,SF,ARI,,,,
5452,444432,Mark Trumbo,3700,,7,,OF,BAL,DET,,,,
5454,595281,Kevin Kiermaier,2700,2000,7,,OF,TB,TEX,,,,
9552,656252,Bobby Bradley,2600,,,,1B,CLE,MIN,,,,
5458,429711,Franklin Gutierrez,2600,,,,OF,LAD,SD,,,,
93522,675648,Austin Beck,2200,,,,OF,OAK,CWS,,,,
9558,553883,Vicente Campos,4000,,,,P,LAA,BOS,,,,
93529,657129,Marcus Wilson,2200,,,,OF,ARI,SF,,,,
9562,592499,Artie Lewicki,4500,,,,P,DET,BAL,,,,
5468,456078,Welington Castillo,3200,2300,14,,C,CWS,OAK,,,,
93532,666176,Jo Adell,2300,,,,OF,LAA,BOS,,,,
5471,502026,Jeremy Jeffress,4000,5500,25,,P,MIL,CIN,,,,
93534,669016,Brandon Marsh,2500,,,,OF,LAA,BOS,,,,
5472,457706,Austin Jackson,2700,2200,9,,OF,SF,ARI,,,,
68961,607200,Erick Fedde,6000,,,,P,WSH,NYM,,,,
5473,621471,Boog Powell,2800,2000,7,,OF,OAK,CWS,,,,
85347,627500,Jen-Ho Tseng,6000,,,,P,CHC,STL,,,,
5475,571901,Aaron Loup,4000,,25,,P,TOR,KC,,,,
5478,433587,Felix Hernandez,7900,6700,38,,P,SEA,HOU,,,,
5479,572761,Matt Carpenter,3700,3500,14,,3B,STL,CHC,,,,
9575,502179,Paolo Espino,4000,,,,P,TEX,TB,,,,
5483,592567,Colin Moran,3500,2900,11,,3B,PIT,COL,,,,
5484,519151,Ryan Pressly,4000,5500,25,,P,MIN,CLE,,,,
5486,519058,Mike Moustakas,4200,,17,,3B,KC,TOR,,,,
5487,435559,Kurt Suzuki,2900,2800,16,,C,ATL,PHI,,,,
5488,434671,Anibal Sanchez,5000,5800,25,,P,ATL,PHI,,,,
5489,622072,Alex Wood,11400,8500,46,,P,LAD,SD,,,,
9586,641427,Alan Busenitz,4000,5500,25,,P,MIN,CLE,,,,
9587,547170,Nicky Delmonico,3200,2200,12,,OF,CWS,OAK,,,,
93554,666137,Khalil Lee,2300,,,,OF,KC,TOR,,,,
9590,605397,Joe Musgrove,5100,6000,31,,P,PIT,COL,,,,
9591,642162,Pat Valaika,2900,2000,7,,SS,COL,PIT,,,,
5498,606299,Jose Peraza,3100,2500,8,,SS,CIN,MIL,,,,
5499,461325,Tyler Clippard,4000,,25,,P,TOR,KC,,,,
5500,518813,Greg Holland,4000,5500,25,,P,STL,CHC,,,,
5502,475054,Chaz Roe,4000,5500,25,,P,TB,TEX,,,,
5503,628317,Kenta Maeda,9700,9300,43,,P,LAD,SD,,,,
5504,519455,Jordan Zimmermann,6900,,25,,P,DET,BAL,,,,
9602,596133,Luke Weaver,8200,8600,43,,P,STL,CHC,,,,
5506,595238,Jacob Hannemann,2000,,,,OF,CHC,STL,,,,
9606,641438,Shane Carle,4000,5500,25,,P,ATL,PHI,,,,
5511,457759,Justin Turner,3900,2000,7,,3B,LAD,SD,,,,
5514,543135,Nathan Eovaldi,5400,5500,25,,P,TB,TEX,,,,
5518,543257,Robbie Grossman,2800,2000,7,,OF,MIN,CLE,,,,
5520,434378,Justin Verlander,11700,11000,52,,P,HOU,SEA,,,,
5521,602083,Miguel Almonte,4000,,,,P,KC,TOR,,,,
5522,606115,Orlando Arcia,3000,2300,8,,SS,MIL,CIN,,,,
5526,543037,Gerrit Cole,11900,10300,53,,P,HOU,SEA,,,,
9627,573088,Cam Perkins,2000,,,,OF,SEA,HOU,,,,
9630,607188,Jacob Faria,6200,5700,34,,P,TB,TEX,,,,
5535,595345,Steven Okert,,5500,,,P,SF,ARI,,,,
9633,596074,Bobby Poyner,4000,5500,25,,P,BOS,LAA,,,,
5538,596146,Max Kepler,3000,2500,14,,OF,MIN,CLE,,,,
75170,600965,Ricardo Rodriguez,4000,5500,25,,P,TEX,TB,,,,
17829,592330,Perci Garner,4000,,,,P,CLE,MIN,,,,
5541,593160,Whit Merrifield,4000,,13,,2B,KC,TOR,,,,
5542,572039,Stephen Piscotty,3400,2500,10,,OF,OAK,CWS,,,,
17832,593974,Wandy Peralta,4000,5500,25,,P,CIN,MIL,,,,
5544,493200,Seung Hwan Oh,4000,,25,,P,TOR,KC,,,,
5545,545361,Mike Trout,5500,5400,25,,OF,LAA,BOS,,,,
5547,518649,Brett Eibner,2000,,,,OF,TEX,TB,,,,
5548,571875,Jake Lamb,3600,2000,7,,3B,ARI,SF,,,,
5549,456665,Steve Pearce,3400,,11,,OF,TOR,KC,,,,
5550,607208,Trea Turner,4600,4500,16,,SS,WSH,NYM,,,,
93615,642109,Jake Stinnett,4000,,,,P,CHC,STL,,,,
5551,607257,Raffy Lopez,2500,2000,,,C,SD,LAD,,,,
5552,452104,Chase Headley,2800,2100,7,,3B,SD,LAD,,,,
5554,593871,Jorge Polanco,2800,2000,,,SS,MIN,CLE,,,,
5556,514888,Jose Altuve,5000,4600,17,,2B,HOU,SEA,,,,
5557,571704,Ken Giles,4000,5500,25,,P,HOU,SEA,,,,
5558,544759,Bo Schultz,4000,,,,P,PIT,COL,,,,
93622,656181,Spencer Adams,4000,,,,P,CWS,OAK,,,,
5559,506747,Francisco Pena,2200,2000,7,,C,STL,CHC,,,,
5560,571448,Nolan Arenado,4700,4100,7,,3B,COL,PIT,,,,
5561,457918,J.A. Happ,9600,,43,,P,TOR,KC,,,,
5563,641313,Tim Anderson,4000,3300,16,,SS,CWS,OAK,,,,
5564,502143,Danny Valencia,2800,,7,,3B,BAL,DET,,,,
93628,657108,Evan White,2500,,,,1B,SEA,HOU,,,,
5569,519306,Steven Souza Jr.,3500,2000,7,,OF,ARI,SF,,,,
5570,456068,Miguel Gonzalez,6800,5900,31,,P,CWS,OAK,,,,
9669,592254,Jose De Leon,5600,5500,25,,P,TB,TEX,,,,
9670,656794,Sean Newcomb,6900,6800,28,,P,ATL,PHI,,,,
9672,622666,Johan Camargo,2700,2000,7,,3B,ATL,PHI,,,,
5576,493603,Adam Ottavino,4000,5500,25,,P,COL,PIT,,,,
5577,545350,Jake Marisnick,2900,2200,7,,OF,HOU,SEA,,,,
9673,622046,Chris Shaw,3100,,,,1B,SF,ARI,,,,
9676,649966,Luis Urias,2800,,,,2B,SD,LAD,,,,
5581,623184,Scott Oberg,4000,5500,25,,P,COL,PIT,,,,
5582,518886,Craig Kimbrel,4000,5500,25,,P,BOS,LAA,,,,
5583,445055,Jon Jay,3100,,7,,OF,KC,TOR,,,,
5585,506702,Sandy Leon,2800,2200,7,,C,BOS,LAA,,,,
5588,608369,Corey Seager,4400,3600,13,,SS,LAD,SD,,,,
5589,444876,Alcides Escobar,2900,,8,,SS,KC,TOR,,,,
5591,592705,Nick Rumbelow,4000,,,,P,SEA,HOU,,,,
5593,571912,Luke Maile,3200,,7,,C,TOR,KC,,,,
5597,474463,Brett Anderson,4000,,,,P,OAK,CWS,,,,
5598,446381,Darwin Barney,2200,,,,2B,TEX,TB,,,,
93667,665489,Vladimir Guerrero Jr.,2500,,,,3B,TOR,KC,,,,
93666,666182,Bo Bichette,2200,,,,SS,TOR,KC,,,,
9700,646240,Rafael Devers,3800,3400,17,,3B,BOS,LAA,,,,
5605,489267,Adam Rosales,2200,,,,2B,PHI,ATL,,,,
5606,518875,Shawn Kelley,4000,5500,25,,P,WSH,NYM,,,,
5607,430912,Matt Cain,4500,,,,P,SF,ARI,,,,
5608,506433,Yu Darvish,11100,9200,48,,P,CHC,STL,,,,
5609,465657,Joakim Soria,4000,5500,25,,P,CWS,OAK,,,,
5610,621566,Matt Olson,4300,3300,18,,1B,OAK,CWS,,,,
5611,476883,Pedro Alvarez,3000,,11,,1B,BAL,DET,,,,
5612,621043,Carlos Correa,5100,4700,19,,SS,HOU,SEA,,,,
5614,545337,Nolan Fontana,2500,2000,,,2B,LAA,BOS,,,,
9711,608652,Luke Farrell,4000,,,,P,CHC,STL,,,,
5615,400121,Victor Martinez,3400,,12,,1B,DET,BAL,,,,
5617,493247,Peter Moylan,4000,5500,25,,P,ATL,PHI,,,,
93680,663647,Ke'Bryan Hayes,2200,,,,3B,PIT,COL,,,,
9713,593340,Joan Gregorio,4900,,,,P,SF,ARI,,,,
9714,592170,Parker Bridwell,5800,5500,,,P,LAA,BOS,,,,
5624,543706,Daniel Robertson,2700,,,,OF,ARI,SF,,,,
9722,641835,Tim Mayza,4000,,25,,P,TOR,KC,,,,
5630,605347,Jorge Lopez,4000,5500,25,,P,MIL,CIN,,,,
5631,502004,George Kontos,4000,5500,25,,P,PIT,COL,,,,
5632,640461,Chad Pinder,3200,2300,14,,OF,OAK,CWS,,,,
93697,666198,Carter Kieboom,2200,,,,SS,WSH,NYM,,,,
9728,595956,Cam Gallagher,2500,,7,,C,KC,TOR,,,,
5633,594736,Cody Anderson,4000,5500,25,,P,CLE,MIN,,,,
93696,665742,Juan Soto,2200,,,,OF,WSH,NYM,,,,
9730,434672,Chris Smith,4000,,,,P,OAK,CWS,,,,
9731,656427,Jack Flaherty,6000,6200,,,P,STL,CHC,,,,
5636,571980,Tyler Naquin,3100,2200,7,,OF,CLE,MIN,,,,
52741,584171,Hector Velazquez,5500,6200,25,,P,BOS,LAA,,,,
5638,456030,Dustin Pedroia,3200,2000,7,,2B,BOS,LAA,,,,
93702,666120,Ian Anderson,4000,,,,P,ATL,PHI,,,,
5639,605359,Evan Marshall,4000,,,,P,CLE,MIN,,,,
5640,460060,Cliff Pennington,2400,2000,7,,SS,CIN,MIL,,,,
93704,666214,Joey Wentz,4000,,,,P,ATL,PHI,,,,
5641,608672,Micah Johnson,2500,,,,2B,TB,TEX,,,,
5642,456488,Eduardo Nunez,3700,3400,17,,SS,BOS,LAA,,,,
5644,592626,Joc Pederson,3300,2100,7,,OF,LAD,SD,,,,
5646,503285,Darren O'Day,4000,,25,,P,BAL,DET,,,,
9743,593144,Richard Rodriguez,4000,5500,25,,P,PIT,COL,,,,
5648,596059,Rougned Odor,3000,2000,7,,2B,TEX,TB,,,,
93712,669060,Bryse Wilson,4000,,,,P,ATL,PHI,,,,
5651,641319,Carlos Asuaje,2900,2300,7,,2B,SD,LAD,,,,
5654,502202,Brad Boxberger,4000,5500,25,,P,ARI,SF,,,,
5655,609275,Raul Mondesi,2500,,7,,2B,KC,TOR,,,,
5658,475253,Justin Smoak,4600,,17,,1B,TOR,KC,,,,
5662,501381,Michael Pineda,4000,5500,25,,P,MIN,CLE,,,,
5663,405395,Albert Pujols,3800,3600,15,,1B,LAA,BOS,,,,
5664,605151,Archie Bradley,4000,5500,25,,P,ARI,SF,,,,
5667,453343,Mark Melancon,4000,5500,25,,P,SF,ARI,,,,
9764,596720,Dovydas Neverauskas,4000,5500,,,P,PIT,COL,,,,
5669,471865,Carlos Gonzalez,4000,3000,17,,OF,COL,PIT,,,,
5670,543699,Tanner Roark,7300,8100,41,,P,WSH,NYM,,,,
5672,449181,Paulo Orlando,2700,,7,,OF,KC,TOR,,,,
5673,501659,Abraham Almonte,2900,,7,,OF,KC,TOR,,,,
5674,571946,Shelby Miller,6700,5500,25,,P,ARI,SF,,,,
9770,622682,Victor Reyes,3000,,7,,OF,DET,BAL,,,,
9771,664057,Andrew Stevenson,2300,,,,OF,WSH,NYM,,,,
5680,594824,Greg Garcia,2600,3400,9,,2B,STL,CHC,,,,
9777,571863,Matt Koch,4000,5500,,,P,ARI,SF,,,,
5682,471911,Carlos Carrasco,10500,9500,54,,P,CLE,MIN,,,,
9780,643217,Andrew Benintendi,4400,4300,18,,OF,BOS,LAA,,,,
5685,608577,Nomar Mazara,3400,2300,14,,OF,TEX,TB,,,,
9781,592348,Niko Goodrum,3100,,7,,2B,DET,BAL,,,,
5688,543432,Ryan Lavarnway,2300,,,,1B,PIT,COL,,,,
5690,502051,Josh Ravin,4000,5500,25,,P,ATL,PHI,,,,
5691,425492,Ryan Madson,4000,5500,25,,P,WSH,NYM,,,,
5692,605227,Taylor Featherston,2000,,,,2B,MIN,CLE,,,,
9788,643335,Zach Granite,2600,,,,OF,MIN,CLE,,,,
5693,519184,Ben Revere,2500,,,,OF,CIN,MIL,,,,
9792,593417,Raul Alcantara,4000,,,,P,OAK,CWS,,,,
9797,622441,Rafael Bautista,2300,,,,OF,WSH,NYM,,,,
5703,598271,Brian Johnson,5600,5600,25,,P,BOS,LAA,,,,
9800,600526,Jose Torres,,5500,,,P,SD,LAD,,,,
5705,502671,Paul Goldschmidt,4800,4300,21,,1B,ARI,SF,,,,
9802,622491,Luis Castillo,7300,7000,43,,P,CIN,MIL,,,,
5706,605541,Mike Wright,4900,,25,,P,BAL,DET,,,,
9803,656546,Jeff Hoffman,5600,6100,27,,P,COL,PIT,,,,
5708,448609,Tony Sipp,4000,5500,25,,P,HOU,SEA,,,,
81484,521655,Wilmer Font,4000,5500,25,,P,LAD,SD,,,,
5710,545341,Randal Grichuk,3400,,7,,OF,TOR,KC,,,,
5711,485567,Ezequiel Carrera,2400,,,,OF,ATL,PHI,,,,
5712,473879,Sam Dyson,4000,5500,25,,P,SF,ARI,,,,
5717,595465,Daniel Winkler,4000,5500,25,,P,ATL,PHI,,,,
9817,591741,Jose Osuna,2900,,,,1B,PIT,COL,,,,
5722,572403,Drew VerHagen,4000,,25,,P,DET,BAL,,,,
5725,542979,Keon Broxton,2600,,,,OF,MIL,CIN,,,,
5727,458708,Josh Tomlin,6500,5700,34,,P,CLE,MIN,,,,
5729,457708,Justin Upton,4500,4300,21,,OF,LAA,BOS,,,,
5730,572863,Dustin Garneau,2400,,,,C,OAK,CWS,,,,
5731,516416,Jean Segura,3300,2800,16,,SS,SEA,HOU,,,,
9827,656775,Cedric Mullins,2400,,,,OF,BAL,DET,,,,
5734,488912,Tuffy Gosewisch,2000,,,,C,SEA,HOU,,,,
5735,445060,Ricky Nolasco,5000,,,,P,KC,TOR,,,,
5738,572287,Mike Zunino,2900,2400,10,,C,SEA,HOU,,,,
5739,592696,Eddie Rosario,3000,2900,14,,OF,MIN,CLE,,,,
9837,665750,Leody Taveras,2000,,,,OF,TEX,TB,,,,
5742,596019,Francisco Lindor,4700,4600,14,,SS,CLE,MIN,,,,
5743,592222,Alex Claudio,4000,5500,25,,P,TEX,TB,,,,
5744,519333,Matt Szczur,2700,2100,7,,OF,SD,LAD,,,,
5746,519043,Matt Moore,5700,5900,29,,P,TEX,TB,,,,
5756,543101,Anthony DeSclafani,6000,5500,25,,P,CIN,MIL,,,,
5757,596748,Maikel Franco,3700,3500,14,,3B,PHI,ATL,,,,
5758,501896,David Freese,3000,2400,14,,3B,PIT,COL,,,,
5760,596057,Daniel Norris,5400,,25,,P,DET,BAL,,,,
9858,608371,Lucas Sims,4000,5500,25,,P,ATL,PHI,,,,
5762,502100,Alex Presley,2800,,,,OF,BAL,DET,,,,
5763,592685,Drew Robinson,2800,2000,7,,OF,TEX,TB,,,,
9860,607219,Sal Romano,5800,5600,25,,P,CIN,MIL,,,,
5765,488771,Jason Castro,2800,2200,7,,C,MIN,CLE,,,,
9862,592169,Austin Brice,4000,5500,25,,P,CIN,MIL,,,,
5766,425772,Jeff Mathis,2200,2000,7,,C,ARI,SF,,,,
5768,572816,Corey Dickerson,4300,4200,14,,OF,PIT,COL,,,,
9864,592130,Danny Barnes,4000,,25,,P,TOR,KC,,,,
5769,467008,Pedro Strop,4000,5500,25,,P,CHC,STL,,,,
9865,592336,Daniel Gibson,4000,,,,P,ARI,SF,,,,
5770,572020,James Paxton,8000,8500,47,,P,SEA,HOU,,,,
5773,607387,Ryan Rua,2700,2100,,,OF,TEX,TB,,,,
5775,571521,Rex Brothers,,5500,,,P,ATL,PHI,,,,
5779,543766,Bryan Shaw,4000,5500,25,,P,COL,PIT,,,,
5781,592612,Josh Osich,4000,5500,25,,P,SF,ARI,,,,
5783,621035,Chris Taylor,3800,3200,15,,OF,LAD,SD,,,,
5784,501593,Luis Avilan,4000,5500,25,,P,CWS,OAK,,,,
5785,572021,James Pazos,4000,5500,25,,P,SEA,HOU,,,,
5787,450314,Ben Zobrist,3900,3200,10,,OF,CHC,STL,,,,
5788,474892,Chris Carter,2000,,,,1B,LAA,BOS,,,,
5790,543281,Josh Harrison,3700,3300,7,,2B,PIT,COL,,,,
5791,502517,Daniel Murphy,4200,2000,7,,2B,WSH,NYM,,,,
5796,502042,Chris Archer,10000,8000,52,,P,TB,TEX,,,,
5797,506560,Alexi Amarista,2200,,,,OF,DET,BAL,,,,
5799,408236,Adrian Gonzalez,3500,2700,8,,1B,NYM,WSH,,,,
5800,502110,J.D. Martinez,4900,4000,22,,OF,BOS,LAA,,,,
5801,572750,Eddie Butler,5000,5500,25,,P,CHC,STL,,,,
5803,502032,Bud Norris,4000,5500,25,,P,STL,CHC,,,,
5804,594838,Phil Gosselin,2100,2000,7,,2B,CIN,MIL,,,,
5805,608336,Joey Gallo,4000,3100,17,,1B,TEX,TB,,,,
5806,623182,Patrick Kivlehan,2000,,,,3B,CIN,MIL,,,,
9902,621453,Steven Duggar,2900,,,,OF,SF,ARI,,,,
5807,606192,Teoscar Hernandez,2500,,12,,OF,TOR,KC,,,,
5812,571431,Matt Adams,3000,2400,7,,1B,WSH,NYM,,,,
5813,450172,Edinson Volquez,4000,,,,P,TEX,TB,,,,
5814,544836,Enny Romero,,5500,25,,P,PIT,COL,,,,
5815,518748,Justin Grimm,4000,,25,,P,KC,TOR,,,,
9912,621381,Matt Strahm,4700,5500,25,,P,SD,LAD,,,,
5823,500208,Yangervis Solarte,4000,,16,,2B,TOR,KC,,,,
5825,543877,Christian Vazquez,3200,2000,7,,C,BOS,LAA,,,,
5827,592767,Drew Smyly,4000,5500,38,,P,CHC,STL,,,,
9925,594577,Mike Mayers,4000,5500,,,P,STL,CHC,,,,
5833,543901,Ryan Weber,4000,5500,,,P,TB,TEX,,,,
5835,543331,J.J. Hoover,,5500,,,P,MIL,CIN,,,,
5836,501213,Moises Sierra,2500,2200,7,,OF,WSH,NYM,,,,
9937,547007,Rob Whalen,5000,,,,P,SEA,HOU,,,,
5841,468504,Jhoulys Chacin,6300,5500,34,,P,MIL,CIN,,,,
5842,502154,Zach Britton,4000,,25,,P,BAL,DET,,,,
5845,502481,Jarrod Dyson,2700,2000,7,,OF,ARI,SF,,,,
5847,501992,Nathan Karns,5300,,32,,P,KC,TOR,,,,
5851,547874,Hisashi Iwakuma,5800,,,,P,SEA,HOU,,,,
5852,518516,Madison Bumgarner,9200,8600,54,,P,SF,ARI,,,,
5853,592325,Ben Gamel,2800,2000,9,,OF,SEA,HOU,,,,
5856,543939,Kolten Wong,2700,2100,7,,2B,STL,CHC,,,,
5858,594840,Matt Grace,4000,5500,25,,P,WSH,NYM,,,,
5861,443558,Nelson Cruz,4300,3400,15,,OF,SEA,HOU,,,,
5862,594992,Kevin Shackelford,4000,5500,25,,P,CIN,MIL,,,,
5865,595144,Jaycob Brugman,2200,,,,OF,BAL,DET,,,,
5867,458584,Xavier Cedeno,4000,,,,P,CWS,OAK,,,,
5869,518595,Travis d'Arnaud,3000,2000,7,,C,NYM,WSH,,,,
5870,429665,Edwin Encarnacion,4700,3400,12,,1B,CLE,MIN,,,,
5871,407845,Fernando Rodney,4000,5500,25,,P,MIN,CLE,,,,
5872,543964,Tony Zych,4000,,,,P,SEA,HOU,,,,
5873,594777,Kole Calhoun,3400,2800,11,,OF,LAA,BOS,,,,
5875,572821,Brian Dozier,4500,4000,23,,2B,MIN,CLE,,,,
5876,477132,Clayton Kershaw,12800,11300,60,,P,LAD,SD,,,,
5879,453192,Andrew Miller,4000,5500,25,,P,CLE,MIN,,,,
5881,408045,Joe Mauer,3200,3000,17,,1B,MIN,CLE,,,,
5882,598265,Jackie Bradley Jr.,3400,2900,8,,OF,BOS,LAA,,,,
5883,600474,Pedro Severino,2800,2200,7,,C,WSH,NYM,,,,
5889,518568,Christian Colon,2100,,,,2B,ATL,PHI,,,,
5892,500724,JC Ramirez,6400,5500,31,,P,LAA,BOS,,,,
5893,572041,A.J. Pollock,4700,3200,22,,OF,ARI,SF,,,,
5894,608365,Addison Russell,3800,3400,10,,SS,CHC,STL,,,,
5895,465753,Pedro Florimon,2300,2200,7,,OF,PHI,ATL,,,,
5905,519068,Efren Navarro,2300,2000,,,1B,CHC,STL,,,,
5906,514917,Cesar Hernandez,4300,3900,17,,2B,PHI,ATL,,,,
5914,445197,Mike Dunn,4000,5500,25,,P,COL,PIT,,,,
5915,489232,Anthony Recker,2400,,,,C,ARI,SF,,,,
5918,519096,Dan Otero,4000,5500,25,,P,CLE,MIN,,,,
5921,543169,Brian Flynn,4000,,25,,P,KC,TOR,,,,
5922,444482,David Peralta,3600,3300,19,,OF,ARI,SF,,,,
5925,543408,Tom Koehler,4000,5500,25,,P,LAD,SD,,,,
5928,543475,Jordan Lyles,4000,5500,25,,P,SD,LAD,,,,
5931,543302,Chris Herrmann,2700,,,,C,ARI,SF,,,,
5932,543507,Trevor May,4000,5500,25,,P,MIN,CLE,,,,
5933,457705,Andrew McCutchen,3500,3700,16,,OF,SF,ARI,,,,
5935,502083,Zach McAllister,4000,5500,25,,P,CLE,MIN,,,,
5937,502239,Trevor Cahill,4000,,,,P,OAK,CWS,,,,
5939,541652,Bruce Rondon,4000,5500,25,,P,CWS,OAK,,,,
5942,476704,Jed Lowrie,4000,3700,21,,2B,OAK,CWS,,,,
5943,432934,Chris Young,4000,,,,P,SD,LAD,,,,
5944,467055,Pablo Sandoval,2900,2100,9,,3B,SF,ARI,,,,
5947,519008,T.J. McFarland,4000,5500,25,,P,ARI,SF,,,,
5954,453344,Brandon Morrow,4000,5500,25,,P,CHC,STL,,,,
5955,642082,Chance Sisco,2700,,8,,C,BAL,DET,,,,
5956,451661,Josh Fields,4000,5500,25,,P,LAD,SD,,,,
5958,543935,Alex Wilson,4000,,25,,P,DET,BAL,,,,
5960,607455,Anthony Banda,6000,,,,P,TB,TEX,,,,
5961,448602,Mark Reynolds,3000,,,,1B,WSH,NYM,,,,
5963,607043,Brandon Nimmo,3000,3000,15,,OF,NYM,WSH,,,,
8013,643603,Tyler White,2900,,,,1B,HOU,SEA,,,,
5967,622713,Engelb Vielma,2500,,7,,SS,BAL,DET,,,,
5972,453311,Tim Lincecum,4000,5500,25,,P,TEX,TB,,,,
5974,112526,Bartolo Colon,4700,5800,29,,P,TEX,TB,,,,
5978,502171,Alex Cobb,5900,,41,,P,BAL,DET,,,,
5984,429719,Edwin Jackson,4000,,,,P,WSH,NYM,,,,
5988,571510,Matt Boyd,6000,,34,,P,DET,BAL,,,,
5992,527043,Jefry Marte,3400,2600,8,,1B,LAA,BOS,,,,
5993,621439,Byron Buxton,2900,2500,9,,OF,MIN,CLE,,,,
5994,543278,Blaine Hardy,4000,,,,P,DET,BAL,,,,
5995,543521,Collin McHugh,6000,5700,25,,P,HOU,SEA,,,,
5996,642094,Tyler Smith,2000,,,,SS,ATL,PHI,,,,
53100,659275,Dinelson Lamet,6700,7000,39,,P,SD,LAD,,,,
5997,595373,Jack Reinheimer,2600,,,,SS,ARI,SF,,,,
5998,607067,Colin Rea,4800,5500,25,,P,SD,LAD,,,,
5999,605452,Joe Ross,5000,5500,32,,P,WSH,NYM,,,,
6000,518614,Daniel Descalso,2500,2000,12,,3B,ARI,SF,,,,
6002,433586,Santiago Casilla,4000,5500,25,,P,OAK,CWS,,,,
6003,444520,Craig Breslow,4000,,,,P,TOR,KC,,,,
6005,605490,Bubba Starling,2600,,7,,OF,KC,TOR,,,,
6006,554234,Williams Perez,4000,,,,P,CHC,STL,,,,
6007,489119,Wade Miley,6300,,,,P,MIL,CIN,,,,
6013,462382,Jim Johnson,4000,5500,25,,P,LAA,BOS,,,,
6014,543333,Eric Hosmer,4200,3200,16,,1B,SD,LAD,,,,
6017,488721,Peter Bourjos,2400,2200,7,,OF,ATL,PHI,,,,
6018,502188,Jeff Samardzija,8200,8100,43,,P,SF,ARI,,,,
6021,433589,Yusmeiro Petit,4000,5500,25,,P,OAK,CWS,,,,
6022,642708,Amed Rosario,3200,2400,9,,SS,NYM,WSH,,,,
6025,430947,Erick Aybar,2100,,,,SS,MIN,CLE,,,,
6026,430605,Ryan Raburn,2000,,,,OF,WSH,NYM,,,,
6029,465041,Francisco Cervelli,3400,2800,13,,C,PIT,COL,,,,
6030,458006,Matt Albers,4000,5500,25,,P,MIL,CIN,,,,
6032,622110,Matt Duffy,3200,2900,9,,3B,TB,TEX,,,,
6039,521230,Liam Hendriks,4000,5500,25,,P,OAK,CWS,,,,
6043,446334,Evan Longoria,3000,3000,12,,3B,SF,ARI,,,,
6045,502117,Kristopher Negron,2300,,,,2B,ARI,SF,,,,
6048,573627,Kennys Vargas,2800,,,,1B,MIN,CLE,,,,
6051,643327,Zack Godley,8900,8700,43,,P,ARI,SF,,,,
6052,501817,Tony Barnette,4000,5500,25,,P,TEX,TB,,,,
6053,607776,Mac Williamson,2600,,,,OF,SF,ARI,,,,
6054,453923,Gregor Blanco,2400,2200,8,,OF,SF,ARI,,,,
6056,592426,Luke Jackson,,5500,,,P,ATL,PHI,,,,
6057,594828,Evan Gattis,3700,2500,9,,C,HOU,SEA,,,,
6059,592145,Jesse Biddle,4000,,,,P,ATL,PHI,,,,
6060,592647,Dalton Pompey,2400,,7,,OF,TOR,KC,,,,
6072,448802,Jaime Garcia,6500,,28,,P,TOR,KC,,,,
6073,501957,Chris Tillman,5000,,25,,P,BAL,DET,,,,
6077,430935,Cole Hamels,10300,7400,44,,P,TEX,TB,,,,
6078,433217,Andres Blanco,2100,,,,2B,SF,ARI,,,,
6084,605309,Keone Kela,4000,5500,25,,P,TEX,TB,,,,
6085,542881,Tyler Anderson,6200,6600,29,,P,COL,PIT,,,,
6090,519083,Derek Norris,3000,,,,C,DET,BAL,,,,
6093,450729,Doug Fister,6000,6300,32,,P,TEX,TB,,,,
85964,658792,Aaron Wilkerson,4000,,,,P,MIL,CIN,,,,
6097,519023,Devin Mesoraco,2700,2100,7,,C,CIN,MIL,,,,
6102,543294,Kyle Hendricks,9700,7600,42,,P,CHC,STL,,,,
6103,435263,Brian McCann,3600,2500,12,,C,HOU,SEA,,,,
6104,592804,Tyler Thornburg,4000,5500,25,,P,BOS,LAA,,,,
6105,641941,Emilio Pagan,4000,5500,25,,P,OAK,CWS,,,,
6106,592743,Andrelton Simmons,3600,3600,14,,SS,LAA,BOS,,,,
6108,572008,Chris Owings,3400,2500,9,,OF,ARI,SF,,,,
6110,547180,Bryce Harper,5200,5200,26,,OF,WSH,NYM,,,,
6112,435063,Mike Napoli,2900,,,,1B,CLE,MIN,,,,
6114,279571,Matt Belisle,4000,5500,25,,P,CLE,MIN,,,,
6117,543606,Jake Odorizzi,5700,7600,33,,P,MIN,CLE,,,,
55270,642564,Francis Martes,4900,,,,P,HOU,SEA,,,,
6120,593643,Hanser Alberto,2000,,,,2B,TEX,TB,,,,
6124,456696,David Hernandez,4000,5500,25,,P,CIN,MIL,,,,
6126,488768,Andrew Cashner,5700,,32,,P,BAL,DET,,,,
6128,448179,Rich Hill,9700,7900,43,,P,LAD,SD,,,,
6129,607752,Sam Travis,2800,,,,1B,BOS,LAA,,,,
6131,623352,Josh Hader,4000,5500,25,,P,MIL,CIN,,,,
6132,592863,Mason Williams,2000,,,,OF,CIN,MIL,,,,
6139,435221,Brandon McCarthy,6000,7000,34,,P,ATL,PHI,,,,
6140,572204,Trayce Thompson,2700,2000,7,,OF,OAK,CWS,,,,
6142,542208,Carlos Perez,2200,2000,7,,C,ATL,PHI,,,,