Rank,EntryId,EntryName,EntryPoints,Player,Position,PercentDrafted,PlayerPoints,Pitcher1,Pitcher2,Catcher,FirstBase,SecondBase,ThirdBase,ShortStop,Outfield1,Outfield2,Outfield3,ContestDate,ContestName,ContestId,ContestFee,Winnings
1,1055370992,m3deman,166.8,George Springer,OF,50,9,Stephen Strasburg,Matt Shoemaker,Yan Gomes,Justin Smoak,Jose Altuve,Josh Donaldson,Carlos Correa,George Springer,Dee Gordon,Kevin Pillar,20180331,perfect_game,54847274,333,10000
2,1055557525,Awesemo,159.85,Jose Altuve,2B,49.41,18,Stephen Strasburg,Lance McCullers,Rene Rivera,Justin Smoak,Yangervis Solarte,Josh Donaldson,Zack Cozart,Mike Trout,Randal Grichuk,Steve Pearce,20180331,perfect_game,54847274,333,6000
3,1055308529,MESBRO,156.6,James Paxton,P,43.53,0.5,Jacob deGrom,Stephen Strasburg,Travis d'Arnaud,Matt Adams,Asdrubal Cabrera,Todd Frazier,Yangervis Solarte,Yoenis Cespedes,Jay Bruce,Billy McKinney,20180331,perfect_game,54847274,333,4000
4,1055622114,DraftCheat,144.85,Justin Smoak,1B,42.35,15,Stephen Strasburg,Lance McCullers,Travis d'Arnaud,Justin Smoak,Jed Lowrie,Luis Valbuena,Carlos Correa,George Springer,Jose Martinez,Steve Pearce,20180331,perfect_game,54847274,333,2000
5,1055557529,Awesemo,144.75,Alex Bregman,3B,40,0,Jacob deGrom,Lance McCullers,Rene Rivera,Albert Pujols,Jed Lowrie,Luis Valbuena,Zack Cozart,Mike Trout,Matt Joyce,Stephen Piscotty,20180331,perfect_game,54847274,333,1500
6,1055554549,jd23vt,143.8,Luis Castillo,P,37.65,7.05,Stephen Strasburg,Daniel Mengden,Travis d'Arnaud,Matt Adams,Asdrubal Cabrera,Anthony Rendon,Trea Turner,Bryce Harper,Yoenis Cespedes,Jay Bruce,20180331,perfect_game,54847274,333,1250
7,1055624614,anilprao88,143.25,Gary Sanchez,C,36.47,0,Jacob deGrom,James Paxton,Matt Wieters,Tyler Austin,Neil Walker,Anthony Rendon,Didi Gregorius,Bryce Harper,Adam Eaton,Matt Adams,20180331,perfect_game,54847274,333,1250
8,1055313205,tastefultides,138.8,Carlos Correa,SS,35.29,29,Stephen Strasburg,Matt Shoemaker,Evan Gattis,Albert Pujols,Howie Kendrick,J.D. Davis,Carlos Correa,Mike Trout,Marwin Gonzalez,Randal Grichuk,20180331,perfect_game,54847274,333,1000
9,1055645050,extoneagles,138,Giancarlo Stanton,OF,32.94,7,Lance McCullers,Michael Fulmer,John Hicks,Matt Adams,Jose Altuve,Alex Bregman,Carlos Correa,Bryce Harper,George Springer,Brian Goodwin,20180331,perfect_game,54847274,333,1000
10,1055638611,TGus13,137.8,Evan Gattis,C,32.35,9,Jacob deGrom,Luis Castillo,Brian McCann,Tyler Austin,Scooter Gennett,Todd Frazier,Didi Gregorius,Mike Trout,Aaron Judge,George Springer,20180331,perfect_game,54847274,333,1000
11,1055509306,1967spike,137.05,Jacob deGrom,P,31.76,25.75,Lance McCullers,Luis Castillo,Gary Sanchez,Tyler Austin,Jose Altuve,Todd Frazier,Carlos Correa,Aaron Judge,George Springer,Steve Pearce,20180331,perfect_game,54847274,333,1000
11,1055653216,1967spike,137.05,Aaron Judge,OF,30,0,Lance McCullers,Luis Castillo,Gary Sanchez,Tyler Austin,Jose Altuve,Todd Frazier,Carlos Correa,Aaron Judge,George Springer,Steve Pearce,20180331,perfect_game,54847274,333,750
13,1055583717,isupol,136.75,Stephen Strasburg,P,30,24.85,Jacob deGrom,Lance McCullers,Bruce Maxwell,Justin Smoak,Jed Lowrie,Josh Donaldson,Marcus Semien,Khris Davis,Randal Grichuk,Kevin Pillar,20180331,perfect_game,54847274,333,750
14,1055561823,sacamania,136.4,Steve Pearce,OF,27.06,2,Stephen Strasburg,Carlos Carrasco,Travis d'Arnaud,Justin Smoak,Yangervis Solarte,Josh Donaldson,Marwin Gonzalez,Giancarlo Stanton,Randal Grichuk,Kevin Pillar,20180331,perfect_game,54847274,333,750
15,1055598506,Bambam522812,135.55,Josh Donaldson,3B,25.88,9,Stephen Strasburg,Michael Wacha,Evan Gattis,Matt Adams,Jose Altuve,Alex Bregman,Carlos Correa,Howie Kendrick,Randal Grichuk,Jake Marisnick,20180331,perfect_game,54847274,333,750
16,1055408114,kingpuba33,134.7,Didi Gregorius,SS,23.53,5,Jacob deGrom,Matt Shoemaker,Matt Wieters,Adrian Gonzalez,Jose Altuve,Eugenio Suarez,Didi Gregorius,Yoenis Cespedes,Marwin Gonzalez,Howie Kendrick,20180331,perfect_game,54847274,333,750
17,1055313244,tastefultides,134.55,Neil Walker,2B,22.35,2,Stephen Strasburg,Michael Wacha,Matt Wieters,Matt Adams,Howie Kendrick,Josh Donaldson,Marwin Gonzalez,Bryce Harper,Adam Eaton,Randal Grichuk,20180331,perfect_game,54847274,333,750
18,1055518601,fjbourne,133.9,Marwin Gonzalez,SS,21.76,11,Stephen Strasburg,Luis Castillo,Evan Gattis,Justin Smoak,Jose Altuve,Josh Donaldson,Carlos Correa,George Springer,Marwin Gonzalez,Steve Pearce,20180331,perfect_game,54847274,333,600
19,1055367399,youdacao,133.8,Randal Grichuk,OF,21.76,5,Jacob deGrom,Luis Castillo,Gary Sanchez,Justin Smoak,Yangervis Solarte,Josh Donaldson,Zack Cozart,Mike Trout,Justin Upton,Randal Grichuk,20180331,perfect_game,54847274,333,600
19,1055558112,Jay2136,133.8,Matt Adams,1B,21.76,22,Stephen Strasburg,Matt Shoemaker,Travis d'Arnaud,Justin Smoak,Jose Altuve,Josh Donaldson,Marwin Gonzalez,Mike Trout,Aaron Judge,Billy McKinney,20180331,perfect_game,54847274,333,600
21,1055444516,Smoke22,132.8,Mike Trout,OF,20,26,Jacob deGrom,Luis Castillo,Evan Gattis,Matt Adams,Jose Altuve,Alex Bregman,Carlos Correa,George Springer,Justin Upton,Rajai Davis,20180331,perfect_game,54847274,333,600
22,1055557528,Awesemo,130.55,Michael Wacha,P,17.06,1.7,Carlos Carrasco,Lance McCullers,Evan Gattis,Justin Smoak,Jose Altuve,Josh Donaldson,Aledmys Diaz,Marwin Gonzalez,Randal Grichuk,Kevin Pillar,20180331,perfect_game,54847274,333,600
22,1055641827,cory585,130.55,Matt Olson,1B,15.29,6,Stephen Strasburg,Michael Wacha,Matt Wieters,Justin Smoak,Jose Altuve,Anthony Rendon,Yangervis Solarte,George Springer,Khris Davis,Matt Adams,20180331,perfect_game,54847274,333,600
24,1055541421,Dapokerninja,130.5,Carlos Carrasco,P,13.53,10.55,Lance McCullers,James Paxton,Travis d'Arnaud,Matt Adams,Jose Altuve,Alex Bregman,Carlos Correa,George Springer,Jay Bruce,Randal Grichuk,20180331,perfect_game,54847274,333,600
25,1055595822,marcf,129.6,Khris Davis,OF,12.94,14,Carlos Carrasco,Luis Castillo,Travis d'Arnaud,Adrian Gonzalez,Jose Altuve,Todd Frazier,Carlos Correa,George Springer,Yoenis Cespedes,Jay Bruce,20180331,perfect_game,54847274,333,600
26,1055486582,jaker1soe,128.75,Yangervis Solarte,2B,12.94,14,Jacob deGrom,Lance McCullers,Evan Gattis,Justin Smoak,Yangervis Solarte,Josh Donaldson,Marwin Gonzalez,George Springer,Randal Grichuk,Steve Pearce,20180331,perfect_game,54847274,333,600
27,1055595543,bric75,128.25,J.D. Davis,3B,12.35,0,Jacob deGrom,James Paxton,Brian McCann,Matt Adams,Howie Kendrick,Alex Bregman,Carlos Correa,Joey Gallo,Marwin Gonzalez,Jake Marisnick,20180331,perfect_game,54847274,333,600
28,1055362276,ChipotleAddict,127.8,Lance McCullers Jr.,P,12.35,29,Jacob deGrom,Luis Castillo,Evan Gattis,Tyler Austin,Neil Walker,Alex Bregman,Carlos Correa,Giancarlo Stanton,Aaron Judge,Jake Marisnick,20180331,perfect_game,54847274,333,500
29,1055516378,Smoltzjr,127.55,Matt Joyce,OF,11.76,0,James Paxton,Luis Castillo,Evan Gattis,Justin Smoak,Jose Altuve,Alex Bregman,Carlos Correa,Mike Trout,George Springer,Khris Davis,20180331,perfect_game,54847274,333,500
30,1055589693,clivebixby,126.8,Bryce Harper,OF,11.18,6,Jacob deGrom,Luis Castillo,Travis d'Arnaud,Adrian Gonzalez,Jose Altuve,Alex Bregman,Carlos Correa,George Springer,Marwin Gonzalez,Juan Lagares,20180331,perfect_game,54847274,333,500
31,1055310250,wakeywakey,125.8,Billy McKinney,OF,10,0,Jacob deGrom,Luis Castillo,Gary Sanchez,Albert Pujols,Yangervis Solarte,Josh Donaldson,Zack Cozart,Mike Trout,Justin Upton,Kole Calhoun,20180331,perfect_game,54847274,333,500
32,1055367395,youdacao,125.6,Joey Gallo,OF,8.24,0,Carlos Carrasco,Luis Castillo,Evan Gattis,Justin Smoak,Jose Altuve,Alex Bregman,Carlos Correa,Mike Trout,George Springer,Steve Pearce,20180331,perfect_game,54847274,333,500
32,1055651085,GrindersCal,125.6,Jed Lowrie,2B,8.24,7,Carlos Carrasco,Luis Castillo,Evan Gattis,Justin Smoak,Jose Altuve,Alex Bregman,Carlos Correa,Mike Trout,George Springer,Steve Pearce,20180331,perfect_game,54847274,333,500
34,1055331796,madoublet98,124.8,Zack Cozart,SS,7.06,23,Jacob deGrom,Luis Castillo,Evan Gattis,Justin Smoak,Neil Walker,Alex Bregman,Carlos Correa,Mike Trout,George Springer,Steve Pearce,20180331,perfect_game,54847274,333,500
34,1055428414,LionKing1957,124.8,Brian McCann,C,7.06,14,Jacob deGrom,Luis Castillo,Evan Gattis,Justin Smoak,Neil Walker,Alex Bregman,Carlos Correa,Mike Trout,George Springer,Steve Pearce,20180331,perfect_game,54847274,333,500
36,1055389659,moklovin,123.8,Tyler Austin,1B,6.47,30,Jacob deGrom,Luis Castillo,Evan Gattis,Justin Smoak,Jose Altuve,Josh Donaldson,Carlos Correa,George Springer,Matt Joyce,Steve Pearce,20180331,perfect_game,54847274,333,500
37,1055521916,monds6,123.6,Travis d'Arnaud,C,5.88,16,Jacob deGrom,Stephen Strasburg,Bruce Maxwell,Justin Smoak,Jose Altuve,Josh Donaldson,Yangervis Solarte,Stephen Piscotty,Randal Grichuk,Steve Pearce,20180331,perfect_game,54847274,333,500
38,1055624617,anilprao88,122.2,Marcus Semien,SS,5.29,5,James Paxton,Michael Wacha,Brian McCann,Matt Adams,Howie Kendrick,Alex Bregman,Trea Turner,Bryce Harper,George Springer,Adam Eaton,20180331,perfect_game,54847274,333,500
39,1055557526,Awesemo,121.45,Justin Upton,OF,5.29,9,Jacob deGrom,Michael Wacha,Brian McCann,Justin Smoak,Yangervis Solarte,Alex Bregman,Carlos Correa,George Springer,Marwin Gonzalez,Steve Pearce,20180331,perfect_game,54847274,333,500
40,1055315374,felder15,120.8,Mike Marjama,C,5.29,0,Jacob deGrom,Luis Castillo,Evan Gattis,Justin Smoak,Neil Walker,Alex Bregman,Carlos Correa,Aaron Judge,George Springer,Kevin Pillar,20180331,perfect_game,54847274,333,500
41,1055583740,isupol,120.6,Kole Calhoun,OF,5.29,0,Jacob deGrom,Stephen Strasburg,Bruce Maxwell,Justin Smoak,Jed Lowrie,Josh Donaldson,Marcus Semien,Randal Grichuk,Kevin Pillar,Steve Pearce,20180331,perfect_game,54847274,333,500
42,1055625455,BigT44,119.8,Anthony Rendon,3B,5.29,5,Jacob deGrom,Luis Castillo,Evan Gattis,Justin Smoak,Jose Altuve,Alex Bregman,Carlos Correa,George Springer,Randal Grichuk,Steve Pearce,20180331,perfect_game,54847274,333,500
43,1055311369,ejs39861,119.55,Matt Shoemaker,P,4.71,13.95,James Paxton,Luis Castillo,Evan Gattis,Albert Pujols,Jose Altuve,Alex Bregman,Carlos Correa,Mike Trout,George Springer,Justin Upton,20180331,perfect_game,54847274,333,500
44,1055510369,davewiff,118.25,Howie Kendrick,2B,4.71,8,Jacob deGrom,James Paxton,Evan Gattis,Justin Smoak,Yangervis Solarte,Josh Donaldson,Carlos Correa,George Springer,Randal Grichuk,Steve Pearce,20180331,perfect_game,54847274,333,500
45,1055310251,wakeywakey,118.05,Kevin Pillar,OF,4.71,24,Carlos Carrasco,James Paxton,Evan Gattis,Matt Adams,Neil Walker,Anthony Rendon,Trea Turner,Bryce Harper,Adam Eaton,Steve Pearce,20180331,perfect_game,54847274,333,500
46,1055452781,theOGking_tay,117.9,Jake Marisnick,OF,4.71,18,Stephen Strasburg,Luis Castillo,Gary Sanchez,Matt Olson,Jose Altuve,Josh Donaldson,Marwin Gonzalez,Aaron Judge,Jake Marisnick,Kevin Pillar,20180331,perfect_game,54847274,333,500
47,1055609293,DraftCheat,117.8,Brandon Drury,3B,4.12,4,Stephen Strasburg,Matt Shoemaker,Brian McCann,Justin Smoak,Jose Altuve,Alex Bregman,Marwin Gonzalez,George Springer,Jose Martinez,Steve Pearce,20180331,perfect_game,54847274,333,500
47,1055648630,no1cdib,117.8,Jay Bruce,OF,3.53,2,Stephen Strasburg,Daniel Mengden,Evan Gattis,Matt Olson,Jose Altuve,J.D. Davis,Carlos Correa,George Springer,Khris Davis,Billy McKinney,20180331,perfect_game,54847274,333,500
49,1055602537,Dinkpiece,116.5,Todd Frazier,3B,3.53,13,Lance McCullers,James Paxton,Evan Gattis,Justin Smoak,Jose Altuve,Alex Bregman,Carlos Correa,George Springer,Randal Grichuk,Steve Pearce,20180331,perfect_game,54847274,333,500
50,1055363733,bcassidy13,115.6,Albert Pujols,1B,3.53,12,Carlos Carrasco,Luis Castillo,Travis d'Arnaud,Justin Smoak,Jose Altuve,Alex Bregman,Didi Gregorius,Mike Trout,George Springer,Justin Upton,20180331,perfect_game,54847274,333,500
51,1055367397,youdacao,115.25,Trea Turner,SS,3.53,21,Jacob deGrom,James Paxton,Evan Gattis,Justin Smoak,Jose Altuve,Alex Bregman,Yangervis Solarte,Mike Trout,Randal Grichuk,Steve Pearce,20180331,perfect_game,54847274,333,0
51,1055645107,PetrGibbons,115.25,Adam Eaton,OF,3.53,40,Jacob deGrom,James Paxton,Evan Gattis,Justin Smoak,Neil Walker,Josh Donaldson,Yangervis Solarte,Mike Trout,George Springer,Randal Grichuk,20180331,perfect_game,54847274,333,0
53,1055431832,Sqweatybalz,115.1,Scooter Gennett,2B,3.53,8,CC Sabathia,Luis Castillo,Gary Sanchez,Justin Smoak,Jose Altuve,Alex Bregman,Carlos Correa,Giancarlo Stanton,Mike Trout,Aaron Judge,20180331,perfect_game,54847274,333,0
54,1055521918,monds6,114.9,Matt Wieters,C,3.53,7,Stephen Strasburg,Luis Castillo,Bruce Maxwell,Matt Olson,Jose Altuve,Alex Bregman,Carlos Correa,George Springer,Matt Joyce,Jake Marisnick,20180331,perfect_game,54847274,333,0
55,1055416564,mw0315,114.8,Elvis Andrus,SS,3.53,23,Jacob deGrom,Luis Castillo,Evan Gattis,Justin Smoak,Jose Altuve,Alex Bregman,Elvis Andrus,George Springer,Joey Gallo,Nomar Mazara,20180331,perfect_game,54847274,333,0
55,1055648906,bw5126,114.8,CC Sabathia,P,3.53,13.05,Jacob deGrom,Luis Castillo,Gary Sanchez,Matt Adams,Jose Altuve,Brandon Drury,Didi Gregorius,Giancarlo Stanton,Mike Trout,Billy McKinney,20180331,perfect_game,54847274,333,0
57,1055434029,Duncaroo,114.6,Luis Valbuena,1B,2.94,3,Jacob deGrom,Stephen Strasburg,Mike Marjama,Justin Smoak,Robinson Cano,Kyle Seager,Jean Segura,Nelson Cruz,Nomar Mazara,Randal Grichuk,20180331,perfect_game,54847274,333,0
58,1055589289,camv22,113.65,Yoenis Cespedes,OF,2.94,22,Michael Wacha,Matt Shoemaker,Evan Gattis,Matt Adams,Jose Altuve,Brandon Drury,Carlos Correa,Giancarlo Stanton,Aaron Judge,George Springer,20180331,perfect_game,54847274,333,0
59,1055529650,Quahogs,111.9,Michael Fulmer,P,2.94,0,Stephen Strasburg,Luis Castillo,Evan Gattis,Jose Martinez,Jose Altuve,Alex Bregman,Carlos Correa,George Springer,Matt Joyce,Randal Grichuk,20180331,perfect_game,54847274,333,0
60,1055520520,giantsquid,111.05,Miguel Cabrera,1B,2.94,0,James Paxton,Marco Estrada,Evan Gattis,Matt Adams,Jose Altuve,Alex Bregman,Marwin Gonzalez,Bryce Harper,Mike Trout,George Springer,20180331,perfect_game,54847274,333,0
61,1055595542,bric75,110.9,Bruce Maxwell,C,2.94,3,Stephen Strasburg,Luis Castillo,Gary Sanchez,Tyler Austin,Neil Walker,Adrian Beltre,Didi Gregorius,Mike Trout,Aaron Judge,George Springer,20180331,perfect_game,54847274,333,0
62,1055401807,jontlevy,110.55,Aledmys Diaz,SS,2.35,0,James Paxton,Luis Castillo,Gary Sanchez,Albert Pujols,Jose Altuve,J.D. Davis,Carlos Correa,Mike Trout,George Springer,Justin Upton,20180331,perfect_game,54847274,333,0
63,1055607085,Stonesalltheway,110.25,Jose Martinez,1B,2.35,10,Jacob deGrom,James Paxton,Evan Gattis,Justin Smoak,Jose Altuve,J.D. Davis,Marwin Gonzalez,George Springer,Matt Joyce,Matt Adams,20180331,perfect_game,54847274,333,0
64,1055495377,thepickler,109.55,Leonys Martin,OF,2.35,0,James Paxton,Luis Castillo,Evan Gattis,Tyler Austin,Jose Altuve,Alex Bregman,Carlos Correa,Giancarlo Stanton,Aaron Judge,George Springer,20180331,perfect_game,54847274,333,0
65,1055362275,ChipotleAddict,109.25,John Hicks,C,2.35,0,Jacob deGrom,James Paxton,Evan Gattis,Justin Smoak,Yangervis Solarte,Alex Bregman,Carlos Correa,George Springer,Randal Grichuk,Steve Pearce,20180331,perfect_game,54847274,333,0
66,1055302399,Ebonwraith,108.35,Tommy Pham,OF,2.35,7,Stephen Strasburg,James Paxton,Mike Marjama,Matt Adams,Jose Altuve,Josh Donaldson,Yangervis Solarte,Bryce Harper,George Springer,Randal Grichuk,20180331,perfect_game,54847274,333,0
67,1055581967,wilson1,107.8,Joey Votto,1B,1.76,5,Jacob deGrom,Luis Castillo,Evan Gattis,Justin Smoak,Neil Walker,Alex Bregman,Carlos Correa,George Springer,Joey Gallo,Marwin Gonzalez,20180331,perfect_game,54847274,333,0
68,1055626439,Kmilk2,106.55,Juan Centeno,C,1.76,0,James Paxton,Luis Castillo,Gary Sanchez,Matt Olson,Jose Altuve,J.D. Davis,Carlos Correa,Mike Trout,George Springer,Marwin Gonzalez,20180331,perfect_game,54847274,333,0
69,1055583682,isupol,105.75,Dee Gordon,OF,1.76,8,Jacob deGrom,Lance McCullers,Bruce Maxwell,Matt Olson,Jed Lowrie,Josh Donaldson,Marcus Semien,Khris Davis,Randal Grichuk,Steve Pearce,20180331,perfect_game,54847274,333,0
70,1055410846,felder15,105.7,Adrian Beltre,3B,1.76,7,Lance McCullers,Michael Wacha,Gary Sanchez,Justin Smoak,Neil Walker,Brandon Drury,Zack Cozart,Giancarlo Stanton,Aaron Judge,Kevin Pillar,20180331,perfect_game,54847274,333,0
71,1055642923,devo1099,105.55,Jose Ramirez,3B,1.76,0,James Paxton,Luis Castillo,Evan Gattis,Joey Votto,Jose Altuve,Alex Bregman,Carlos Correa,Giancarlo Stanton,George Springer,Scott Schebler,20180331,perfect_game,54847274,333,0
72,1055595541,bric75,105.25,Adrian Gonzalez,1B,1.76,3,Jacob deGrom,James Paxton,Evan Gattis,Justin Smoak,Jose Altuve,Josh Donaldson,Yangervis Solarte,Giancarlo Stanton,Randal Grichuk,Steve Pearce,20180331,perfect_game,54847274,333,0
73,1055510276,davewiff,104.9,Nomar Mazara,OF,1.76,8,Stephen Strasburg,Luis Castillo,Evan Gattis,Matt Olson,Neil Walker,Alex Bregman,Carlos Correa,George Springer,Joey Gallo,Jake Marisnick,20180331,perfect_game,54847274,333,0
74,1055617619,Tiii,104.85,Jeimer Candelario,3B,1.76,0,Stephen Strasburg,Michael Fulmer,John Hicks,Justin Smoak,Jose Altuve,Josh Donaldson,Marcus Semien,George Springer,Yoenis Cespedes,Steve Pearce,20180331,perfect_game,54847274,333,0
75,1055327346,thepickler,104.75,Daniel Mengden,P,1.76,7.95,Michael Wacha,Luis Castillo,Evan Gattis,Justin Smoak,Jose Altuve,Josh Donaldson,Carlos Correa,Giancarlo Stanton,Aaron Judge,George Springer,20180331,perfect_game,54847274,333,0
76,1055310252,wakeywakey,104.55,Asdrubal Cabrera,2B,1.18,17,James Paxton,Luis Castillo,Gary Sanchez,Justin Smoak,Jose Altuve,Alex Bregman,Carlos Correa,Mike Trout,George Springer,Joey Gallo,20180331,perfect_game,54847274,333,0
77,1055504599,davewiff,104.35,Dixon Machado,2B,1.18,0,Stephen Strasburg,James Paxton,Matt Wieters,Justin Smoak,Yangervis Solarte,Josh Donaldson,Trea Turner,Bryce Harper,Randal Grichuk,Steve Pearce,20180331,perfect_game,54847274,333,0
78,1055362279,ChipotleAddict,103.35,Yan Gomes,C,1.18,16,Stephen Strasburg,James Paxton,Brian McCann,Tyler Austin,Neil Walker,Alex Bregman,Didi Gregorius,Aaron Judge,George Springer,Jake Marisnick,20180331,perfect_game,54847274,333,0
78,1055643205,mrgoodseats,103.35,Ian Kinsler,2B,1.18,0,Stephen Strasburg,James Paxton,Mike Marjama,Justin Smoak,Jose Altuve,Alex Bregman,Elvis Andrus,George Springer,Marwin Gonzalez,Steve Pearce,20180331,perfect_game,54847274,333,0
80,1055521917,monds6,103.3,Shin-soo Choo,OF,1.18,2,Jacob deGrom,Carlos Carrasco,Brian McCann,Matt Olson,Yangervis Solarte,Matt Chapman,Marcus Semien,Khris Davis,Matt Joyce,Steve Pearce,20180331,perfect_game,54847274,333,0
81,1055270798,dandydon,102.6,Kyle Seager,3B,1.18,0,Carlos Carrasco,Luis Castillo,Evan Gattis,Luis Valbuena,Jose Altuve,Alex Bregman,Marwin Gonzalez,Mike Trout,George Springer,Justin Upton,20180331,perfect_game,54847274,333,0
82,1055333395,Wieties49,102.55,Rajai Davis,OF,1.18,4,James Paxton,Luis Castillo,Gary Sanchez,Justin Smoak,Jose Altuve,Alex Bregman,Carlos Correa,Giancarlo Stanton,Mike Trout,Matt Joyce,20180331,perfect_game,54847274,333,0
83,1055471453,brpunkrmax,102.05,Stephen Piscotty,OF,1.18,7,Lance McCullers,Luis Castillo,Gary Sanchez,Luis Valbuena,Jose Altuve,Alex Bregman,Carlos Correa,Giancarlo Stanton,George Springer,Billy McKinney,20180331,perfect_game,54847274,333,0
84,1055624618,anilprao88,100.8,Matt Chapman,3B,1.18,12,Jacob deGrom,Luis Castillo,Evan Gattis,Tyler Austin,Neil Walker,J.D. Davis,Marwin Gonzalez,Giancarlo Stanton,Aaron Judge,George Springer,20180331,perfect_game,54847274,333,0
85,1055362277,ChipotleAddict,100.55,Adam Frazier,2B,1.18,0,James Paxton,Luis Castillo,Gary Sanchez,Tyler Austin,Jose Altuve,J.D. Davis,Carlos Correa,Giancarlo Stanton,Aaron Judge,George Springer,20180331,perfect_game,54847274,333,0
86,1055608561,Moogie,99.85,Dexter Fowler,OF,1.18,0,Stephen Strasburg,Trevor Williams,Matt Wieters,Matt Adams,Jose Altuve,Alex Bregman,Marwin Gonzalez,Bryce Harper,George Springer,Jay Bruce,20180331,perfect_game,54847274,333,0
87,1055389661,moklovin,99.8,Rene Rivera,C,1.18,12,Jacob deGrom,Luis Castillo,Gary Sanchez,Joey Gallo,Ian Kinsler,Adrian Beltre,Elvis Andrus,Mike Trout,Justin Upton,Shin-soo Choo,20180331,perfect_game,54847274,333,0
87,1055521914,monds6,99.8,Nicholas Castellanos,OF,1.18,0,Jacob deGrom,Luis Castillo,Evan Gattis,Matt Olson,Jose Altuve,J.D. Davis,Aledmys Diaz,George Springer,Khris Davis,Marwin Gonzalez,20180331,perfect_game,54847274,333,0
89,1055313241,tastefultides,99.6,Corey Dickerson,OF,1.18,0,Jacob deGrom,Stephen Strasburg,Juan Centeno,Justin Smoak,Neil Walker,Josh Donaldson,Didi Gregorius,Marwin Gonzalez,Randal Grichuk,Steve Pearce,20180331,perfect_game,54847274,333,0
90,1055645049,extoneagles,99,Rougned Odor,2B,0.59,0,Lance McCullers,Michael Fulmer,Yan Gomes,Matt Adams,Jose Altuve,Jose Ramirez,Francisco Lindor,Giancarlo Stanton,Aaron Judge,Rajai Davis,20180331,perfect_game,54847274,333,0
91,1055431348,Moogie,98.55,Eugenio Suarez,3B,0.59,21,James Paxton,CC Sabathia,Evan Gattis,Albert Pujols,Jose Altuve,Josh Donaldson,Trea Turner,Giancarlo Stanton,George Springer,Kole Calhoun,20180331,perfect_game,54847274,333,0
92,1055308759,EmpireMaker2,98.45,Nelson Cruz,OF,0.59,16,Jacob deGrom,Michael Wacha,Evan Gattis,Justin Smoak,Neil Walker,Alex Bregman,Carlos Correa,George Springer,Randal Grichuk,Steve Pearce,20180331,perfect_game,54847274,333,0
93,1055643208,mrgoodseats,98.35,Robinson Cano,2B,0.59,15,Stephen Strasburg,James Paxton,Mike Marjama,Justin Smoak,Jose Altuve,Alex Bregman,Elvis Andrus,George Springer,Dee Gordon,Matt Joyce,20180331,perfect_game,54847274,333,0
94,1055326153,Biesterfield,98.2,Jean Segura,SS,0.59,5,James Paxton,Michael Wacha,Evan Gattis,Matt Adams,Jose Altuve,Alex Bregman,Carlos Correa,Giancarlo Stanton,George Springer,Steve Pearce,20180331,perfect_game,54847274,333,0
95,1055399107,freddieprincstyl,98,Marco Estrada,P,0.59,9.55,Matt Shoemaker,CC Sabathia,Brian McCann,Justin Smoak,Howie Kendrick,Jose Ramirez,Trea Turner,Giancarlo Stanton,Bryce Harper,Aaron Judge,20180331,perfect_game,54847274,333,0
96,1055511035,BFER14,97.5,Jordy Mercer,SS,0.59,0,Lance McCullers,James Paxton,Gary Sanchez,Matt Olson,Jed Lowrie,J.D. Davis,Carlos Correa,Mike Trout,Kole Calhoun,Matt Joyce,20180331,perfect_game,54847274,333,0
97,1055483258,crump11,97.35,Adam Duvall,OF,0.59,18,Stephen Strasburg,James Paxton,Brian McCann,Matt Olson,Jed Lowrie,J.D. Davis,Didi Gregorius,Mike Trout,Khris Davis,Matt Joyce,20180331,perfect_game,54847274,333,0
98,1055559925,HeHaithMe,97.25,Starling Marte,OF,0.59,0,Jacob deGrom,James Paxton,Evan Gattis,Justin Smoak,Neil Walker,Josh Donaldson,Carlos Correa,Aaron Judge,Randal Grichuk,Steve Pearce,20180331,perfect_game,54847274,333,0
99,1055567289,halliam1114,97.2,Josh Harrison,2B,0.59,0,James Paxton,Michael Wacha,Evan Gattis,Matt Olson,Howie Kendrick,Alex Bregman,Zack Cozart,Mike Trout,Justin Upton,Khris Davis,20180331,perfect_game,54847274,333,0
100,1055364860,thepickler,96.55,Francisco Cervelli,C,0.59,0,James Paxton,Luis Castillo,Gary Sanchez,Justin Smoak,Jose Altuve,Josh Donaldson,Didi Gregorius,Giancarlo Stanton,Mike Trout,George Springer,20180331,perfect_game,54847274,333,0
101,1055644236,eck2b,95.35,Juan Lagares,OF,0.59,8,Stephen Strasburg,James Paxton,Evan Gattis,Matt Adams,Jose Altuve,J.D. Davis,Didi Gregorius,George Springer,Tommy Pham,Leonys Martin,20180331,perfect_game,54847274,333,0
101,1055653987,bigsam92,95.35,Marcell Ozuna,OF,0.59,0,Stephen Strasburg,James Paxton,Evan Gattis,Matt Adams,Jose Altuve,J.D. Davis,Didi Gregorius,George Springer,Tommy Pham,Leonys Martin,20180331,perfect_game,54847274,333,0
103,1055424412,sirmalcolm,95.25,Matt Carpenter,1B,0.59,14,Jacob deGrom,James Paxton,Evan Gattis,Matt Adams,Jose Altuve,Alex Bregman,Marwin Gonzalez,George Springer,Matt Joyce,Billy McKinney,20180331,perfect_game,54847274,333,0
104,1055316014,felder15,94.85,Trevor Williams,P,0.59,0,Stephen Strasburg,Lance McCullers,Gary Sanchez,Matt Olson,Jed Lowrie,Brandon Drury,Marcus Semien,Khris Davis,Randal Grichuk,Billy McKinney,20180331,perfect_game,54847274,333,0
105,1055485965,sacamania,94.4,Josh Bell,1B,0.59,0,Stephen Strasburg,Carlos Carrasco,Travis d'Arnaud,Matt Olson,Jed Lowrie,Josh Donaldson,Marcus Semien,Khris Davis,Matt Joyce,Steve Pearce,20180331,perfect_game,54847274,333,0
106,1055547878,loveai,93.7,Andrelton Simmons,SS,0.59,5,Michael Wacha,Michael Fulmer,Evan Gattis,Joey Votto,Jose Altuve,Anthony Rendon,Carlos Correa,Mike Trout,Kole Calhoun,Dexter Fowler,20180331,perfect_game,54847274,333,0
107,1055645053,extoneagles,93.05,Scott Schebler,OF,0.59,21,Lance McCullers,CC Sabathia,Evan Gattis,Matt Adams,Neil Walker,Alex Bregman,Didi Gregorius,Giancarlo Stanton,Bryce Harper,Aaron Judge,20180331,perfect_game,54847274,333,0
108,1055557527,Awesemo,92.25,Francisco Lindor,SS,0.59,3,Carlos Carrasco,Michael Wacha,Brian McCann,Joey Gallo,Jose Altuve,J.D. Davis,Carlos Correa,George Springer,Nomar Mazara,Shin-soo Choo,20180331,perfect_game,54847274,333,0
109,1055313231,tastefultides,90.35,Brian Goodwin,OF,0.59,25,Stephen Strasburg,James Paxton,Gary Sanchez,Justin Smoak,Neil Walker,Josh Donaldson,Didi Gregorius,Giancarlo Stanton,Randal Grichuk,Matt Adams,20180331,perfect_game,54847274,333,0
110,1055270797,dandydon,89.6,NA,NA,0,0,Carlos Carrasco,Luis Castillo,Evan Gattis,Matt Olson,Jose Altuve,Alex Bregman,Marcus Semien,George Springer,Khris Davis,Marwin Gonzalez,20180331,perfect_game,54847274,333,0
111,1055314202,knickgilman,89.55,NA,NA,0,0,James Paxton,Luis Castillo,Gary Sanchez,Justin Smoak,Jose Altuve,Alex Bregman,Carlos Correa,Aaron Judge,George Springer,Marwin Gonzalez,20180331,perfect_game,54847274,333,0
111,1055636476,stlcardinals84,89.55,NA,NA,0,0,James Paxton,Luis Castillo,Gary Sanchez,Justin Smoak,Jose Altuve,Alex Bregman,Carlos Correa,Aaron Judge,George Springer,Marwin Gonzalez,20180331,perfect_game,54847274,333,0
113,1055642813,NateGreat28,89.4,NA,NA,0,0,Stephen Strasburg,Carlos Carrasco,Juan Centeno,Joey Gallo,Neil Walker,J.D. Davis,Elvis Andrus,Giancarlo Stanton,Kole Calhoun,Matt Adams,20180331,perfect_game,54847274,333,0
114,1055581590,Stonesalltheway,89.25,NA,NA,0,0,Jacob deGrom,James Paxton,Evan Gattis,Matt Olson,Jed Lowrie,Alex Bregman,Marcus Semien,Khris Davis,Matt Joyce,Matt Adams,20180331,perfect_game,54847274,333,0
115,1055372409,reztes757,89.2,NA,NA,0,0,James Paxton,Michael Wacha,Evan Gattis,Matt Olson,Jose Altuve,Alex Bregman,Carlos Correa,George Springer,Khris Davis,Steve Pearce,20180331,perfect_game,54847274,333,0
115,1055405392,TBAP,89.2,NA,NA,0,0,James Paxton,Michael Wacha,Gary Sanchez,Matt Adams,Neil Walker,Anthony Rendon,Didi Gregorius,Giancarlo Stanton,Bryce Harper,Adam Eaton,20180331,perfect_game,54847274,333,0
115,1055624616,anilprao88,89.2,NA,NA,0,0,James Paxton,Michael Wacha,Gary Sanchez,Matt Adams,Neil Walker,Anthony Rendon,Didi Gregorius,Giancarlo Stanton,Bryce Harper,Adam Eaton,20180331,perfect_game,54847274,333,0
118,1055367396,youdacao,88.25,NA,NA,0,0,Jacob deGrom,James Paxton,Gary Sanchez,Tyler Austin,Neil Walker,Alex Bregman,Yangervis Solarte,Giancarlo Stanton,George Springer,Billy McKinney,20180331,perfect_game,54847274,333,0
119,1055608329,Signature,86.7,NA,NA,0,0,Lance McCullers,Michael Wacha,Gary Sanchez,Matt Olson,Jose Altuve,Alex Bregman,Zack Cozart,George Springer,Matt Joyce,Billy McKinney,20180331,perfect_game,54847274,333,0
120,1055643209,mrgoodseats,86.35,NA,NA,0,0,Stephen Strasburg,James Paxton,Mike Marjama,Justin Smoak,Jose Altuve,Alex Bregman,Marwin Gonzalez,George Springer,Dee Gordon,Matt Joyce,20180331,perfect_game,54847274,333,0
121,1055558952,cohenspicks,86.2,NA,NA,0,0,James Paxton,Michael Wacha,Gary Sanchez,Justin Smoak,Jose Altuve,Alex Bregman,Carlos Correa,George Springer,Marwin Gonzalez,Steve Pearce,20180331,perfect_game,54847274,333,0
122,1055608227,getoffme2312,84.8,NA,NA,0,0,Jacob deGrom,Luis Castillo,Evan Gattis,Matt Olson,Jose Altuve,Alex Bregman,Didi Gregorius,Giancarlo Stanton,Randal Grichuk,Steve Pearce,20180331,perfect_game,54847274,333,0
123,1055270796,dandydon,84.6,NA,NA,0,0,Carlos Carrasco,Luis Castillo,Evan Gattis,Matt Olson,Jose Altuve,Alex Bregman,Marwin Gonzalez,George Springer,Khris Davis,Matt Joyce,20180331,perfect_game,54847274,333,0
124,1055326490,ebeimfohr,84.55,NA,NA,0,0,James Paxton,Luis Castillo,Gary Sanchez,Luis Valbuena,Jose Altuve,Alex Bregman,Carlos Correa,Giancarlo Stanton,George Springer,Marwin Gonzalez,20180331,perfect_game,54847274,333,0
125,1055645917,BFER14,84.5,NA,NA,0,0,Lance McCullers,James Paxton,Gary Sanchez,Matt Olson,Ian Kinsler,J.D. Davis,Zack Cozart,Mike Trout,Kole Calhoun,Matt Joyce,20180331,perfect_game,54847274,333,0
126,1055541623,ShortMyOwnTeam,83.55,NA,NA,0,0,James Paxton,Luis Castillo,Gary Sanchez,Matt Olson,Jose Altuve,Alex Bregman,Carlos Correa,George Springer,Khris Davis,Kole Calhoun,20180331,perfect_game,54847274,333,0
126,1055541635,ShortMyOwnTeam,83.55,NA,NA,0,0,James Paxton,Luis Castillo,Gary Sanchez,Matt Olson,Jose Altuve,Alex Bregman,Carlos Correa,George Springer,Khris Davis,Kole Calhoun,20180331,perfect_game,54847274,333,0
128,1055341531,yankeesfan2,83.45,NA,NA,0,0,Jacob deGrom,Michael Wacha,Gary Sanchez,Matt Adams,Dixon Machado,Brandon Drury,Elvis Andrus,Giancarlo Stanton,Aaron Judge,Billy McKinney,20180331,perfect_game,54847274,333,0
129,1055320276,dacoltz,83.25,NA,NA,0,0,Jacob deGrom,James Paxton,Brian McCann,Joey Gallo,Rougned Odor,Alex Bregman,Marwin Gonzalez,George Springer,Randal Grichuk,Jake Marisnick,20180331,perfect_game,54847274,333,0
129,1055558172,leonem,83.25,NA,NA,0,0,Jacob deGrom,James Paxton,Gary Sanchez,Justin Smoak,Neil Walker,Josh Donaldson,Carlos Correa,Aaron Judge,Steve Pearce,Billy McKinney,20180331,perfect_game,54847274,333,0
131,1055331921,rdk5042,82.35,NA,NA,0,0,Stephen Strasburg,James Paxton,Mike Marjama,Matt Adams,Jose Altuve,Alex Bregman,Aledmys Diaz,Bryce Harper,George Springer,Steve Pearce,20180331,perfect_game,54847274,333,0
132,1055389660,moklovin,81.35,NA,NA,0,0,Stephen Strasburg,James Paxton,Brian McCann,Matt Adams,Neil Walker,Alex Bregman,Marwin Gonzalez,Giancarlo Stanton,Aaron Judge,Billy McKinney,20180331,perfect_game,54847274,333,0
133,1055645168,GrindersCal,80.6,NA,NA,0,0,Jacob deGrom,Stephen Strasburg,Mike Marjama,Miguel Cabrera,Yangervis Solarte,Josh Donaldson,Aledmys Diaz,Corey Dickerson,Randal Grichuk,Steve Pearce,20180331,perfect_game,54847274,333,0
134,1055360797,thegameOVER,80.35,NA,NA,0,0,Stephen Strasburg,James Paxton,Gary Sanchez,Justin Smoak,Neil Walker,Brandon Drury,Didi Gregorius,Giancarlo Stanton,Kole Calhoun,Matt Adams,20180331,perfect_game,54847274,333,0
134,1055643206,mrgoodseats,80.35,NA,NA,0,0,Stephen Strasburg,James Paxton,Mike Marjama,Justin Smoak,Jose Altuve,Alex Bregman,Marwin Gonzalez,George Springer,Joey Gallo,Steve Pearce,20180331,perfect_game,54847274,333,0
136,1055575248,Bianchibear03,78.8,NA,NA,0,0,Jacob deGrom,Luis Castillo,Gary Sanchez,Justin Smoak,Scooter Gennett,Josh Donaldson,Didi Gregorius,Giancarlo Stanton,Aaron Judge,Steve Pearce,20180331,perfect_game,54847274,333,0
137,1055643207,mrgoodseats,77.35,NA,NA,0,0,Stephen Strasburg,James Paxton,Mike Marjama,Joey Gallo,Jose Altuve,Alex Bregman,Zack Cozart,George Springer,Matt Joyce,Steve Pearce,20180331,perfect_game,54847274,333,0
138,1055394734,adambrown24,76.55,NA,NA,0,0,James Paxton,Luis Castillo,Gary Sanchez,Justin Smoak,Jose Altuve,Kyle Seager,Carlos Correa,Giancarlo Stanton,Aaron Judge,Joey Gallo,20180331,perfect_game,54847274,333,0
139,1055494794,etphonehome,75.8,NA,NA,0,0,Jacob deGrom,Luis Castillo,Gary Sanchez,Justin Smoak,Neil Walker,Josh Donaldson,Didi Gregorius,Giancarlo Stanton,Aaron Judge,Randal Grichuk,20180331,perfect_game,54847274,333,0
139,1055510315,davewiff,75.8,NA,NA,0,0,Jacob deGrom,Luis Castillo,Gary Sanchez,Justin Smoak,Neil Walker,Josh Donaldson,Didi Gregorius,Giancarlo Stanton,Aaron Judge,Randal Grichuk,20180331,perfect_game,54847274,333,0
139,1055521915,monds6,75.8,NA,NA,0,0,Jacob deGrom,Luis Castillo,Gary Sanchez,Justin Smoak,Neil Walker,Josh Donaldson,Didi Gregorius,Giancarlo Stanton,Aaron Judge,Randal Grichuk,20180331,perfect_game,54847274,333,0
139,1055595544,bric75,75.8,NA,NA,0,0,Jacob deGrom,Luis Castillo,Gary Sanchez,Justin Smoak,Neil Walker,Josh Donaldson,Didi Gregorius,Giancarlo Stanton,Aaron Judge,Randal Grichuk,20180331,perfect_game,54847274,333,0
143,1055645051,extoneagles,75.75,NA,NA,0,0,Michael Wacha,CC Sabathia,Gary Sanchez,Matt Adams,Jose Altuve,Alex Bregman,Didi Gregorius,Giancarlo Stanton,Aaron Judge,George Springer,20180331,perfect_game,54847274,333,0
144,1055367398,youdacao,75.6,NA,NA,0,0,Carlos Carrasco,Luis Castillo,Gary Sanchez,Joey Gallo,Neil Walker,J.D. Davis,Carlos Correa,Giancarlo Stanton,George Springer,Marwin Gonzalez,20180331,perfect_game,54847274,333,0
145,1055483226,crump11,75.35,NA,NA,0,0,Stephen Strasburg,James Paxton,Evan Gattis,Matt Olson,Jed Lowrie,J.D. Davis,Didi Gregorius,George Springer,Khris Davis,Matt Joyce,20180331,perfect_game,54847274,333,0
146,1055637314,elstan11,73.05,NA,NA,0,0,Carlos Carrasco,James Paxton,Gary Sanchez,Miguel Cabrera,Scooter Gennett,Josh Donaldson,Didi Gregorius,Mike Trout,Khris Davis,Billy McKinney,20180331,perfect_game,54847274,333,0
147,1055548373,tomo73,71.6,NA,NA,0,0,Carlos Carrasco,Luis Castillo,Gary Sanchez,Justin Smoak,Jose Ramirez,Josh Donaldson,Didi Gregorius,Giancarlo Stanton,Aaron Judge,Adam Duvall,20180331,perfect_game,54847274,333,0
148,1055362278,ChipotleAddict,71.25,NA,NA,0,0,Jacob deGrom,James Paxton,Gary Sanchez,Justin Smoak,Neil Walker,Josh Donaldson,Didi Gregorius,Giancarlo Stanton,Randal Grichuk,Steve Pearce,20180331,perfect_game,54847274,333,0
149,1055638421,Blitztomania,70.55,NA,NA,0,0,James Paxton,Luis Castillo,Gary Sanchez,John Hicks,Jose Altuve,J.D. Davis,Carlos Correa,Giancarlo Stanton,Aaron Judge,George Springer,20180331,perfect_game,54847274,333,0
150,1055632701,Boney10690,70.35,NA,NA,0,0,Stephen Strasburg,James Paxton,Gary Sanchez,Matt Adams,Neil Walker,Alex Bregman,Yangervis Solarte,Giancarlo Stanton,Aaron Judge,Billy McKinney,20180331,perfect_game,54847274,333,0
151,1055593031,mazwa,70.05,NA,NA,0,0,Carlos Carrasco,James Paxton,Evan Gattis,Matt Carpenter,Jose Altuve,Alex Bregman,Marwin Gonzalez,Marcell Ozuna,Tommy Pham,Dexter Fowler,20180331,perfect_game,54847274,333,0
152,1055516478,jlavelle,69.55,NA,NA,0,0,Stephen Strasburg,Michael Wacha,Gary Sanchez,Matt Adams,Jed Lowrie,J.D. Davis,Didi Gregorius,Giancarlo Stanton,Aaron Judge,Steve Pearce,20180331,perfect_game,54847274,333,0
153,1055407191,ARaven52,68.75,NA,NA,0,0,Michael Wacha,Luis Castillo,Gary Sanchez,Justin Smoak,Jose Altuve,Josh Donaldson,Didi Gregorius,Giancarlo Stanton,Bryce Harper,Aaron Judge,20180331,perfect_game,54847274,333,0
154,1055613719,Signature,67.5,NA,NA,0,0,Lance McCullers,James Paxton,Gary Sanchez,Matt Olson,Neil Walker,J.D. Davis,Zack Cozart,Giancarlo Stanton,Aaron Judge,Billy McKinney,20180331,perfect_game,54847274,333,0
155,1055483198,crump11,66.35,NA,NA,0,0,Stephen Strasburg,James Paxton,Evan Gattis,Matt Olson,Jed Lowrie,J.D. Davis,Didi Gregorius,Aaron Judge,Khris Davis,Matt Joyce,20180331,perfect_game,54847274,333,0
156,1055310933,EMSBRO,65.55,NA,NA,0,0,James Paxton,Luis Castillo,Gary Sanchez,Joey Votto,Neil Walker,Todd Frazier,Didi Gregorius,Giancarlo Stanton,Mike Trout,Aaron Judge,20180331,perfect_game,54847274,333,0
157,1055621565,atnorac,64.25,NA,NA,0,0,Carlos Carrasco,Michael Wacha,Gary Sanchez,Justin Smoak,Jed Lowrie,Alex Bregman,Zack Cozart,Aaron Judge,Tommy Pham,Adam Frazier,20180331,perfect_game,54847274,333,0
158,1055522600,Hamre,63.4,NA,NA,0,0,Stephen Strasburg,Carlos Carrasco,John Hicks,Justin Smoak,Adam Frazier,Jeimer Candelario,Jordy Mercer,Jay Bruce,Marwin Gonzalez,Leonys Martin,20180331,perfect_game,54847274,333,0
159,1055283516,bigdshaggyj,63.05,NA,NA,0,0,Carlos Carrasco,James Paxton,Gary Sanchez,Justin Smoak,Yangervis Solarte,Josh Donaldson,Didi Gregorius,Giancarlo Stanton,Aaron Judge,Steve Pearce,20180331,perfect_game,54847274,333,0
160,1055405579,jsurab,62.75,NA,NA,0,0,Michael Wacha,Luis Castillo,Gary Sanchez,Jose Martinez,Jose Altuve,Alex Bregman,Didi Gregorius,Giancarlo Stanton,Aaron Judge,Khris Davis,20180331,perfect_game,54847274,333,0
161,1055370641,thepickler,62.5,NA,NA,0,0,Carlos Carrasco,Matt Shoemaker,Gary Sanchez,Justin Smoak,Neil Walker,Josh Donaldson,Didi Gregorius,Giancarlo Stanton,Aaron Judge,Joey Gallo,20180331,perfect_game,54847274,333,0
162,1055645052,extoneagles,60.55,NA,NA,0,0,James Paxton,CC Sabathia,Gary Sanchez,Matt Adams,Neil Walker,Anthony Rendon,Didi Gregorius,Giancarlo Stanton,Bryce Harper,Aaron Judge,20180331,perfect_game,54847274,333,0
163,1055624615,anilprao88,60.05,NA,NA,0,0,Carlos Carrasco,James Paxton,Gary Sanchez,Justin Smoak,Neil Walker,Josh Donaldson,Yangervis Solarte,Giancarlo Stanton,Aaron Judge,Steve Pearce,20180331,perfect_game,54847274,333,0
164,1055531743,thepickler,58.2,NA,NA,0,0,James Paxton,Michael Wacha,Gary Sanchez,Justin Smoak,Jose Altuve,Josh Donaldson,Didi Gregorius,Giancarlo Stanton,Aaron Judge,Steve Pearce,20180331,perfect_game,54847274,333,0
165,1055567492,chichi19,54.9,NA,NA,0,0,Stephen Strasburg,Luis Castillo,Francisco Cervelli,Miguel Cabrera,Josh Harrison,Jeimer Candelario,Zack Cozart,Starling Marte,Nicholas Castellanos,Corey Dickerson,20180331,perfect_game,54847274,333,0
166,1055543500,Grandpaaj23,54.65,NA,NA,0,0,Michael Wacha,Daniel Mengden,Gary Sanchez,Matt Olson,Scooter Gennett,Anthony Rendon,Didi Gregorius,Giancarlo Stanton,Aaron Judge,Khris Davis,20180331,perfect_game,54847274,333,0
167,1055600058,bbates1984,52.6,NA,NA,0,0,Jacob deGrom,Stephen Strasburg,Juan Centeno,Miguel Cabrera,Neil Walker,Jeimer Candelario,Dixon Machado,Nicholas Castellanos,Leonys Martin,Billy McKinney,20180331,perfect_game,54847274,333,0
168,1055313226,tastefultides,47.2,NA,NA,0,0,James Paxton,Michael Wacha,Gary Sanchez,Justin Smoak,Scooter Gennett,Brandon Drury,Didi Gregorius,Giancarlo Stanton,Bryce Harper,Aaron Judge,20180331,perfect_game,54847274,333,0
169,1055613749,Signature,44.2,NA,NA,0,0,James Paxton,Michael Wacha,Gary Sanchez,Josh Bell,Jose Altuve,Matt Chapman,Andrelton Simmons,Giancarlo Stanton,Aaron Judge,Billy McKinney,20180331,perfect_game,54847274,333,0
170,1055426638,Eddieron,34.7,NA,NA,0,0,Michael Wacha,Michael Fulmer,Gary Sanchez,Miguel Cabrera,Scooter Gennett,Adrian Beltre,Didi Gregorius,Giancarlo Stanton,Bryce Harper,Aaron Judge,20180331,perfect_game,54847274,333,0