Rank,EntryId,EntryName,Points,Player,Roster Position,Drafted,FPTS,,,,,,,,
1,1063181733,pup0082,152.35,Luke Weaver,P,41.60,23.85,Jameson Taillon,Mike Fiers,Christian Vazquez,Tyler Austin,Neil Walker,Rafael Devers,Xander Bogaerts,"Aaron Judge,Mookie Betts,Brett Gardner"
2,1063323899,kdebo,142.4,Aaron Judge,OF,28.20,12,Jameson Taillon,Reynaldo Lopez,Austin Romine,Tyler Austin,Neil Walker,Rafael Devers,Xander Bogaerts,"Mookie Betts,J.D. Martinez,Brett Gardner"
3,1063067621,csynnest,140.55,Kris Bryant,3B,27.60,0,Charlie Morton,Jameson Taillon,Bryan Holaday,Hanley Ramirez,Neil Walker,Yolmer Sanchez,Tim Anderson,"David Peralta,Brett Gardner,Carlos Gomez"
4,1063549804,sm1tty,139.55,Giancarlo Stanton,OF,27.60,0,Charlie Morton,Jameson Taillon,Francisco Cervelli,Josh Bell,Jason Kipnis,Colin Moran,Jordy Mercer,"David Peralta,Josh Reddick,Corey Dickerson"
5,1063496418,mgaines,139.4,Neil Walker,1B,27.40,9,Jameson Taillon,Reynaldo Lopez,Yadier Molina,C.J. Cron,Ronald Torreyes,Manny Machado,Miguel Rojas,"Giancarlo Stanton,Rhys Hoskins,Aaron Judge"
6,1063544416,OldBonebags,138.55,Charlie Morton,P,25.20,26.7,Charlie Morton,Jameson Taillon,Bryan Holaday,Trey Mancini,Jonathan Schoop,Danny Valencia,Manny Machado,"Aaron Judge,Adam Jones,Michael Brantley"
7,1063536945,REDCOAT85,138.2,Carlos Correa,SS,24.40,0,Charlie Morton,Jose Quintana,Willson Contreras,C.J. Cron,Ben Zobrist,Matt Duffy,Addison Russell,"Aaron Judge,Michael Brantley,Carlos Gomez"
8,1063477820,ehafner,137.4,Francisco Lindor,SS,24.20,0,Jameson Taillon,Reynaldo Lopez,Willson Contreras,Josh Bell,Josh Harrison,Kris Bryant,Addison Russell,"Gregory Polanco,Ben Zobrist,Albert Almora"
9,1063109989,shawnzhan,130.2,Willson Contreras,C,24.00,15,Charlie Morton,Mike Fiers,Willson Contreras,Edwin Encarnacion,Jonathan Schoop,Danny Valencia,Manny Machado,"Giancarlo Stanton,Trey Mancini,Anthony Santander"
10,1063253091,dandydon,128.55,Jose Quintana,P,23.20,26.5,Charlie Morton,Luke Weaver,Willson Contreras,Trey Mancini,Ben Zobrist,Kris Bryant,Manny Machado,"Kyle Schwarber,Albert Almora,Anthony Santander"
11,1063485382,ilikepie123,127.55,Jose Ramirez,3B,21.20,4,Charlie Morton,Jameson Taillon,Victor Caratini,Trey Mancini,Jonathan Schoop,Kris Bryant,Manny Machado,"Adam Jones,Ben Zobrist,Albert Almora"
12,1063184361,crump11,126.55,Jordan Montgomery,P,19.60,2.55,Charlie Morton,Jameson Taillon,Austin Romine,Jose Martinez,Neil Walker,Maikel Franco,Ronald Torreyes,"Aaron Judge,Brett Gardner,Marcell Ozuna"
13,1063186495,jaysmov1,125.7,Reynaldo Lopez,P,18.60,21.55,Jameson Taillon,Luke Weaver,Victor Caratini,Carlos Santana,Cesar Hernandez,Miguel Andujar,Francisco Lindor,"Rhys Hoskins,Aaron Judge,Brett Gardner"
13,1063505766,Bianchibear03,125.7,Brett Gardner,OF,18.20,8,Jameson Taillon,Luke Weaver,Austin Romine,Neil Walker,Cesar Hernandez,Maikel Franco,J.P. Crawford,"Giancarlo Stanton,Rhys Hoskins,Aaron Judge"
15,1063477814,ehafner,125.4,Jake Arrieta,P,17.80,12,Reynaldo Lopez,Luke Weaver,Willson Contreras,Hanley Ramirez,Ben Zobrist,Kris Bryant,Eduardo Nunez,"Mookie Betts,J.D. Martinez,Albert Almora"
16,1063190868,crump11,124.55,Alex Bregman,3B,17.80,0,Charlie Morton,Jameson Taillon,Austin Romine,Mitch Moreland,Neil Walker,Maikel Franco,Xander Bogaerts,"Mookie Betts,Jose Martinez,Leury Garcia"
17,1063108458,youdacao,123.55,Eduardo Rodriguez,P,17.40,12.05,Charlie Morton,Luke Weaver,Willson Contreras,Trey Mancini,Jonathan Schoop,Danny Valencia,Manny Machado,"Giancarlo Stanton,Adam Jones,Albert Almora"
18,1063467307,Awesemo,123.5,Jose Altuve,2B,16.00,0,Jake Arrieta,Jose Quintana,Austin Romine,Tyler Austin,Neil Walker,Danny Valencia,Manny Machado,"Giancarlo Stanton,Aaron Judge,Trey Mancini"
19,1063523555,fantasyfever,122.5,Michael Brantley,OF,15.40,5,Jake Arrieta,Jose Quintana,Austin Romine,Hanley Ramirez,Jonathan Schoop,Manny Machado,Tim Beckham,"Aaron Judge,Adam Jones,Trey Mancini"
20,1063438195,tinderella,121.2,Ben Zobrist,2B,15.40,17,Charlie Morton,Jose Quintana,Austin Romine,Tyler Austin,Neil Walker,Miguel Andujar,Francisco Lindor,"Giancarlo Stanton,Michael Brantley,Bradley Zimmer"
21,1063424512,jimmy0923,120.7,Jose Abreu,1B,15.40,2,Jameson Taillon,Luke Weaver,Yan Gomes,Hanley Ramirez,Jose Ramirez,Manny Machado,Francisco Lindor,"J.D. Martinez,Trey Mancini,Albert Almora"
21,1063499670,Sqweatybalz,120.7,Welington Castillo,C,15.40,0,Jameson Taillon,Luke Weaver,Welington Castillo,Tyler Austin,Neil Walker,Matt Duffy,Xander Bogaerts,"Giancarlo Stanton,Aaron Judge,Brett Gardner"
23,1063182327,wcdenin24,120.55,Jason Kipnis,2B,13.20,0,Charlie Morton,Jameson Taillon,Welington Castillo,C.J. Cron,Jason Kipnis,Matt Duffy,Francisco Lindor,"Michael Brantley,Kevin Kiermaier,Carlos Gomez"
24,1063240197,bradhr,119.7,Avisail Garcia,OF,13.00,6,Jameson Taillon,Luke Weaver,Yadier Molina,Neil Walker,Jose Altuve,Kris Bryant,Carlos Correa,"Aaron Judge,Avisail Garcia,Craig Gentry"
24,1063285102,GS30,119.7,Rhys Hoskins,OF,12.80,11,Jameson Taillon,Luke Weaver,Yadier Molina,Ryan Braun,Neil Walker,Jose Ramirez,Manny Machado,"Aaron Judge,Lorenzo Cain,Adam Jones"
24,1063294651,EMSBRO,119.7,Kyle Schwarber,OF,12.60,0,Jameson Taillon,Luke Weaver,Willson Contreras,Neil Walker,Jonathan Schoop,Jace Peterson,Carlos Correa,"Giancarlo Stanton,Aaron Judge,Brett Gardner"
27,1063107693,wcdenin24,119.55,George Springer,OF,12.60,3,Charlie Morton,Jameson Taillon,Yan Gomes,Neil Walker,Jason Kipnis,Matt Duffy,Francisco Lindor,"Michael Brantley,Domingo Santana,Carlos Gomez"
28,1063362695,jaker1soe,119.25,Manny Machado,SS,12.60,8,Charlie Morton,Reynaldo Lopez,Evan Gattis,Trey Mancini,Jonathan Schoop,Danny Valencia,Manny Machado,"George Springer,Josh Reddick,Adam Jones"
29,1063486107,mazwa,119.2,Edwin Encarnacion,1B,12.00,0,Charlie Morton,Jose Quintana,Willson Contreras,Justin Bour,Starlin Castro,Brian Anderson,Miguel Rojas,"Tommy Pham,Derek Dietrich,Dexter Fowler"
30,1063248683,oliver868,118.35,Addison Russell,SS,11.60,0,Jameson Taillon,Jose Quintana,Willson Contreras,Neil Walker,Jose Altuve,Kris Bryant,Jordy Mercer,"Avisail Garcia,Jose Martinez,Corey Dickerson"
31,1063467298,Awesemo,118.25,Mike Clevinger,P,11.00,15.9,Charlie Morton,Reynaldo Lopez,Austin Romine,Neil Walker,Jonathan Schoop,Miguel Andujar,Manny Machado,"Giancarlo Stanton,Aaron Judge,Trey Mancini"
32,1063257090,gsxallstar,116.4,Jameson Taillon,P,10.80,40.85,Jameson Taillon,Reynaldo Lopez,Bryan Holaday,Jose Abreu,Jace Peterson,Matt Duffy,Manny Machado,"Giancarlo Stanton,Rhys Hoskins,Aaron Judge"
32,1063568682,YoYo1104,116.4,Odubel Herrera,OF,10.00,12,Jameson Taillon,Reynaldo Lopez,Yadier Molina,Tyler Austin,Yoan Moncada,Manny Machado,Xander Bogaerts,"Mookie Betts,Brett Gardner,Jose Martinez"
34,1063109979,shawnzhan,116.35,Evan Gattis,C,10.00,0,Mike Fiers,Luke Weaver,Willson Contreras,Tyler Austin,Neil Walker,Kris Bryant,Manny Machado,"Giancarlo Stanton,Aaron Judge,Brett Gardner"
35,1063302830,jeremyshow,115.6,Domingo Santana,OF,9.80,2,Charlie Morton,Mike Clevinger,Yan Gomes,Jesus Aguilar,Neil Walker,Miguel Andujar,Miguel Rojas,"Aaron Judge,Domingo Santana,Hernan Perez"
36,1063017107,doubleplay15,115.4,Albert Almora Jr.,OF,9.80,9,Jameson Taillon,Reynaldo Lopez,Victor Caratini,Neil Walker,Jonathan Schoop,Alex Bregman,Manny Machado,"Mookie Betts,George Springer,Andrew Benintendi"
37,1063277541,REDCOAT85,115.2,Ryan Braun,1B,9.40,0,Charlie Morton,Jose Quintana,Evan Gattis,C.J. Cron,Neil Walker,Matt Duffy,Eduardo Nunez,"Giancarlo Stanton,Brett Gardner,Carlos Gomez"
38,1063277545,REDCOAT85,114.7,Victor Caratini,C,9.40,5,Charlie Morton,Jake Arrieta,Francisco Cervelli,C.J. Cron,Neil Walker,Matt Duffy,Eduardo Nunez,"Aaron Judge,Brett Gardner,Carlos Gomez"
39,1063135741,BirdWings,114.55,Yoan Moncada,2B,9.40,0,Charlie Morton,Luke Weaver,Victor Caratini,Tyler Austin,Neil Walker,Alex Bregman,Carlos Correa,"Aaron Judge,Josh Reddick,Michael Brantley"
40,1063171652,bouncehouse22,114.4,Carlos Santana,1B,9.40,2,Jameson Taillon,Reynaldo Lopez,Yan Gomes,Jose Abreu,Yolmer Sanchez,Matt Davidson,Tim Anderson,"Aaron Judge,Lorenzo Cain,Avisail Garcia"
41,1063467300,Awesemo,114.05,Mookie Betts,OF,9.20,16,Jose Quintana,Reynaldo Lopez,Willson Contreras,Carlos Santana,Cesar Hernandez,Kris Bryant,J.P. Crawford,"Rhys Hoskins,Odubel Herrera,Ben Zobrist"
42,1063563131,easton136,113.7,Xander Bogaerts,SS,9.20,3,Jameson Taillon,Luke Weaver,Welington Castillo,Josh Bell,Jose Ramirez,Manny Machado,Francisco Lindor,"Josh Reddick,Brett Gardner,Michael Brantley"
43,1063463714,Omnipoint,113.55,Maikel Franco,3B,8.60,3,Charlie Morton,Luke Weaver,Yadier Molina,Tyler Austin,Neil Walker,Mike Moustakas,Tim Beckham,"Giancarlo Stanton,Aaron Judge,Nick Williams"
43,1063517258,shanksalot,113.55,Dexter Fowler,OF,8.60,0,Charlie Morton,Luke Weaver,Willson Contreras,Trey Mancini,Neil Walker,Manny Machado,Ronald Torreyes,"Giancarlo Stanton,Brett Gardner,Adam Jones"
43,1063543184,isupol,113.55,Matt Davidson,3B,7.80,2,Charlie Morton,Luke Weaver,Max Stassi,Marwin Gonzalez,Cesar Hernandez,Maikel Franco,Carlos Correa,"Rhys Hoskins,Odubel Herrera,Nick Williams"
46,1063054383,giantsquid,113.5,J.D. Martinez,OF,7.80,0,Jake Arrieta,Jose Quintana,Willson Contreras,C.J. Cron,Ben Zobrist,Kris Bryant,Manny Machado,"Kyle Schwarber,Albert Almora,Carlos Gomez"
47,1063483750,Notorious,112.55,Josh Reddick,OF,7.40,19,Charlie Morton,Luke Weaver,Evan Gattis,Tyler Austin,Neil Walker,Miguel Andujar,Carlos Correa,"George Springer,Josh Reddick,Marcell Ozuna"
47,1063486108,mazwa,112.55,Tommy Pham,OF,7.00,2,Charlie Morton,Luke Weaver,Willson Contreras,Justin Bour,Ben Zobrist,Kris Bryant,Addison Russell,"Aaron Judge,Albert Almora,Nicky Delmonico"
47,1063567429,cpamike,112.55,Yan Gomes,C,6.60,16,Charlie Morton,Jameson Taillon,Francisco Cervelli,Carlos Santana,Cesar Hernandez,Manny Machado,Jordy Mercer,"Jose Martinez,Odubel Herrera,Trey Mancini"
50,1063107957,wcdenin24,112.4,Matt Carpenter,1B,6.40,2,Jameson Taillon,Reynaldo Lopez,Yan Gomes,Neil Walker,Jason Kipnis,Jose Ramirez,Francisco Lindor,"Giancarlo Stanton,Adam Jones,Carlos Gomez"
51,1063108461,youdacao,111.7,Cesar Hernandez,2B,6.40,9,Jameson Taillon,Luke Weaver,Caleb Joseph,Trey Mancini,Jonathan Schoop,Kris Bryant,Manny Machado,"Mookie Betts,J.D. Martinez,Adam Jones"
51,1063140943,ezellmt,111.7,Tyler Austin,1B,6.40,14,Jameson Taillon,Luke Weaver,Victor Caratini,Trey Mancini,Neil Walker,Kris Bryant,Manny Machado,"Giancarlo Stanton,Aaron Judge,Brett Gardner"
53,1063446713,cubbiesfan202,111.6,Trey Mancini,1B,6.40,5,Eduardo Rodriguez,Reynaldo Lopez,Willson Contreras,Hanley Ramirez,Ben Zobrist,Rafael Devers,Xander Bogaerts,"Mookie Betts,J.D. Martinez,Hernan Perez"
54,1063099382,hoop2410,111.55,Lorenzo Cain,OF,6.20,6,Charlie Morton,Luke Weaver,Victor Caratini,Neil Walker,Ben Zobrist,Alex Bregman,Carlos Correa,"George Springer,Josh Reddick,Brett Gardner"
55,1063531568,fontastic,111.5,Marcell Ozuna,OF,6.00,3,Jake Arrieta,Jose Quintana,Victor Caratini,Tyler Austin,Neil Walker,Miguel Andujar,Manny Machado,"Giancarlo Stanton,Aaron Judge,Adam Jones"
56,1063467306,Awesemo,110.55,Nicky Delmonico,OF,5.80,2,Charlie Morton,Luke Weaver,Victor Caratini,Neil Walker,Ben Zobrist,Kris Bryant,Addison Russell,"Aaron Judge,Brett Gardner,Albert Almora"
57,1063547995,BernardtheGSD,110.5,Tyler Mahle,P,5.80,-1.5,Jake Arrieta,Jose Quintana,Alex Avila,Edwin Encarnacion,Jose Ramirez,Danny Valencia,Manny Machado,"Gregory Polanco,Adam Jones,Carlos Gomez"
58,1063416266,kkuuyyaa,109.7,Yadier Molina,C,5.40,5,Jameson Taillon,Luke Weaver,Andrew Knapp,Matt Carpenter,Neil Walker,Jose Ramirez,Manny Machado,"Giancarlo Stanton,Rhys Hoskins,Brett Gardner"
59,1063486114,mazwa,109.55,Nick Williams,OF,5.40,5,Charlie Morton,Luke Weaver,Willson Contreras,Justin Bour,Miguel Rojas,Alex Bregman,Carlos Correa,"Aaron Judge,Tommy Pham,Trey Mancini"
60,1063523551,fantasyfever,109.2,Jonathan Schoop,2B,5.20,5,Charlie Morton,Jose Quintana,Victor Caratini,Carlos Santana,Niko Goodrum,Maikel Franco,Eduardo Nunez,"Rhys Hoskins,Odubel Herrera,Nick Williams"
61,1063112453,wcdenin24,108.55,Andrew Knapp,C,5.20,3,Charlie Morton,Jameson Taillon,Welington Castillo,Edwin Encarnacion,Neil Walker,Matt Duffy,Francisco Lindor,"Kevin Kiermaier,Carlos Gomez,Hernan Perez"
61,1063156175,scout326,108.55,Bradley Zimmer,OF,5.00,9,Jose Quintana,Eduardo Rodriguez,Victor Caratini,Hanley Ramirez,Ben Zobrist,Kris Bryant,Eduardo Nunez,"Mookie Betts,J.D. Martinez,Albert Almora"
61,1063253087,dandydon,108.55,Jose Martinez,OF,4.80,0,Charlie Morton,Luke Weaver,Willson Contreras,Trey Mancini,Ben Zobrist,Kris Bryant,Addison Russell,"Aaron Judge,Albert Almora,Dexter Fowler"
61,1063577711,weavster22,108.55,Marwin Gonzalez,1B,4.60,5,Charlie Morton,Luke Weaver,Bryan Holaday,Neil Walker,Jonathan Schoop,Alex Bregman,Carlos Correa,"Aaron Judge,Josh Reddick,Brett Gardner"
65,1063108455,youdacao,108.35,Austin Romine,C,4.40,17,Jose Quintana,Luke Weaver,Willson Contreras,Trey Mancini,Ben Zobrist,Kris Bryant,Addison Russell,"Giancarlo Stanton,Aaron Judge,Albert Almora"
65,1063354470,BrothaChristian,108.35,Jace Peterson,2B,4.20,6,Jameson Taillon,Taijuan Walker,Austin Romine,Tyler Austin,Jose Altuve,Alex Bregman,Manny Machado,"George Springer,Brett Gardner,Derek Fisher"
67,1063188454,dan5r,107.55,Miguel Andujar,3B,4.20,14,Charlie Morton,Luke Weaver,Max Stassi,Carlos Santana,Cesar Hernandez,Alex Bregman,Paul DeJong,"Rhys Hoskins,Odubel Herrera,Nick Williams"
67,1063406109,KKHS_Maz,107.55,Ronald Torreyes,SS,4.20,7,Charlie Morton,Luke Weaver,Andrew Knapp,Tyler Austin,Neil Walker,Miguel Andujar,Francisco Lindor,"Giancarlo Stanton,Aaron Judge,Nick Williams"
69,1063074899,bigdshaggyj,106.55,Eduardo Nunez,SS,4.00,9,Charlie Morton,Luke Weaver,Welington Castillo,Tyler Austin,Neil Walker,Miguel Andujar,Manny Machado,"Rhys Hoskins,J.D. Martinez,Jesse Winker"
69,1063277542,REDCOAT85,106.55,Mike Fiers,P,3.80,26.5,Jose Quintana,Eduardo Rodriguez,Willson Contreras,Justin Bour,Ben Zobrist,Kris Bryant,Addison Russell,"Aaron Judge,Brett Gardner,Albert Almora"
71,1063477808,ehafner,106.05,Billy Hamilton,OF,3.80,0,Jose Quintana,Reynaldo Lopez,Willson Contreras,Neil Walker,Ben Zobrist,Kris Bryant,Addison Russell,"Giancarlo Stanton,Brett Gardner,Albert Almora"
72,1063523554,fantasyfever,105.7,Niko Goodrum,2B,3.80,9,Charlie Morton,Jake Arrieta,Manny Pina,C.J. Cron,Daniel Robertson,Matt Duffy,Carlos Correa,"Giancarlo Stanton,Kevin Kiermaier,Carlos Gomez"
73,1063156176,scout326,105.5,Hanley Ramirez,1B,3.80,14,Jake Arrieta,Jose Quintana,Victor Caratini,Josh Bell,Ben Zobrist,Kris Bryant,Addison Russell,"Starling Marte,Gregory Polanco,Corey Dickerson"
74,1063466477,Louiegatbs,105.4,Manny Pina,C,3.80,0,Reynaldo Lopez,Luke Weaver,Yan Gomes,Edwin Encarnacion,Yoan Moncada,Manny Machado,Xander Bogaerts,"Rhys Hoskins,Aaron Judge,Carlos Gomez"
75,1063108469,youdacao,105.35,Yonder Alonso,1B,3.40,5,Jose Quintana,Luke Weaver,Willson Contreras,Carlos Santana,Ben Zobrist,Alex Bregman,Addison Russell,"Kyle Schwarber,Odubel Herrera,Albert Almora"
75,1063184838,bryito12,105.35,Andrew Benintendi,OF,3.40,7,Jose Quintana,Luke Weaver,Willson Contreras,Edwin Encarnacion,Ben Zobrist,Kris Bryant,Francisco Lindor,"Kyle Schwarber,Corey Dickerson,Albert Almora"
77,1063467303,Awesemo,105.2,Adam Jones,OF,3.40,11,Charlie Morton,Jose Quintana,Andrew Knapp,Miguel Cabrera,Cesar Hernandez,Jeimer Candelario,J.P. Crawford,"Rhys Hoskins,Odubel Herrera,Leonys Martin"
78,1063309956,fortheoffice,104.75,Jesus Aguilar,1B,3.40,2,Mike Clevinger,Luke Weaver,Willson Contreras,Carlos Santana,Ben Zobrist,Maikel Franco,Addison Russell,"Rhys Hoskins,Odubel Herrera,Nick Williams"
79,1063140122,BirdWings,104.55,Tim Anderson,SS,3.20,8,Charlie Morton,Luke Weaver,Max Stassi,Tyler Austin,Neil Walker,Alex Bregman,Carlos Correa,"George Springer,Brett Gardner,Domingo Santana"
79,1063500313,Seaweed81,104.55,Mike Moustakas,3B,3.20,6,Charlie Morton,Luke Weaver,Yan Gomes,Ryan Braun,Cesar Hernandez,Maikel Franco,Ronald Torreyes,"Rhys Hoskins,Lorenzo Cain,Domingo Santana"
81,1063108465,youdacao,104.35,Carlos Gomez,OF,3.20,10,Jose Quintana,Luke Weaver,Willson Contreras,Trey Mancini,Jose Altuve,Kris Bryant,Manny Machado,"Kyle Schwarber,Ben Zobrist,Albert Almora"
81,1063467305,Awesemo,104.35,Justin Bour,1B,3.20,7,Jose Quintana,Luke Weaver,Andrew Knapp,Carlos Santana,Cesar Hernandez,Rafael Devers,J.P. Crawford,"Rhys Hoskins,Mookie Betts,J.D. Martinez"
81,1063494740,zhatch123,104.35,Leury Garcia,OF,3.00,0,Jose Quintana,Luke Weaver,Evan Gattis,Matt Carpenter,Jonathan Schoop,Manny Machado,Xander Bogaerts,"Aaron Judge,Mookie Betts,Brett Gardner"
84,1063576792,GrindersCal,103.9,Tucker Barnhart,C,3.00,0,Jameson Taillon,Eduardo Rodriguez,Christian Vazquez,Mitch Moreland,Niko Goodrum,Jeimer Candelario,Paul DeJong,"Mookie Betts,J.D. Martinez,Andrew Benintendi"
85,1063184368,crump11,103.55,Max Stassi,C,3.00,18,Charlie Morton,Jameson Taillon,Austin Romine,Matt Carpenter,Neil Walker,Maikel Franco,Carlos Correa,"Marcell Ozuna,Tommy Pham,Jose Martinez"
86,1063519248,Mishkin,103.4,Paul DeJong,SS,3.00,0,Jameson Taillon,Reynaldo Lopez,Yadier Molina,Matt Davidson,Cesar Hernandez,Maikel Franco,Xander Bogaerts,"Mookie Betts,Marcell Ozuna,Jose Martinez"
87,1063290441,COYLER5186,103.35,Lucas Duda,1B,2.60,3,Jose Quintana,Luke Weaver,Andrew Knapp,Edwin Encarnacion,Jose Ramirez,Mike Moustakas,Manny Machado,"Aaron Judge,Brett Gardner,Odubel Herrera"
88,1063446318,windchimesRrude,102.5,Corey Dickerson,OF,2.40,14,Jake Arrieta,Jose Quintana,Willson Contreras,Lucas Duda,Whit Merrifield,Mike Moustakas,Carlos Correa,"Aaron Judge,Jon Jay,Jorge Soler"
89,1063289598,fatqb3,102.4,J.P. Crawford,SS,2.40,0,Jameson Taillon,Jordan Montgomery,Austin Romine,Ryan Braun,Eduardo Nunez,Maikel Franco,Xander Bogaerts,"Aaron Judge,Andrew Benintendi,Brett Gardner"
90,1063492703,Legit-Storm,101.6,Jesus Sucre,C,2.20,2,Charlie Morton,Mike Clevinger,Tucker Barnhart,Paul Goldschmidt,Ketel Marte,Jace Peterson,Jose Peraza,"A.J. Pollock,David Peralta,Braxton Lee"
91,1063253089,dandydon,101.55,Matt Duffy,3B,2.20,10,Charlie Morton,Luke Weaver,Willson Contreras,Jesus Aguilar,Ben Zobrist,Kris Bryant,Addison Russell,"Lorenzo Cain,Domingo Santana,Albert Almora"
91,1063530963,bquicksix,101.55,Danny Valencia,3B,2.20,20,Charlie Morton,Luke Weaver,Welington Castillo,Jose Abreu,Yoan Moncada,Matt Davidson,Daniel Robertson,"Rhys Hoskins,Odubel Herrera,Nick Williams"
93,1063101535,wcdenin24,101.35,Derek Dietrich,OF,2.20,3,Jameson Taillon,Taijuan Walker,Yan Gomes,Neil Walker,Jason Kipnis,Jose Ramirez,Francisco Lindor,"Starling Marte,Ryan Braun,Carlos Gomez"
94,1063523552,fantasyfever,101.25,Paul Goldschmidt,1B,2.00,0,Charlie Morton,Jordan Montgomery,Welington Castillo,Justin Bour,Starlin Castro,Brian Anderson,Miguel Rojas,"Mookie Betts,Andrew Benintendi,Derek Dietrich"
95,1063561167,Wojo29,100.75,Joey Votto,1B,2.00,0,Mike Clevinger,Luke Weaver,Yan Gomes,Justin Bour,Jose Ramirez,Maikel Franco,Xander Bogaerts,"Rhys Hoskins,Michael Brantley,Odubel Herrera"
96,1063156165,scout326,100.55,Jose Peraza,SS,2.00,0,Jose Quintana,Eduardo Rodriguez,Yadier Molina,Hanley Ramirez,Eduardo Nunez,Rafael Devers,Xander Bogaerts,"Mookie Betts,Tommy Pham,Dexter Fowler"
97,1063261147,trebelg9,100.35,C.J. Cron,1B,2.00,16,Jose Quintana,Luke Weaver,Evan Gattis,Neil Walker,Jonathan Schoop,Alex Bregman,Manny Machado,"Aaron Judge,Mookie Betts,Ryan Braun"
98,1063277540,REDCOAT85,100.05,Taijuan Walker,P,2.00,14.5,Jake Arrieta,Eduardo Rodriguez,Willson Contreras,Trey Mancini,Neil Walker,Danny Valencia,Ronald Torreyes,"Giancarlo Stanton,Aaron Judge,Brett Gardner"
99,1063109990,shawnzhan,99.35,Hernan Perez,OF,2.00,0,Jose Quintana,Luke Weaver,Willson Contreras,Jose Abreu,Jose Ramirez,Matt Davidson,Tim Anderson,"Aaron Judge,Avisail Garcia,Leury Garcia"
99,1063178727,m3deman,99.35,Scooter Gennett,2B,1.80,2,Jose Quintana,Luke Weaver,Willson Contreras,Matt Carpenter,Jonathan Schoop,Manny Machado,Xander Bogaerts,"Rhys Hoskins,J.D. Martinez,Trey Mancini"
101,1063554868,MIKERUSH10,99.3,Jesse Winker,OF,1.80,0,Jake Arrieta,Chase Anderson,Yan Gomes,Neil Walker,Yolmer Sanchez,Tim Beckham,Eduardo Nunez,"Rhys Hoskins,Aaron Judge,Niko Goodrum"
102,1063156166,scout326,99.2,Rafael Devers,3B,1.80,13,Charlie Morton,Jose Quintana,Austin Romine,Jose Abreu,Yoan Moncada,Jace Peterson,Ronald Torreyes,"Giancarlo Stanton,Brett Gardner,Avisail Garcia"
102,1063213500,reztes757,99.2,Francisco Cervelli,C,1.80,2,Charlie Morton,Taijuan Walker,Alex Avila,Paul Goldschmidt,Neil Walker,Daniel Descalso,Ketel Marte,"David Peralta,Josh Reddick,Brett Gardner"
104,1063309714,jeremyshow,98.75,Trevor Richards,P,1.80,1.6,Mike Clevinger,Jameson Taillon,Yadier Molina,Jose Abreu,Yoan Moncada,Matt Davidson,Daniel Robertson,"Tommy Pham,Kevin Kiermaier,Dexter Fowler"
105,1063108462,youdacao,98.55,Whit Merrifield,2B,1.60,3,Charlie Morton,Luke Weaver,Willson Contreras,Carlos Santana,Ben Zobrist,Alex Bregman,Addison Russell,"Kyle Schwarber,Albert Almora,Nick Williams"
105,1063274042,mariob888,98.55,Adam Duvall,OF,1.60,0,Jake Arrieta,Reynaldo Lopez,Manny Pina,Tyler Austin,Jonathan Schoop,Maikel Franco,Manny Machado,"Rhys Hoskins,Aaron Judge,Odubel Herrera"
105,1063530962,bquicksix,98.55,Yolmer Sanchez,3B,1.60,0,Charlie Morton,Luke Weaver,Max Stassi,Jesus Aguilar,Jose Altuve,Danny Valencia,Carlos Correa,"George Springer,Domingo Santana,Derek Fisher"
108,1063141029,jdoc74,98.05,Derek Fisher,OF,1.60,3,Tyler Mahle,Reynaldo Lopez,Yadier Molina,Tyler Austin,Jose Ramirez,Manny Machado,Addison Russell,"Mookie Betts,A.J. Pollock,Starling Marte"
109,1063386669,jontlevy,97.85,Mitch Moreland,1B,1.60,9,Jake Arrieta,Luke Weaver,Yan Gomes,Tyler Austin,Jose Ramirez,Maikel Franco,Francisco Lindor,"Aaron Judge,Brett Gardner,Michael Brantley"
110,1063134468,ineedmoney23,97.55,Jonathan Villar,2B,1.40,5,Charlie Morton,Luke Weaver,Manny Pina,Mitch Moreland,Neil Walker,Jace Peterson,Xander Bogaerts,"Giancarlo Stanton,Aaron Judge,Brett Gardner"
111,1063275917,kingpuba33,97.5,Nicholas Castellanos,OF,1.40,0,Jake Arrieta,Jose Quintana,Yan Gomes,Matt Carpenter,Jose Ramirez,Danny Valencia,Francisco Lindor,"Andrew Benintendi,Marwin Gonzalez,Trey Mancini"
112,1063484879,marcf,97.39999,Miguel Cabrera,1B,1.40,2,Jameson Taillon,Reynaldo Lopez,Welington Castillo,Jose Abreu,Neil Walker,Jose Ramirez,Francisco Lindor,"Aaron Judge,Avisail Garcia,Nicky Delmonico"
113,1063467302,Awesemo,97.35,Leonys Martin,OF,1.40,15,Jose Quintana,Luke Weaver,Tucker Barnhart,Joey Votto,Scooter Gennett,Rafael Devers,Eduardo Nunez,"Mookie Betts,J.D. Martinez,Andrew Benintendi"
114,1063171872,TheGrinder24,97.2,David Peralta,OF,1.40,19,Charlie Morton,Mike Fiers,Yadier Molina,Paul Goldschmidt,Jose Altuve,Mike Moustakas,Eduardo Nunez,"A.J. Pollock,Billy Hamilton,Dexter Fowler"
115,1063444908,Wreck-Havoc-22,96.95,Bryan Holaday,C,1.40,5,Mike Clevinger,Eduardo Rodriguez,Max Stassi,Edwin Encarnacion,Neil Walker,Miguel Andujar,Ronald Torreyes,"Giancarlo Stanton,Aaron Judge,Niko Goodrum"
116,1063483458,Tommyg1979,96.6,Christian Vazquez,C,1.40,10,Eduardo Rodriguez,Reynaldo Lopez,Victor Caratini,Hanley Ramirez,Jose Ramirez,Miguel Andujar,Xander Bogaerts,"Mookie Betts,J.D. Martinez,Andrew Benintendi"
117,1063477816,ehafner,96.55,Alex Avila,C,1.40,0,Jake Arrieta,Reynaldo Lopez,Willson Contreras,Carlos Santana,Cesar Hernandez,Kris Bryant,J.P. Crawford,"Rhys Hoskins,Ben Zobrist,Albert Almora"
117,1063508839,wilson1,96.55,Chase Anderson,P,1.40,9.3,Charlie Morton,Luke Weaver,Max Stassi,Neil Walker,Jose Altuve,Alex Bregman,Carlos Correa,"Brett Gardner,Domingo Santana,Albert Almora"
117,1063530519,extoneagles,96.55,Jeimer Candelario,3B,1.40,0,Charlie Morton,Jameson Taillon,Victor Caratini,Matt Carpenter,Neil Walker,Kris Bryant,Manny Machado,"Marcell Ozuna,Tommy Pham,Dexter Fowler"
120,1063517071,McJester,96.4,Starling Marte,OF,1.20,7,Reynaldo Lopez,Luke Weaver,Willson Contreras,Marwin Gonzalez,Scooter Gennett,Miguel Andujar,Carlos Correa,"Giancarlo Stanton,Aaron Judge,George Springer"
121,1062996448,ChipotleAddict,96.05,Tyler Naquin,OF,1.20,3,Jose Quintana,Reynaldo Lopez,Willson Contreras,Yonder Alonso,Ben Zobrist,Jose Ramirez,Francisco Lindor,"Kyle Schwarber,Tommy Pham,Michael Brantley"
122,1063253088,dandydon,95.55,Gregory Polanco,OF,1.20,19,Charlie Morton,Luke Weaver,Willson Contreras,Jesus Aguilar,Ben Zobrist,Kris Bryant,Addison Russell,"Ryan Braun,Domingo Santana,Albert Almora"
122,1063475091,thepickler,95.55,Miguel Rojas,SS,1.20,18,Eduardo Rodriguez,Mike Fiers,Willson Contreras,Carlos Santana,Ben Zobrist,Kris Bryant,Addison Russell,"Rhys Hoskins,Kyle Schwarber,Odubel Herrera"
124,1063184877,bryito12,95.35,Jason Heyward,OF,1.00,7,Jose Quintana,Luke Weaver,Francisco Cervelli,Tyler Austin,Neil Walker,Alex Bregman,Carlos Correa,"Giancarlo Stanton,Aaron Judge,Brett Gardner"
125,1063232734,davewiff,95.2,Eugenio Suarez,3B,1.00,2,Charlie Morton,Jose Quintana,Bryan Holaday,Justin Bour,Neil Walker,Kris Bryant,Miguel Rojas,"Giancarlo Stanton,Derek Dietrich,Lewis Brinson"
126,1063435692,dahladino,94.9,Caleb Joseph,C,1.00,2,Eduardo Rodriguez,Luke Weaver,Willson Contreras,Tyler Austin,Neil Walker,Kris Bryant,Addison Russell,"Giancarlo Stanton,Aaron Judge,Albert Almora"
126,1063435693,dahladino,94.9,Orlando Arcia,SS,1.00,0,Eduardo Rodriguez,Luke Weaver,Yan Gomes,Edwin Encarnacion,Neil Walker,Miguel Andujar,Francisco Lindor,"Giancarlo Stanton,Aaron Judge,Brett Gardner"
126,1063435694,dahladino,94.9,A.J. Pollock,OF,1.00,24,Eduardo Rodriguez,Luke Weaver,Yan Gomes,Neil Walker,Jason Kipnis,Miguel Andujar,Francisco Lindor,"Giancarlo Stanton,Aaron Judge,Brett Gardner"
129,1063404657,TheCrowsNest,94.45,Ketel Marte,SS,1.00,3,Jameson Taillon,Trevor Richards,Yadier Molina,Matt Davidson,Niko Goodrum,Christian Villanueva,Manny Machado,"Giancarlo Stanton,Aaron Judge,Mookie Betts"
129,1063477821,ehafner,94.45,Braxton Lee,OF,1.00,7,Mike Clevinger,Reynaldo Lopez,Austin Romine,Neil Walker,Jose Ramirez,Miguel Andujar,Francisco Lindor,"Giancarlo Stanton,Brett Gardner,Michael Brantley"
131,1063418250,bruiza,94.4,Jon Jay,OF,0.80,14,Reynaldo Lopez,Luke Weaver,Victor Caratini,Edwin Encarnacion,Neil Walker,Jose Ramirez,Xander Bogaerts,"Aaron Judge,Mookie Betts,J.D. Martinez"
132,1063498067,bobbyc0cktails,93.7,Kevin Kiermaier,OF,0.80,12,Jameson Taillon,Luke Weaver,Bryan Holaday,Marwin Gonzalez,Jose Altuve,Alex Bregman,Carlos Correa,"Giancarlo Stanton,Aaron Judge,Braxton Lee"
133,1063142747,Bird77,93.55,Daniel Descalso,3B,0.80,0,Charlie Morton,Luke Weaver,Welington Castillo,Carlos Santana,Cesar Hernandez,Matt Davidson,Ronald Torreyes,"Rhys Hoskins,Odubel Herrera,Dexter Fowler"
134,1063240724,Vongole,93.35,Josh Bell,1B,0.80,5,Jose Quintana,Luke Weaver,Francisco Cervelli,Trey Mancini,Jonathan Schoop,Manny Machado,Carlos Correa,"Giancarlo Stanton,Aaron Judge,Adam Jones"
135,1063568076,1967spike,93.25,Jordy Mercer,SS,0.80,7,Charlie Morton,Reynaldo Lopez,Max Stassi,Edwin Encarnacion,Ronald Torreyes,Kris Bryant,Carlos Correa,"Brett Gardner,Derek Fisher,Bradley Zimmer"
136,1063079623,TBAP,93.2,Tim Beckham,SS,0.80,12,Charlie Morton,Jose Quintana,Welington Castillo,Lucas Duda,Whit Merrifield,Mike Moustakas,Tim Anderson,"Nicholas Castellanos,Avisail Garcia,Jon Jay"
136,1063175932,moklovin,93.2,Josh Harrison,2B,0.80,10,Charlie Morton,Mike Fiers,Victor Caratini,Neil Walker,Ben Zobrist,Kris Bryant,Addison Russell,"Giancarlo Stanton,Ryan Braun,Albert Almora"
138,1063266222,michael203,92.8,Eric Hosmer,1B,0.60,0,Jose Quintana,Chase Anderson,Francisco Cervelli,Trey Mancini,Jonathan Schoop,Jose Ramirez,Manny Machado,"Giancarlo Stanton,Gregory Polanco,Corey Dickerson"
139,1063561009,CoachS111,92.75,Starlin Castro,2B,0.60,8,Mike Clevinger,Luke Weaver,Evan Gattis,Mitch Moreland,Neil Walker,Danny Valencia,Carlos Correa,"Aaron Judge,George Springer,Dexter Fowler"
140,1063061516,rdk5042,92.7,Daniel Robertson,SS,0.60,19,Jameson Taillon,Luke Weaver,Jesus Sucre,Matt Carpenter,Jonathan Schoop,Manny Machado,Carlos Correa,"Giancarlo Stanton,George Springer,Brett Gardner"
141,1063577718,ryanmax,92.6,Alex Gordon,OF,0.40,3,Charlie Morton,Mike Clevinger,Victor Caratini,Mitch Moreland,Neil Walker,Alex Bregman,Tim Anderson,"Michael Brantley,Domingo Santana,Odubel Herrera"
142,1063253090,dandydon,92.55,Anthony Santander,OF,0.40,24,Charlie Morton,Luke Weaver,Willson Contreras,Jesus Aguilar,Ben Zobrist,Kris Bryant,Orlando Arcia,"Lorenzo Cain,Ryan Braun,Domingo Santana"
143,1063227195,BarOfSoap,92.35,Craig Gentry,OF,0.40,23,Jose Quintana,Luke Weaver,Austin Romine,Tyler Austin,Jose Altuve,Alex Bregman,Carlos Correa,"Giancarlo Stanton,Brett Gardner,Derek Fisher"
144,1063307391,megladon,92.05,Christian Villanueva,3B,0.40,0,Tyler Mahle,Reynaldo Lopez,Max Stassi,Hanley Ramirez,Ronald Torreyes,Maikel Franco,Xander Bogaerts,"Rhys Hoskins,Mookie Betts,J.D. Martinez"
145,1063445708,yolegacy,91.55,Jose Iglesias,SS,0.40,0,Jose Quintana,Eduardo Rodriguez,Willson Contreras,Jose Martinez,Neil Walker,Kris Bryant,Xander Bogaerts,"Kyle Schwarber,Ben Zobrist,Albert Almora"
146,1063271155,BBoschetti,91.5,John Hicks,C,0.40,0,Jake Arrieta,Tyler Mahle,Willson Contreras,Carlos Santana,Ben Zobrist,Mike Moustakas,Xander Bogaerts,"Rhys Hoskins,Odubel Herrera,Leonys Martin"
147,1063579809,SamENole,91.39999,Brian Anderson,3B,0.40,13,Jameson Taillon,Jordan Montgomery,Victor Caratini,Tyler Austin,Neil Walker,Kris Bryant,Addison Russell,"Giancarlo Stanton,Aaron Judge,Brett Gardner"
148,1063206633,reztes757,91.2,Didi Gregorius,SS,0.20,7,Charlie Morton,Taijuan Walker,Alex Avila,Jose Abreu,Yoan Moncada,Daniel Descalso,Ketel Marte,"A.J. Pollock,David Peralta,Nicky Delmonico"
149,1063302950,artgon2,91.05,Lewis Brinson,OF,0.20,0,Tyler Mahle,Reynaldo Lopez,Welington Castillo,Tyler Austin,Starlin Castro,Manny Machado,Xander Bogaerts,"Aaron Judge,Starling Marte,Josh Reddick"
150,1063196207,ubrcuilnsa,90.75,Brad Miller,2B,0.20,7,Charlie Morton,Eduardo Rodriguez,Christian Vazquez,Carlos Santana,Jace Peterson,Maikel Franco,Xander Bogaerts,"Rhys Hoskins,Odubel Herrera,Nick Williams"
151,1063108457,youdacao,90.35,Ian Happ,OF,0.20,0,Jameson Taillon,Jose Quintana,Welington Castillo,Matt Davidson,Jonathan Schoop,Kris Bryant,Manny Machado,"Avisail Garcia,Nicky Delmonico,Leury Garcia"
151,1063108466,youdacao,90.35,Jorge Soler,OF,0.20,11,Jose Quintana,Luke Weaver,Caleb Joseph,Trey Mancini,Jonathan Schoop,Kris Bryant,Manny Machado,"Giancarlo Stanton,Adam Jones,Albert Almora"
151,1063226107,davewiff,90.35,Adeiny Hechavarria,SS,0.20,5,Jose Quintana,Luke Weaver,Willson Contreras,Jose Abreu,Yoan Moncada,Kris Bryant,Addison Russell,"Kyle Schwarber,Avisail Garcia,Ben Zobrist"
151,1063554462,squirrelpatroldk,90.35,Manuel Margot,OF,0.20,8,Jose Quintana,Luke Weaver,Welington Castillo,Jose Abreu,Neil Walker,Matt Davidson,Ronald Torreyes,"Giancarlo Stanton,Aaron Judge,Brett Gardner"
155,1063477813,ehafner,90.05,Austin Hedges,C,0.20,2,Jose Quintana,Reynaldo Lopez,Willson Contreras,Edwin Encarnacion,Jose Ramirez,Kris Bryant,Francisco Lindor,"Michael Brantley,Albert Almora,Bradley Zimmer"
156,1063070448,MESBRO,89.9,Kolten Wong,2B,0.20,8,Eduardo Rodriguez,Luke Weaver,Yadier Molina,Carlos Santana,Cesar Hernandez,Maikel Franco,Carlos Correa,"Rhys Hoskins,Aaron Judge,Odubel Herrera"
157,1063280254,REDCOAT85,89.7,Rob Refsnyder,OF,0.20,4,Charlie Morton,Jake Arrieta,Austin Romine,Matt Carpenter,Jonathan Villar,Jace Peterson,Ronald Torreyes,"Giancarlo Stanton,Aaron Judge,Domingo Santana"
157,1063517323,shanksalot,89.7,Colin Moran,3B,0.20,6,Charlie Morton,Jake Arrieta,Willson Contreras,Matt Carpenter,Kolten Wong,Kris Bryant,Paul DeJong,"Marcell Ozuna,Dexter Fowler,Craig Gentry"
159,1063115428,madoublet98,89.35,,,,,Jose Quintana,Luke Weaver,Willson Contreras,Trey Mancini,Neil Walker,Kris Bryant,Carlos Correa,"Giancarlo Stanton,Brett Gardner,Domingo Santana"
159,1063277546,REDCOAT85,89.35,,,,,Jose Quintana,Luke Weaver,Evan Gattis,Carlos Santana,Cesar Hernandez,Kris Bryant,Carlos Correa,"Rhys Hoskins,Odubel Herrera,Nick Williams"
159,1063467308,Awesemo,89.35,,,,,Jose Quintana,Luke Weaver,Willson Contreras,Edwin Encarnacion,Jason Kipnis,Jose Ramirez,Francisco Lindor,"Kyle Schwarber,Ben Zobrist,Tyler Naquin"
162,1063435699,dahladino,88.85,,,,,Jake Arrieta,Luke Weaver,Yan Gomes,Yonder Alonso,Jason Kipnis,Jose Ramirez,Francisco Lindor,"Rhys Hoskins,Odubel Herrera,Nick Williams"
163,1063549763,englishpea,88.55,,,,,Jake Arrieta,Jordan Montgomery,Willson Contreras,Carlos Santana,Josh Harrison,Kris Bryant,Jordy Mercer,"Rhys Hoskins,Odubel Herrera,Ben Zobrist"
164,1063024484,papagates,88,,,,,Jose Quintana,Mike Fiers,Willson Contreras,Miguel Cabrera,Whit Merrifield,Kris Bryant,Addison Russell,"Kyle Schwarber,Nicholas Castellanos,Leonys Martin"
165,1063126470,Biesterfield,87.9,,,,,Eduardo Rodriguez,Luke Weaver,Willson Contreras,Lucas Duda,Neil Walker,Jose Ramirez,Francisco Lindor,"Giancarlo Stanton,Mookie Betts,Michael Brantley"
165,1063277547,REDCOAT85,87.9,,,,,Eduardo Rodriguez,Luke Weaver,Willson Contreras,Ryan Braun,Ben Zobrist,Kris Bryant,Francisco Lindor,"Aaron Judge,Lorenzo Cain,Domingo Santana"
167,1063543056,goudsaab,87.75,,,,,Mike Clevinger,Luke Weaver,Bryan Holaday,Carlos Santana,Cesar Hernandez,Jose Ramirez,Francisco Lindor,"Rhys Hoskins,Odubel Herrera,Nick Williams"
168,1063104269,cheeseisgood,87.55,,,,,Charlie Morton,Luke Weaver,Andrew Knapp,Jose Abreu,Cesar Hernandez,Mike Moustakas,J.P. Crawford,"Rhys Hoskins,J.D. Martinez,Avisail Garcia"
168,1063236232,Yepyeppers,87.55,,,,,Jake Arrieta,Jordan Montgomery,Austin Romine,Carlos Santana,Cesar Hernandez,Maikel Franco,Carlos Correa,"Rhys Hoskins,Gregory Polanco,Odubel Herrera"
168,1063486364,yolegacy,87.55,,,,,Charlie Morton,Luke Weaver,Tucker Barnhart,Neil Walker,Jose Altuve,Jace Peterson,Carlos Correa,"George Springer,Josh Reddick,Adam Duvall"
168,1063523549,fantasyfever,87.55,,,,,Jake Arrieta,Jordan Montgomery,Max Stassi,Mitch Moreland,Jason Kipnis,Rafael Devers,Xander Bogaerts,"Mookie Betts,J.D. Martinez,Corey Dickerson"
168,1063554511,squirrelpatroldk,87.55,,,,,Charlie Morton,Luke Weaver,Welington Castillo,Justin Bour,Jonathan Schoop,Matt Davidson,Ronald Torreyes,"Rhys Hoskins,J.D. Martinez,Trey Mancini"
173,1063438192,tinderella,87.4,,,,,Mike Clevinger,Jose Quintana,Willson Contreras,Matt Carpenter,Ben Zobrist,Kris Bryant,Addison Russell,"Tommy Pham,Albert Almora,Dexter Fowler"
173,1063485553,kfalik,87.4,,,,,Jordan Montgomery,Luke Weaver,Willson Contreras,Tyler Austin,Neil Walker,Kris Bryant,Xander Bogaerts,"Giancarlo Stanton,Aaron Judge,Brett Gardner"
175,1063416652,m3deman,87.35,,,,,Jose Quintana,Luke Weaver,Christian Vazquez,Matt Carpenter,Cesar Hernandez,Jose Ramirez,Francisco Lindor,"Giancarlo Stanton,Aaron Judge,Dexter Fowler"
176,1063078851,malburgis,87.1,,,,,Reynaldo Lopez,Jordan Montgomery,Willson Contreras,Matt Davidson,Neil Walker,Kris Bryant,Francisco Lindor,"Aaron Judge,David Peralta,Avisail Garcia"
177,1063151743,Ebonwraith,86.89999,,,,,Jameson Taillon,Eduardo Rodriguez,Welington Castillo,Jose Abreu,Jose Ramirez,Daniel Descalso,Paul DeJong,"Rhys Hoskins,Brett Gardner,Niko Goodrum"
178,1063191435,bryito12,86.75,,,,,Charlie Morton,Eduardo Rodriguez,Victor Caratini,Daniel Descalso,Neil Walker,Miguel Andujar,Addison Russell,"Giancarlo Stanton,Aaron Judge,Brett Gardner"
179,1063471456,ragingphilip,86.55,,,,,Charlie Morton,Luke Weaver,Willson Contreras,Justin Bour,Derek Dietrich,Kris Bryant,Addison Russell,"Kyle Schwarber,Albert Almora,Nicky Delmonico"
180,1063156170,scout326,86.5,,,,,Jake Arrieta,Jose Quintana,Willson Contreras,Matt Carpenter,Ben Zobrist,Kris Bryant,Paul DeJong,"Marcell Ozuna,Tommy Pham,Albert Almora"
181,1063115437,madoublet98,86.35,,,,,Jose Quintana,Luke Weaver,Welington Castillo,Trey Mancini,Neil Walker,Kris Bryant,Manny Machado,"Giancarlo Stanton,Aaron Judge,Domingo Santana"
182,1063206634,reztes757,86.2,,,,,Charlie Morton,Taijuan Walker,Alex Avila,Carlos Santana,Neil Walker,Maikel Franco,Ketel Marte,"Rhys Hoskins,Odubel Herrera,Nick Williams"
183,1063538451,DraftCheat,86.1,,,,,Reynaldo Lopez,Jordan Montgomery,Willson Contreras,Jose Martinez,Ben Zobrist,Kris Bryant,Addison Russell,"Rhys Hoskins,Kyle Schwarber,Gregory Polanco"
184,1063039036,IamPGM,85.55,,,,,Charlie Morton,Luke Weaver,Victor Caratini,Carlos Santana,Jace Peterson,Kris Bryant,Tim Anderson,"Giancarlo Stanton,Brett Gardner,Avisail Garcia"
184,1063054382,giantsquid,85.55,,,,,Jose Quintana,Eduardo Rodriguez,Willson Contreras,Yonder Alonso,Jose Ramirez,Kris Bryant,Francisco Lindor,"Michael Brantley,Albert Almora,Bradley Zimmer"
184,1063512740,Ebone17,85.55,,,,,Charlie Morton,Luke Weaver,Tucker Barnhart,Matt Carpenter,Neil Walker,Jose Ramirez,Francisco Lindor,"Aaron Judge,Brett Gardner,Dexter Fowler"
187,1063477812,ehafner,85.45,,,,,Mike Clevinger,Reynaldo Lopez,Willson Contreras,Matt Carpenter,Ben Zobrist,Kris Bryant,Addison Russell,"Marcell Ozuna,Tommy Pham,Albert Almora"
188,1063452416,yolegacy,84.9,,,,,Eduardo Rodriguez,Luke Weaver,Tucker Barnhart,Hanley Ramirez,Neil Walker,Alex Bregman,Xander Bogaerts,"Mookie Betts,J.D. Martinez,Andrew Benintendi"
189,1063032834,IamPGM,84.85,,,,,Jake Arrieta,Luke Weaver,Willson Contreras,Lucas Duda,Neil Walker,Kris Bryant,Manny Machado,"Kyle Schwarber,Lorenzo Cain,Brett Gardner"
189,1063389800,zsavior,84.85,,,,,Jake Arrieta,Luke Weaver,Willson Contreras,Lucas Duda,Neil Walker,Kris Bryant,Manny Machado,"Kyle Schwarber,Lorenzo Cain,Brett Gardner"
191,1063391380,monds6,84.75,,,,,Mike Clevinger,Luke Weaver,Willson Contreras,Ryan Braun,Ben Zobrist,Kris Bryant,Addison Russell,"Kyle Schwarber,Lorenzo Cain,Braxton Lee"
192,1063485786,Horseshoegang,84.6,,,,,Eduardo Rodriguez,Reynaldo Lopez,Yadier Molina,Edwin Encarnacion,Jose Ramirez,Maikel Franco,Manny Machado,"Rhys Hoskins,Brett Gardner,Odubel Herrera"
193,1063435700,dahladino,84.55,,,,,Charlie Morton,Luke Weaver,Welington Castillo,Jose Abreu,Yoan Moncada,Jeimer Candelario,Tim Anderson,"Nicholas Castellanos,Leonys Martin,Niko Goodrum"
194,1063024474,papagates,84.5,,,,,Jake Arrieta,Jose Quintana,Yan Gomes,Edwin Encarnacion,Ben Zobrist,Jose Ramirez,Addison Russell,"Kyle Schwarber,Billy Hamilton,Bradley Zimmer"
194,1063156163,scout326,84.5,,,,,Jake Arrieta,Jose Quintana,Austin Romine,Yonder Alonso,Jace Peterson,Jose Ramirez,Francisco Lindor,"Giancarlo Stanton,Michael Brantley,Bradley Zimmer"
196,1063477809,ehafner,84.45,,,,,Mike Clevinger,Reynaldo Lopez,Welington Castillo,Jose Abreu,Neil Walker,Miguel Andujar,Tim Anderson,"Giancarlo Stanton,Brett Gardner,Avisail Garcia"
197,1063175934,moklovin,84.05,,,,,Jose Quintana,Reynaldo Lopez,Willson Contreras,Neil Walker,Jason Kipnis,Jose Ramirez,Francisco Lindor,"Giancarlo Stanton,Michael Brantley,Tyler Naquin"
197,1063385372,gilraz317,84.05,,,,,Tyler Mahle,Reynaldo Lopez,Jesus Sucre,Tyler Austin,Ben Zobrist,Kris Bryant,Francisco Lindor,"Rhys Hoskins,Aaron Judge,Brett Gardner"
199,1063423103,justajoe2u,83.85,,,,,Jake Arrieta,Jameson Taillon,Jesus Sucre,Jose Abreu,Neil Walker,Alex Bregman,Manny Machado,"George Springer,Domingo Santana,Trey Mancini"
199,1063519226,mikebearcat,83.85,,,,,Jake Arrieta,Jameson Taillon,Tucker Barnhart,Joey Votto,Niko Goodrum,Maikel Franco,J.P. Crawford,"Giancarlo Stanton,Andrew Benintendi,Odubel Herrera"
199,1063528668,zsavior,83.85,,,,,Jake Arrieta,Luke Weaver,Evan Gattis,Carlos Santana,Neil Walker,Jose Ramirez,Francisco Lindor,"Mookie Betts,Michael Brantley,Odubel Herrera"
199,1063541205,mlbmodel,83.85,,,,,Jake Arrieta,Luke Weaver,Evan Gattis,Carlos Santana,Neil Walker,Jose Ramirez,Francisco Lindor,"Mookie Betts,Michael Brantley,Odubel Herrera"
203,1063108464,youdacao,83.7,,,,,Jameson Taillon,Luke Weaver,Manny Pina,Ryan Braun,Jonathan Villar,Alex Bregman,Orlando Arcia,"Giancarlo Stanton,Aaron Judge,Domingo Santana"
204,1063156167,scout326,83.55,,,,,Jose Quintana,Eduardo Rodriguez,Christian Vazquez,Hanley Ramirez,Eduardo Nunez,Jose Ramirez,Francisco Lindor,"J.D. Martinez,Michael Brantley,Tyler Naquin"
204,1063389141,GFallis,83.55,,,,,Jake Arrieta,Reynaldo Lopez,Victor Caratini,Mitch Moreland,Brad Miller,Kris Bryant,Carlos Correa,"Giancarlo Stanton,Aaron Judge,Ben Zobrist"
206,1063523548,fantasyfever,83.5,,,,,Jake Arrieta,Jose Quintana,Andrew Knapp,Tyler Austin,Jose Altuve,Alex Bregman,Carlos Correa,"Josh Reddick,Marwin Gonzalez,Rob Refsnyder"
207,1063560661,NycJeff,83.45,,,,,Mike Clevinger,Jordan Montgomery,Austin Romine,Edwin Encarnacion,Neil Walker,Miguel Andujar,Francisco Lindor,"Aaron Judge,Brett Gardner,Michael Brantley"
208,1063444354,jimmy0923,83.4,,,,,Reynaldo Lopez,Luke Weaver,Yadier Molina,Carlos Santana,Jason Kipnis,Rafael Devers,Francisco Lindor,"Aaron Judge,J.D. Martinez,Lorenzo Cain"
209,1063486113,mazwa,83.35,,,,,Jose Quintana,Luke Weaver,John Hicks,Miguel Cabrera,Jose Ramirez,Jeimer Candelario,Francisco Lindor,"Aaron Judge,Nicholas Castellanos,Leonys Martin"
210,1063232736,davewiff,83.1,,,,,Jose Quintana,Trevor Richards,Willson Contreras,Justin Bour,Ben Zobrist,Kris Bryant,Addison Russell,"Mookie Betts,J.D. Martinez,Kyle Schwarber"
211,1063508509,Wreck-Havoc-22,82.95,,,,,Mike Clevinger,Eduardo Rodriguez,Andrew Knapp,Marwin Gonzalez,Cesar Hernandez,Maikel Franco,Xander Bogaerts,"Rhys Hoskins,Odubel Herrera,Niko Goodrum"
212,1063204515,CityBoy410,82.85,,,,,Jake Arrieta,Luke Weaver,Welington Castillo,Neil Walker,Jose Ramirez,Rafael Devers,Eduardo Nunez,"J.D. Martinez,Andrew Benintendi,Michael Brantley"
212,1063232726,davewiff,82.85,,,,,Jake Arrieta,Luke Weaver,Victor Caratini,Carlos Santana,Ben Zobrist,Kris Bryant,Addison Russell,"Rhys Hoskins,Kyle Schwarber,Odubel Herrera"
214,1063402128,danlog6,82.75,,,,,Mike Clevinger,Luke Weaver,Yadier Molina,Carlos Santana,Cesar Hernandez,Maikel Franco,Francisco Lindor,"Aaron Judge,Odubel Herrera,Jesse Winker"
215,1063207021,Bambam522812,82.6,,,,,Eduardo Rodriguez,Jordan Montgomery,Willson Contreras,Neil Walker,Ben Zobrist,Kris Bryant,Ronald Torreyes,"Giancarlo Stanton,Aaron Judge,Brett Gardner"
215,1063213956,Bambam522812,82.6,,,,,Eduardo Rodriguez,Jordan Montgomery,Willson Contreras,Neil Walker,Ben Zobrist,Kris Bryant,Ronald Torreyes,"Giancarlo Stanton,Aaron Judge,Brett Gardner"
215,1063213961,Bambam522812,82.6,,,,,Eduardo Rodriguez,Jordan Montgomery,Willson Contreras,Neil Walker,Ben Zobrist,Kris Bryant,Ronald Torreyes,"Giancarlo Stanton,Aaron Judge,Brett Gardner"
215,1063492650,Legit-Storm,82.6,,,,,Charlie Morton,Mike Clevinger,Yan Gomes,Marwin Gonzalez,Jason Kipnis,Eugenio Suarez,Jose Peraza,"Michael Brantley,Bradley Zimmer,Tyler Naquin"
219,1063108468,youdacao,82.55,,,,,Charlie Morton,Luke Weaver,Manny Pina,Ryan Braun,Jonathan Villar,Kris Bryant,Eduardo Nunez,"Mookie Betts,Domingo Santana,Hernan Perez"
219,1063477807,ehafner,82.55,,,,,Jake Arrieta,Reynaldo Lopez,Willson Contreras,Jose Abreu,Yoan Moncada,Kris Bryant,Addison Russell,"Avisail Garcia,Ben Zobrist,Albert Almora"
221,1063576726,bigchuck94,82.5,,,,,Jake Arrieta,Mike Fiers,Caleb Joseph,Carlos Santana,Jason Kipnis,Kris Bryant,Francisco Lindor,"Rhys Hoskins,Odubel Herrera,Ben Zobrist"
222,1063109987,shawnzhan,82.4,,,,,Reynaldo Lopez,Luke Weaver,Yan Gomes,Edwin Encarnacion,Yoan Moncada,Jose Ramirez,Francisco Lindor,"Aaron Judge,Ryan Braun,Michael Brantley"
222,1063223527,pgavett,82.39999,,,,,Jameson Taillon,Jordan Montgomery,Welington Castillo,Carlos Santana,Cesar Hernandez,Maikel Franco,Francisco Lindor,"Rhys Hoskins,Tommy Pham,Odubel Herrera"
224,1063562642,posnickj1,82.25,,,,,Charlie Morton,Reynaldo Lopez,Welington Castillo,Jose Abreu,Yolmer Sanchez,Matt Davidson,Manny Machado,"Adam Jones,Avisail Garcia,Trey Mancini"
225,1063477819,ehafner,82.05,,,,,Jose Quintana,Reynaldo Lopez,Welington Castillo,Jose Abreu,Yoan Moncada,Jace Peterson,Tim Anderson,"Giancarlo Stanton,Aaron Judge,Avisail Garcia"
226,1062996434,ChipotleAddict,82,,,,,Jose Quintana,Mike Fiers,Willson Contreras,Paul Goldschmidt,Jason Kipnis,Kris Bryant,Francisco Lindor,"Kyle Schwarber,Michael Brantley,Bradley Zimmer"
227,1063435691,dahladino,81.9,,,,,Eduardo Rodriguez,Luke Weaver,Yan Gomes,Neil Walker,Jason Kipnis,Jose Ramirez,Francisco Lindor,"Giancarlo Stanton,Aaron Judge,Michael Brantley"
228,1063388279,bric75,81.85,,,,,Jake Arrieta,Luke Weaver,Andrew Knapp,Carlos Santana,Cesar Hernandez,Jose Ramirez,Francisco Lindor,"Rhys Hoskins,Michael Brantley,Odubel Herrera"
229,1063070524,felder15,81.75,,,,,Mike Clevinger,Luke Weaver,Manny Pina,Marwin Gonzalez,Jose Altuve,Matt Duffy,Carlos Correa,"Josh Reddick,Brett Gardner,Dexter Fowler"
230,1063156171,scout326,81.55,,,,,Jose Quintana,Eduardo Rodriguez,Austin Romine,Neil Walker,Jason Kipnis,Jose Ramirez,Francisco Lindor,"Giancarlo Stanton,Brett Gardner,Michael Brantley"
230,1063175933,moklovin,81.55,,,,,Charlie Morton,Luke Weaver,Welington Castillo,Neil Walker,Yoan Moncada,Mike Moustakas,Tim Anderson,"Giancarlo Stanton,Avisail Garcia,Nicky Delmonico"
232,1062996443,ChipotleAddict,81.5,,,,,Jake Arrieta,Jose Quintana,Willson Contreras,Lucas Duda,Whit Merrifield,Mike Moustakas,Addison Russell,"Kyle Schwarber,Starling Marte,Bradley Zimmer"
233,1063524565,GrindersCal,81.4,,,,,Jordan Montgomery,Luke Weaver,Victor Caratini,Hanley Ramirez,Josh Harrison,Kris Bryant,Xander Bogaerts,"Mookie Betts,J.D. Martinez,Andrew Benintendi"
234,1063467299,Awesemo,81.35,,,,,Jose Quintana,Luke Weaver,Welington Castillo,Jose Abreu,Yoan Moncada,Matt Davidson,Eduardo Nunez,"Mookie Betts,J.D. Martinez,Nicky Delmonico"
235,1063529159,mray6288,81.25,,,,,Charlie Morton,Jordan Montgomery,Willson Contreras,Carlos Santana,Cesar Hernandez,Kris Bryant,Addison Russell,"Odubel Herrera,Albert Almora,Nick Williams"
236,1063477817,ehafner,81.05,,,,,Jose Quintana,Reynaldo Lopez,Welington Castillo,Jose Abreu,Yoan Moncada,Yolmer Sanchez,Eduardo Nunez,"Mookie Betts,J.D. Martinez,Avisail Garcia"
237,1063438237,Zeechamp,80.9,,,,,Eduardo Rodriguez,Luke Weaver,Willson Contreras,Ryan Braun,Jose Ramirez,Kris Bryant,Francisco Lindor,"Kyle Schwarber,Ben Zobrist,Albert Almora"
238,1063302411,pocktchnge,80.7,,,,,Jameson Taillon,Luke Weaver,Andrew Knapp,Jose Abreu,Jose Altuve,Matt Davidson,Carlos Correa,"George Springer,Avisail Garcia,Leury Garcia"
239,1062996439,ChipotleAddict,80.5,,,,,Jake Arrieta,Jose Quintana,Welington Castillo,Jose Abreu,Yoan Moncada,Mike Moustakas,Tim Anderson,"Kyle Schwarber,Ben Zobrist,Albert Almora"
239,1063381696,zsavior,80.5,,,,,Jake Arrieta,Jose Quintana,Welington Castillo,Jose Abreu,Neil Walker,Jace Peterson,Ronald Torreyes,"Giancarlo Stanton,Aaron Judge,Avisail Garcia"
241,1063109977,shawnzhan,80.4,,,,,Reynaldo Lopez,Luke Weaver,Willson Contreras,Eric Hosmer,Ben Zobrist,Kris Bryant,Addison Russell,"Giancarlo Stanton,George Springer,Kyle Schwarber"
241,1063564503,frankdrebin,80.4,,,,,Jordan Montgomery,Luke Weaver,Yan Gomes,Yonder Alonso,Neil Walker,Jose Ramirez,Francisco Lindor,"Giancarlo Stanton,Aaron Judge,Brett Gardner"
243,1063486112,mazwa,80.25,,,,,Charlie Morton,Jordan Montgomery,Willson Contreras,Jesus Aguilar,Ben Zobrist,Kris Bryant,Addison Russell,"Lorenzo Cain,Domingo Santana,Albert Almora"
244,1063463117,Bozie11,80.05,,,,,Jake Arrieta,Eduardo Rodriguez,Victor Caratini,Matt Carpenter,Neil Walker,Manny Machado,Tim Beckham,"Giancarlo Stanton,Aaron Judge,Brett Gardner"
245,1063551320,isupol,79.85,,,,,Chase Anderson,Jordan Montgomery,Max Stassi,Marwin Gonzalez,Jose Altuve,Maikel Franco,Carlos Correa,"Rhys Hoskins,Josh Reddick,Odubel Herrera"
246,1063480367,ianj300,79.55,,,,,Charlie Morton,Luke Weaver,Yadier Molina,Matt Carpenter,Jose Altuve,Alex Bregman,Paul DeJong,"Josh Reddick,Marcell Ozuna,Jose Martinez"
247,1063416820,justajoe2u,79.45,,,,,Mike Clevinger,Reynaldo Lopez,Manny Pina,C.J. Cron,Jason Kipnis,Jose Ramirez,Orlando Arcia,"Giancarlo Stanton,Aaron Judge,Carlos Gomez"
248,1063107811,wcdenin24,79.35,,,,,Jameson Taillon,Taijuan Walker,Welington Castillo,Neil Walker,Jason Kipnis,Jose Ramirez,Francisco Lindor,"Lorenzo Cain,Ryan Braun,Michael Brantley"
248,1063109976,shawnzhan,79.35,,,,,Mike Fiers,Luke Weaver,Willson Contreras,Yonder Alonso,Jason Kipnis,Jose Ramirez,Francisco Lindor,"Giancarlo Stanton,Kyle Schwarber,Michael Brantley"
248,1063554483,squirrelpatroldk,79.35,,,,,Jose Quintana,Luke Weaver,Welington Castillo,Neil Walker,Jose Altuve,Alex Bregman,Carlos Correa,"Aaron Judge,Brett Gardner,Jesse Winker"
251,1063388280,bric75,79.05,,,,,Jose Quintana,Jordan Montgomery,Willson Contreras,Neil Walker,Jace Peterson,Alex Bregman,Francisco Lindor,"Giancarlo Stanton,Aaron Judge,Brett Gardner"
252,1063024486,papagates,79,,,,,Jose Quintana,Mike Fiers,Willson Contreras,Miguel Cabrera,Niko Goodrum,Kris Bryant,Addison Russell,"Kyle Schwarber,Nicholas Castellanos,Billy Hamilton"
253,1063175604,jrh002,78.9,,,,,Eduardo Rodriguez,Luke Weaver,Austin Romine,Yonder Alonso,Jason Kipnis,Jose Ramirez,Francisco Lindor,"Giancarlo Stanton,Aaron Judge,Michael Brantley"
253,1063228799,ThatStunna,78.9,,,,,Eduardo Rodriguez,Luke Weaver,Evan Gattis,Tyler Austin,Neil Walker,Alex Bregman,Carlos Correa,"Giancarlo Stanton,Aaron Judge,Brett Gardner"
255,1063144912,bcave369,78.85,,,,,Jake Arrieta,Luke Weaver,Victor Caratini,Joey Votto,Ben Zobrist,Kris Bryant,Addison Russell,"Giancarlo Stanton,Aaron Judge,Albert Almora"
256,1063565450,Mohmo,78.75,,,,,Mike Clevinger,Luke Weaver,Willson Contreras,Ryan Braun,Neil Walker,Alex Bregman,Orlando Arcia,"Giancarlo Stanton,Lorenzo Cain,Albert Almora"
257,1063109986,shawnzhan,78.6,,,,,Eduardo Rodriguez,Reynaldo Lopez,Evan Gattis,Neil Walker,Jose Altuve,Alex Bregman,Manny Machado,"George Springer,Josh Reddick,Avisail Garcia"
258,1063232744,davewiff,78.55,,,,,Jake Arrieta,Reynaldo Lopez,Andrew Knapp,Carlos Santana,Yoan Moncada,Maikel Franco,Manny Machado,"Rhys Hoskins,Avisail Garcia,Odubel Herrera"
258,1063328203,kfalik,78.55,,,,,Charlie Morton,Luke Weaver,Tucker Barnhart,Matt Carpenter,Neil Walker,Kris Bryant,Xander Bogaerts,"Giancarlo Stanton,Corey Dickerson,Dexter Fowler"
258,1063524930,Bales,78.55,,,,,Charlie Morton,Luke Weaver,Max Stassi,Matt Carpenter,Jose Altuve,Alex Bregman,Carlos Correa,"Marcell Ozuna,Marwin Gonzalez,Dexter Fowler"
261,1063024476,papagates,78.5,,,,,Jake Arrieta,Jose Quintana,Willson Contreras,Yonder Alonso,Jason Kipnis,Mike Moustakas,Addison Russell,"Kyle Schwarber,Michael Brantley,Bradley Zimmer"
261,1063277543,REDCOAT85,78.5,,,,,Jake Arrieta,Jose Quintana,Andrew Knapp,Carlos Santana,Neil Walker,Maikel Franco,Ronald Torreyes,"Giancarlo Stanton,Rhys Hoskins,Nick Williams"
263,1063532293,rockchalkjr,78.4,,,,,Jordan Montgomery,Luke Weaver,Welington Castillo,Hanley Ramirez,Cesar Hernandez,Matt Davidson,Xander Bogaerts,"Mookie Betts,J.D. Martinez,Brett Gardner"
264,1063297882,hfdwhalers,78.2,,,,,Charlie Morton,Tyler Mahle,Willson Contreras,C.J. Cron,Jason Kipnis,Kris Bryant,Francisco Lindor,"Derek Dietrich,Albert Almora,Carlos Gomez"
265,1062996444,ChipotleAddict,78.05,,,,,Jose Quintana,Jordan Montgomery,Willson Contreras,Edwin Encarnacion,Yoan Moncada,Jose Ramirez,Addison Russell,"Mookie Betts,Michael Brantley,Bradley Zimmer"
266,1063169569,moklovin,77.85,,,,,Jake Arrieta,Luke Weaver,Willson Contreras,Neil Walker,Jason Kipnis,Jose Ramirez,Francisco Lindor,"Giancarlo Stanton,Michael Brantley,Bradley Zimmer"
267,1063156164,scout326,77.75,,,,,Charlie Morton,Eduardo Rodriguez,Willson Contreras,Matt Carpenter,Ben Zobrist,Kris Bryant,Addison Russell,"Marcell Ozuna,Tommy Pham,Dexter Fowler"
268,1063535238,trashaway,77.6,,,,,Eduardo Rodriguez,Jordan Montgomery,Willson Contreras,Jose Abreu,Neil Walker,Maikel Franco,Manny Machado,"Rhys Hoskins,Aaron Judge,Marcell Ozuna"
269,1063477810,ehafner,77.45,,,,,Mike Clevinger,Reynaldo Lopez,Willson Contreras,Ryan Braun,Ben Zobrist,Kris Bryant,Addison Russell,"Lorenzo Cain,Domingo Santana,Hernan Perez"
270,1063302451,fortheoffice,77.35,,,,,Tyler Mahle,Luke Weaver,Caleb Joseph,Hanley Ramirez,Jonathan Schoop,Manny Machado,Xander Bogaerts,"Mookie Betts,J.D. Martinez,Andrew Benintendi"
271,1063297405,tmarzy,77.2,,,,,Charlie Morton,Jose Quintana,Willson Contreras,Joey Votto,Scooter Gennett,Kris Bryant,Jose Peraza,"Adam Duvall,Billy Hamilton,Jason Heyward"
272,1063566950,Rkennedy23,77.05,,,,,Jake Arrieta,Eduardo Rodriguez,Victor Caratini,Paul Goldschmidt,Jonathan Schoop,Alex Bregman,Paul DeJong,"A.J. Pollock,David Peralta,Ryan Braun"
273,1063024473,papagates,77,,,,,Jose Quintana,Mike Fiers,Willson Contreras,Edwin Encarnacion,Jason Kipnis,Kris Bryant,Francisco Lindor,"Kyle Schwarber,Billy Hamilton,Bradley Zimmer"
274,1063304567,fortheoffice,76.9,,,,,Eduardo Rodriguez,Luke Weaver,Willson Contreras,Edwin Encarnacion,Jason Kipnis,Jose Ramirez,Francisco Lindor,"Kyle Schwarber,Michael Brantley,Ben Zobrist"
275,1063277544,REDCOAT85,76.75,,,,,Charlie Morton,Eduardo Rodriguez,Andrew Knapp,Justin Bour,Neil Walker,Maikel Franco,J.P. Crawford,"Giancarlo Stanton,Rhys Hoskins,Nick Williams"
275,1063435698,dahladino,76.75,,,,,Mike Clevinger,Luke Weaver,Yan Gomes,Jose Abreu,Jose Ramirez,Matt Davidson,Francisco Lindor,"Avisail Garcia,Michael Brantley,Nicky Delmonico"
277,1063156168,scout326,76.5,,,,,Jake Arrieta,Jose Quintana,Evan Gattis,Carlos Santana,Jose Altuve,Alex Bregman,J.P. Crawford,"Josh Reddick,Odubel Herrera,Nick Williams"
278,1063330183,TBAP,76.25,,,,,Charlie Morton,Jordan Montgomery,Francisco Cervelli,Lucas Duda,Whit Merrifield,Mike Moustakas,Xander Bogaerts,"Mookie Betts,J.D. Martinez,Jon Jay"
278,1063536948,REDCOAT85,76.25,,,,,Charlie Morton,Jordan Montgomery,Francisco Cervelli,Miguel Cabrera,Josh Harrison,Jace Peterson,Ronald Torreyes,"Giancarlo Stanton,Aaron Judge,Brett Gardner"
280,1063024482,papagates,76.05,,,,,Jose Quintana,Jordan Montgomery,Yan Gomes,Yonder Alonso,Ben Zobrist,Kris Bryant,Francisco Lindor,"Kyle Schwarber,Billy Hamilton,Bradley Zimmer"
280,1063371128,nawmsayin,76.05,,,,,Jose Quintana,Reynaldo Lopez,Alex Avila,Paul Goldschmidt,Ketel Marte,Alex Bregman,Carlos Correa,"George Springer,Josh Reddick,Derek Fisher"
282,1063438196,tinderella,75.95,,,,,Mike Clevinger,Eduardo Rodriguez,Victor Caratini,Neil Walker,Ben Zobrist,Kris Bryant,Addison Russell,"Giancarlo Stanton,Brett Gardner,Albert Almora"
283,1063430760,justajoe2u,75.75,,,,,Charlie Morton,Eduardo Rodriguez,Andrew Knapp,Tyler Austin,Yolmer Sanchez,Maikel Franco,Carlos Correa,"Rhys Hoskins,Avisail Garcia,Leury Garcia"
284,1063523553,fantasyfever,75.7,,,,,Charlie Morton,Jake Arrieta,Jesus Sucre,Jesus Aguilar,Jonathan Villar,Danny Valencia,Francisco Lindor,"Lorenzo Cain,Ryan Braun,Domingo Santana"
285,1063334631,MattyG530,75.55,,,,,Charlie Morton,Luke Weaver,Max Stassi,Matt Carpenter,Jose Altuve,Alex Bregman,Carlos Correa,"Marcell Ozuna,Tommy Pham,Dexter Fowler"
286,1063512353,tammytaylor58,75.45,,,,,Mike Clevinger,Reynaldo Lopez,Max Stassi,Edwin Encarnacion,Jason Kipnis,Jose Ramirez,Francisco Lindor,"Avisail Garcia,Michael Brantley,Nick Williams"
287,1063123430,cheeseisgood,75.4,,,,,Reynaldo Lopez,Luke Weaver,Welington Castillo,Jose Abreu,Jose Altuve,Alex Bregman,Carlos Correa,"George Springer,Josh Reddick,Avisail Garcia"
287,1063350436,alanbr,75.4,,,,,Mike Clevinger,Mike Fiers,Jesus Sucre,C.J. Cron,Jason Kipnis,Alex Bregman,Carlos Correa,"Giancarlo Stanton,Aaron Judge,Tyler Naquin"
289,1063457899,Duncaroo,75.35,,,,,Tyler Mahle,Luke Weaver,Yan Gomes,Yonder Alonso,Jason Kipnis,Jose Ramirez,Francisco Lindor,"Giancarlo Stanton,Mookie Betts,Odubel Herrera"
290,1063239515,metin317,75.25,,,,,Charlie Morton,Reynaldo Lopez,Welington Castillo,Carlos Santana,Jason Kipnis,Maikel Franco,Francisco Lindor,"Michael Brantley,Odubel Herrera,Nick Williams"
291,1063477815,ehafner,75.05,,,,,Jose Quintana,Reynaldo Lopez,Welington Castillo,Jose Abreu,Jose Altuve,Alex Bregman,Carlos Correa,"Josh Reddick,Avisail Garcia,Leury Garcia"
292,1063462865,jsltfc,74.55,,,,,Charlie Morton,Luke Weaver,Welington Castillo,Jesus Aguilar,Eduardo Nunez,Kris Bryant,Addison Russell,"Rhys Hoskins,Domingo Santana,Hernan Perez"
293,1063509617,gordylamb,74.45,,,,,Mike Clevinger,Reynaldo Lopez,Welington Castillo,Carlos Santana,Cesar Hernandez,Jose Ramirez,Francisco Lindor,"Michael Brantley,Odubel Herrera,Nick Williams"
293,1063543617,McJester,74.45,,,,,Luke Weaver,Trevor Richards,Willson Contreras,Marwin Gonzalez,Jose Altuve,Miguel Andujar,Carlos Correa,"Giancarlo Stanton,Aaron Judge,George Springer"
295,1063342589,alanbr,74.4,,,,,Mike Clevinger,Mike Fiers,Jesus Sucre,Marwin Gonzalez,Jose Altuve,Jace Peterson,Carlos Correa,"Giancarlo Stanton,Aaron Judge,Braxton Lee"
295,1063573544,mbaggia08,74.4,,,,,Jordan Montgomery,Luke Weaver,Victor Caratini,Hanley Ramirez,Neil Walker,Jose Ramirez,Francisco Lindor,"Giancarlo Stanton,Mookie Betts,J.D. Martinez"
295,1063577527,SamENole,74.4,,,,,Jordan Montgomery,Luke Weaver,Willson Contreras,Jesus Aguilar,Jose Altuve,Kris Bryant,Carlos Correa,"George Springer,Josh Reddick,Albert Almora"
298,1063184859,bryito12,74.35,,,,,Jose Quintana,Luke Weaver,Welington Castillo,Matt Carpenter,Jose Altuve,Alex Bregman,Carlos Correa,"George Springer,Josh Reddick,Dexter Fowler"
298,1063543210,isupol,74.35,,,,,Chase Anderson,Eduardo Rodriguez,Max Stassi,Carlos Santana,Cesar Hernandez,Maikel Franco,Carlos Correa,"Rhys Hoskins,Marwin Gonzalez,Nick Williams"
300,1063435697,dahladino,73.9,,,,,Eduardo Rodriguez,Luke Weaver,Willson Contreras,Yonder Alonso,Jose Ramirez,Kris Bryant,Francisco Lindor,"Kyle Schwarber,Michael Brantley,Albert Almora"
300,1063467564,thepickler,73.9,,,,,Eduardo Rodriguez,Luke Weaver,Victor Caratini,Neil Walker,Jose Altuve,Kris Bryant,Carlos Correa,"Giancarlo Stanton,Josh Reddick,Michael Brantley"
302,1063486626,Moogie,73.75,,,,,Charlie Morton,Eduardo Rodriguez,Andrew Knapp,Carlos Santana,Jason Kipnis,Jose Ramirez,J.P. Crawford,"Aaron Judge,Corey Dickerson,Dexter Fowler"
303,1063109988,shawnzhan,73.55,,,,,Charlie Morton,Luke Weaver,Manny Pina,Jesus Aguilar,Jonathan Schoop,Kris Bryant,Manny Machado,"Lorenzo Cain,Ryan Braun,Domingo Santana"
303,1063304217,fortheoffice,73.55,,,,,Charlie Morton,Luke Weaver,Yan Gomes,Matt Carpenter,Jose Altuve,Alex Bregman,Carlos Correa,"Marcell Ozuna,Tommy Pham,Dexter Fowler"
303,1063481979,fallfromgrace,73.55,,,,,Charlie Morton,Luke Weaver,John Hicks,Miguel Cabrera,Niko Goodrum,Jeimer Candelario,Jose Iglesias,"Giancarlo Stanton,Aaron Judge,Dexter Fowler"
306,1062996436,ChipotleAddict,73.5,,,,,Jake Arrieta,Jose Quintana,Victor Caratini,Edwin Encarnacion,Ben Zobrist,Jose Ramirez,Francisco Lindor,"Kyle Schwarber,Billy Hamilton,Bradley Zimmer"
307,1063395266,dscotti,73.4,,,,,Jordan Montgomery,Luke Weaver,Willson Contreras,Jesus Aguilar,Neil Walker,Kris Bryant,Carlos Correa,"Aaron Judge,George Springer,Lorenzo Cain"
308,1063109983,shawnzhan,73.25,,,,,Charlie Morton,Jordan Montgomery,Willson Contreras,Lucas Duda,Whit Merrifield,Mike Moustakas,Francisco Lindor,"Giancarlo Stanton,Jon Jay,Alex Gordon"
309,1063438193,tinderella,73.05,,,,,Jake Arrieta,Eduardo Rodriguez,Willson Contreras,Jose Abreu,Yoan Moncada,Kris Bryant,Addison Russell,"Avisail Garcia,Ben Zobrist,Albert Almora"
310,1063435696,dahladino,72.9,,,,,Eduardo Rodriguez,Luke Weaver,Willson Contreras,Edwin Encarnacion,Jason Kipnis,Kris Bryant,Francisco Lindor,"Kyle Schwarber,Michael Brantley,Ben Zobrist"
311,1063256256,AnthonyTerzakos,72.85,,,,,Jake Arrieta,Luke Weaver,Manny Pina,Carlos Santana,Cesar Hernandez,Eugenio Suarez,Xander Bogaerts,"Aaron Judge,Lorenzo Cain,Marcell Ozuna"
312,1063451695,jsltfc,72.55,,,,,Charlie Morton,Luke Weaver,Welington Castillo,Jose Abreu,Eduardo Nunez,Kris Bryant,Addison Russell,"Marcell Ozuna,Tommy Pham,Avisail Garcia"
312,1063466374,andyv718,72.55,,,,,Charlie Morton,Luke Weaver,Willson Contreras,Matt Carpenter,Jose Altuve,Alex Bregman,Paul DeJong,"Marcell Ozuna,Tommy Pham,Dexter Fowler"
314,1063024481,papagates,72.5,,,,,Jake Arrieta,Jose Quintana,Willson Contreras,Paul Goldschmidt,Ben Zobrist,Eugenio Suarez,Jose Peraza,"Kyle Schwarber,Adam Duvall,Billy Hamilton"
314,1063156172,scout326,72.5,,,,,Jake Arrieta,Jose Quintana,Victor Caratini,Edwin Encarnacion,Jason Kipnis,Kris Bryant,Francisco Lindor,"Michael Brantley,Ben Zobrist,Jason Heyward"
316,1063548525,baise085,72.4,,,,,Jordan Montgomery,Luke Weaver,Victor Caratini,Edwin Encarnacion,Jose Altuve,Maikel Franco,Carlos Correa,"Mookie Betts,George Springer,Josh Reddick"
317,1063388281,bric75,72.35,,,,,Jose Quintana,Luke Weaver,Welington Castillo,Jose Abreu,Yoan Moncada,Kris Bryant,Carlos Correa,"Aaron Judge,Avisail Garcia,Nicky Delmonico"
318,1063579844,ThorntonMelon,72.25,,,,,Charlie Morton,Jordan Montgomery,Yadier Molina,Lucas Duda,Jace Peterson,Kris Bryant,Carlos Correa,"Andrew Benintendi,Brett Gardner,Corey Dickerson"
319,1063109982,shawnzhan,72.1,,,,,Reynaldo Lopez,Jordan Montgomery,Willson Contreras,Carlos Santana,Jose Altuve,Maikel Franco,Francisco Lindor,"Rhys Hoskins,Odubel Herrera,Nick Williams"
319,1063355685,yankeesfan2,72.1,,,,,Reynaldo Lopez,Jordan Montgomery,Austin Romine,Neil Walker,Jose Altuve,Maikel Franco,Carlos Correa,"Giancarlo Stanton,Rhys Hoskins,Brett Gardner"
319,1063519888,zwright86,72.1,,,,,Reynaldo Lopez,Jordan Montgomery,Welington Castillo,Hanley Ramirez,Neil Walker,Matt Davidson,Xander Bogaerts,"Aaron Judge,J.D. Martinez,Brett Gardner"
322,1063523547,fantasyfever,72.05,,,,,Jake Arrieta,Eduardo Rodriguez,Evan Gattis,Yonder Alonso,Neil Walker,Miguel Andujar,J.P. Crawford,"Giancarlo Stanton,Aaron Judge,Brett Gardner"
323,1062996445,ChipotleAddict,71.55,,,,,Jake Arrieta,Reynaldo Lopez,Willson Contreras,Jose Abreu,Ben Zobrist,Matt Davidson,Francisco Lindor,"Kyle Schwarber,Domingo Santana,Leury Garcia"
323,1063123414,cheeseisgood,71.55,,,,,Charlie Morton,Luke Weaver,Andrew Knapp,Edwin Encarnacion,Neil Walker,Jose Ramirez,Francisco Lindor,"Ryan Braun,Michael Brantley,Dexter Fowler"
323,1063478373,mray6288,71.55,,,,,Charlie Morton,Luke Weaver,Yadier Molina,Matt Carpenter,Jason Kipnis,Jose Ramirez,Francisco Lindor,"Marcell Ozuna,Tommy Pham,Michael Brantley"
326,1063024478,papagates,71.5,,,,,Jake Arrieta,Jose Quintana,Yan Gomes,Lucas Duda,Jason Kipnis,Kris Bryant,Addison Russell,"Kyle Schwarber,Michael Brantley,Bradley Zimmer"
326,1063435227,yolegacy,71.5,,,,,Jake Arrieta,Tyler Mahle,Tucker Barnhart,Hanley Ramirez,Cesar Hernandez,Maikel Franco,Jose Peraza,"Rhys Hoskins,Aaron Judge,Odubel Herrera"
328,1063355708,yankeesfan2,71.4,,,,,Jordan Montgomery,Luke Weaver,Willson Contreras,Edwin Encarnacion,Jace Peterson,Jose Ramirez,Francisco Lindor,"Giancarlo Stanton,Aaron Judge,Brett Gardner"
329,1063467297,Awesemo,71.35,,,,,Jose Quintana,Luke Weaver,Welington Castillo,Jose Abreu,Jose Ramirez,Matt Davidson,Francisco Lindor,"Avisail Garcia,Michael Brantley,Nicky Delmonico"
330,1062996437,ChipotleAddict,71.05,,,,,Jose Quintana,Reynaldo Lopez,Willson Contreras,Jose Abreu,Yoan Moncada,Kris Bryant,Addison Russell,"Kyle Schwarber,Avisail Garcia,Billy Hamilton"
330,1062996440,ChipotleAddict,71.05,,,,,Jose Quintana,Reynaldo Lopez,Welington Castillo,Edwin Encarnacion,Jason Kipnis,Jose Ramirez,Tim Anderson,"Kyle Schwarber,Avisail Garcia,Michael Brantley"
330,1063474850,Awesemo,71.05,,,,,Jose Quintana,Reynaldo Lopez,Welington Castillo,Jose Abreu,Yoan Moncada,Yolmer Sanchez,Xander Bogaerts,"Mookie Betts,J.D. Martinez,Nicky Delmonico"
333,1063270550,sirmalcolm,70.9,,,,,Eduardo Rodriguez,Luke Weaver,Willson Contreras,Jose Abreu,Jason Kipnis,Mike Moustakas,Francisco Lindor,"Giancarlo Stanton,Aaron Judge,Dexter Fowler"
333,1063506708,mjchan89,70.9,,,,,Eduardo Rodriguez,Luke Weaver,Welington Castillo,Hanley Ramirez,Yoan Moncada,Matt Davidson,Xander Bogaerts,"Mookie Betts,J.D. Martinez,Jesse Winker"
335,1063109984,shawnzhan,70.85,,,,,Jake Arrieta,Luke Weaver,Caleb Joseph,Trey Mancini,Jonathan Schoop,Jose Ramirez,Manny Machado,"Giancarlo Stanton,Kyle Schwarber,Adam Jones"
335,1063531323,mlbmodel,70.85,,,,,Jake Arrieta,Luke Weaver,Victor Caratini,Carlos Santana,Jason Kipnis,Alex Bregman,Francisco Lindor,"Mookie Betts,Andrew Benintendi,Michael Brantley"
337,1063464229,m3deman,70.75,,,,,Mike Clevinger,Luke Weaver,Welington Castillo,Jose Abreu,Jason Kipnis,Jose Ramirez,Francisco Lindor,"Avisail Garcia,Michael Brantley,Corey Dickerson"
338,1063109985,shawnzhan,70.55,,,,,Jose Quintana,Eduardo Rodriguez,Victor Caratini,Lucas Duda,Ben Zobrist,Kris Bryant,Francisco Lindor,"Giancarlo Stanton,Kyle Schwarber,Jason Heyward"
339,1063306640,tmarzy,70.45,,,,,Mike Clevinger,Reynaldo Lopez,Willson Contreras,Jose Abreu,Yoan Moncada,Matt Davidson,Tim Anderson,"Avisail Garcia,Adam Duvall,Billy Hamilton"
339,1063519329,McJester,70.45,,,,,Luke Weaver,Trevor Richards,Yan Gomes,Edwin Encarnacion,Jose Altuve,Miguel Andujar,Carlos Correa,"Giancarlo Stanton,Aaron Judge,George Springer"
341,1063298766,fortheoffice,70.35,,,,,Jose Quintana,Luke Weaver,Welington Castillo,Edwin Encarnacion,Jason Kipnis,Jose Ramirez,Francisco Lindor,"Rhys Hoskins,Michael Brantley,Dexter Fowler"
342,1063352631,wakeywakey,70.25,,,,,Charlie Morton,Reynaldo Lopez,Manny Pina,Ryan Braun,Neil Walker,Alex Bregman,Manny Machado,"George Springer,Domingo Santana,Dexter Fowler"
343,1063392764,msrebels,70.1,,,,,Reynaldo Lopez,Jordan Montgomery,Yadier Molina,Jose Abreu,Jose Altuve,Eugenio Suarez,Carlos Correa,"Aaron Judge,Josh Reddick,Avisail Garcia"
344,1063296211,Signature,69.9,,,,,Eduardo Rodriguez,Luke Weaver,Evan Gattis,Edwin Encarnacion,Neil Walker,Kris Bryant,Carlos Correa,"Mookie Betts,Nicholas Castellanos,Niko Goodrum"
344,1063311655,CosaSpeciale,69.9,,,,,Eduardo Rodriguez,Luke Weaver,Yan Gomes,Edwin Encarnacion,Jason Kipnis,Jose Ramirez,Francisco Lindor,"Giancarlo Stanton,Brett Gardner,Avisail Garcia"
346,1063476619,ianj300,69.85,,,,,Chase Anderson,Reynaldo Lopez,Evan Gattis,Mitch Moreland,Eduardo Nunez,Alex Bregman,Carlos Correa,"Mookie Betts,J.D. Martinez,Marwin Gonzalez"
347,1063486115,mazwa,69.6,,,,,Eduardo Rodriguez,Jordan Montgomery,Willson Contreras,Matt Carpenter,Ben Zobrist,Kris Bryant,Carlos Correa,"Aaron Judge,Kyle Schwarber,Albert Almora"
348,1062996446,ChipotleAddict,69.05,,,,,Jose Quintana,Jordan Montgomery,Willson Contreras,Edwin Encarnacion,Jason Kipnis,Jose Ramirez,Francisco Lindor,"Kyle Schwarber,Corey Dickerson,Jason Heyward"
348,1062996447,ChipotleAddict,69.05,,,,,Jose Quintana,Jordan Montgomery,Yan Gomes,Jose Abreu,Jose Ramirez,Kris Bryant,Francisco Lindor,"Kyle Schwarber,Albert Almora,Bradley Zimmer"
348,1063564248,IslandBanker,69.05,,,,,Taijuan Walker,Reynaldo Lopez,Welington Castillo,Ryan Braun,Eduardo Nunez,Matt Davidson,Tim Anderson,"Giancarlo Stanton,Aaron Judge,Nicky Delmonico"
351,1063481978,fallfromgrace,68.9,,,,,Eduardo Rodriguez,Luke Weaver,Evan Gattis,Ryan Braun,Neil Walker,Alex Bregman,Carlos Correa,"George Springer,Josh Reddick,Domingo Santana"
352,1063573394,baise085,68.85,,,,,Jake Arrieta,Luke Weaver,Victor Caratini,Edwin Encarnacion,Jose Altuve,Jose Ramirez,Francisco Lindor,"Josh Reddick,Michael Brantley,Jose Martinez"
353,1063156173,scout326,68.55,,,,,Charlie Morton,Luke Weaver,Evan Gattis,Jose Abreu,Jose Altuve,Alex Bregman,Tim Anderson,"Avisail Garcia,Nicky Delmonico,Leury Garcia"
353,1063530961,bquicksix,68.55,,,,,Charlie Morton,Luke Weaver,Manny Pina,Jesus Aguilar,Jason Kipnis,Manny Machado,Francisco Lindor,"Lorenzo Cain,Ryan Braun,Domingo Santana"
355,1063024479,papagates,68.5,,,,,Jake Arrieta,Jose Quintana,Willson Contreras,Lucas Duda,Whit Merrifield,Mike Moustakas,Addison Russell,"Kyle Schwarber,Billy Hamilton,Alex Gordon"
356,1063467476,mjmart23,68.4,,,,,Reynaldo Lopez,Luke Weaver,Francisco Cervelli,Jose Abreu,Jason Kipnis,Kris Bryant,Manny Machado,"Giancarlo Stanton,George Springer,Brett Gardner"
357,1063486106,mazwa,67.75,,,,,Charlie Morton,Eduardo Rodriguez,Willson Contreras,Justin Bour,Derek Dietrich,Alex Bregman,Francisco Lindor,"Tommy Pham,Domingo Santana,Dexter Fowler"
358,1063488976,jamesreidjr,67.6,,,,,Eduardo Rodriguez,Reynaldo Lopez,Tucker Barnhart,Neil Walker,Scooter Gennett,Kris Bryant,Xander Bogaerts,"Giancarlo Stanton,Aaron Judge,Brett Gardner"
359,1063423670,wilson1,67.55,,,,,Charlie Morton,Luke Weaver,Evan Gattis,Neil Walker,Jose Altuve,Alex Bregman,Carlos Correa,"Brett Gardner,Dexter Fowler,Jesse Winker"
359,1063523550,fantasyfever,67.55,,,,,Jake Arrieta,Jordan Montgomery,Yan Gomes,Edwin Encarnacion,Jace Peterson,Jose Ramirez,Francisco Lindor,"George Springer,Josh Reddick,Michael Brantley"
361,1063179603,jwestphal708,67.4,,,,,Jordan Montgomery,Luke Weaver,Yadier Molina,Hanley Ramirez,Jose Altuve,Alex Bregman,Xander Bogaerts,"Aaron Judge,Andrew Benintendi,Jose Martinez"
362,1063039209,IamPGM,67.05,,,,,Jake Arrieta,Eduardo Rodriguez,Willson Contreras,Neil Walker,Jason Kipnis,Jace Peterson,Carlos Correa,"Giancarlo Stanton,Brett Gardner,Michael Brantley"
363,1063296165,Signature,66.55,,,,,Charlie Morton,Luke Weaver,Evan Gattis,Edwin Encarnacion,Jace Peterson,Kris Bryant,Carlos Correa,"Marwin Gonzalez,Michael Brantley,Billy Hamilton"
364,1062996441,ChipotleAddict,66.5,,,,,Jake Arrieta,Mike Fiers,Yan Gomes,Edwin Encarnacion,Jason Kipnis,Jose Ramirez,Francisco Lindor,"Lorenzo Cain,Ryan Braun,Domingo Santana"
365,1063350874,fantasysportsking55,66.45,,,,,Luke Weaver,Trevor Richards,Austin Romine,Edwin Encarnacion,Jose Altuve,Jose Ramirez,Carlos Correa,"Giancarlo Stanton,Aaron Judge,Brett Gardner"
366,1063309958,jeremyshow,66.05,,,,,Tyler Mahle,Reynaldo Lopez,Victor Caratini,Carlos Santana,Cesar Hernandez,Christian Villanueva,Xander Bogaerts,"Rhys Hoskins,Mookie Betts,J.D. Martinez"
367,1063363275,nawmsayin,65.9,,,,,Eduardo Rodriguez,Luke Weaver,Evan Gattis,Carlos Santana,Cesar Hernandez,Alex Bregman,Carlos Correa,"Rhys Hoskins,George Springer,Nick Williams"
368,1063388276,bric75,65.5,,,,,Jake Arrieta,Jose Quintana,Andrew Knapp,Jose Abreu,Yoan Moncada,Kris Bryant,J.P. Crawford,"Rhys Hoskins,Avisail Garcia,Nick Williams"
369,1063542800,McJester,65.45,,,,,Luke Weaver,Trevor Richards,Willson Contreras,Justin Bour,Derek Dietrich,Kris Bryant,Carlos Correa,"Giancarlo Stanton,Aaron Judge,George Springer"
370,1063156169,scout326,65.35,,,,,Jose Quintana,Luke Weaver,Victor Caratini,Jose Abreu,Jose Altuve,Alex Bregman,Carlos Correa,"Giancarlo Stanton,Tommy Pham,Avisail Garcia"
371,1063429231,Wendt14,65.2,,,,,Charlie Morton,Tyler Mahle,Jesus Sucre,Edwin Encarnacion,Ben Zobrist,Kris Bryant,Jose Peraza,"Aaron Judge,Billy Hamilton,Bradley Zimmer"
372,1063277548,REDCOAT85,64.9,,,,,Eduardo Rodriguez,Luke Weaver,Evan Gattis,Justin Bour,Jose Altuve,Alex Bregman,Carlos Correa,"Giancarlo Stanton,Josh Reddick,Derek Dietrich"
372,1063435695,dahladino,64.9,,,,,Eduardo Rodriguez,Luke Weaver,Welington Castillo,Jose Abreu,Yoan Moncada,Matt Davidson,Ronald Torreyes,"Giancarlo Stanton,Aaron Judge,Avisail Garcia"
374,1063467309,Awesemo,64.7,,,,,Charlie Morton,Jake Arrieta,Victor Caratini,Matt Carpenter,Ben Zobrist,Kris Bryant,Paul DeJong,"Tommy Pham,Jose Martinez,Dexter Fowler"
375,1063438238,Zeechamp,64.6,,,,,Eduardo Rodriguez,Reynaldo Lopez,Willson Contreras,Jose Abreu,Jason Kipnis,Kris Bryant,Francisco Lindor,"Kyle Schwarber,Michael Brantley,Albert Almora"
375,1063524435,GrindersCal,64.6,,,,,Charlie Morton,Mike Clevinger,Andrew Knapp,Matt Carpenter,Niko Goodrum,Maikel Franco,Paul DeJong,"Marcell Ozuna,Tommy Pham,Jose Martinez"
377,1063024472,papagates,64.5,,,,,Jake Arrieta,Jose Quintana,Willson Contreras,Joey Votto,Scooter Gennett,Kris Bryant,Jose Peraza,"Kyle Schwarber,Billy Hamilton,Bradley Zimmer"
378,1063483457,Tommyg1979,64.1,,,,,Mike Fiers,Trevor Richards,Yan Gomes,Marwin Gonzalez,Jose Altuve,Alex Bregman,Carlos Correa,"Giancarlo Stanton,Aaron Judge,George Springer"
379,1063388277,bric75,63.85,,,,,Jake Arrieta,Luke Weaver,Yadier Molina,Carlos Santana,Cesar Hernandez,Jose Ramirez,Paul DeJong,"George Springer,Marcell Ozuna,Tommy Pham"
380,1063467296,Awesemo,63.7,,,,,Charlie Morton,Jake Arrieta,Welington Castillo,Jose Abreu,Yoan Moncada,Jeimer Candelario,Jose Iglesias,"Avisail Garcia,Leonys Martin,Nicky Delmonico"
381,1063336372,kfalik,63.55,,,,,Jake Arrieta,Jordan Montgomery,Victor Caratini,Edwin Encarnacion,Jose Altuve,Matt Duffy,Xander Bogaerts,"Giancarlo Stanton,Ben Zobrist,Corey Dickerson"
382,1063477811,ehafner,63.45,,,,,Mike Clevinger,Reynaldo Lopez,Welington Castillo,Jose Abreu,Jason Kipnis,Jose Ramirez,Francisco Lindor,"Avisail Garcia,Michael Brantley,Bradley Zimmer"
383,1063405287,wcdenin24,63.4,,,,,Jameson Taillon,Jordan Montgomery,Welington Castillo,Edwin Encarnacion,Jason Kipnis,Jose Ramirez,Francisco Lindor,"Lorenzo Cain,Ryan Braun,Carlos Gomez"
384,1063216196,rex21023,62.9,,,,,Eduardo Rodriguez,Luke Weaver,Victor Caratini,Jose Abreu,Neil Walker,Kris Bryant,Carlos Correa,"Giancarlo Stanton,George Springer,Brett Gardner"
384,1063546799,bryito12,62.9,,,,,Eduardo Rodriguez,Luke Weaver,Willson Contreras,Jose Abreu,Yoan Moncada,Matt Davidson,Carlos Correa,"Giancarlo Stanton,Avisail Garcia,Nicky Delmonico"
386,1063536947,REDCOAT85,62.55,,,,,Jose Quintana,Eduardo Rodriguez,Welington Castillo,Jose Abreu,Neil Walker,Alex Bregman,Carlos Correa,"George Springer,Brett Gardner,Nicky Delmonico"
387,1063296217,fortheoffice,62.4,,,,,Jordan Montgomery,Luke Weaver,Willson Contreras,Jose Abreu,Jose Ramirez,Kris Bryant,Francisco Lindor,"Giancarlo Stanton,Avisail Garcia,Albert Almora"
388,1063576497,RKiley03,62.2,,,,,Charlie Morton,Tyler Mahle,Evan Gattis,Lucas Duda,Yoan Moncada,Mike Moustakas,Manny Machado,"Kyle Schwarber,Adam Jones,Niko Goodrum"
389,1063576185,jabbourj2,62.1,,,,,Reynaldo Lopez,Jordan Montgomery,Victor Caratini,Neil Walker,Jose Ramirez,Kris Bryant,Francisco Lindor,"Giancarlo Stanton,Aaron Judge,Brett Gardner"
390,1063024477,papagates,62.05,,,,,Jose Quintana,Jordan Montgomery,Willson Contreras,Yonder Alonso,Jason Kipnis,Jose Ramirez,Addison Russell,"Kyle Schwarber,Billy Hamilton,Bradley Zimmer"
390,1063024480,papagates,62.05,,,,,Jose Quintana,Jordan Montgomery,Willson Contreras,Edwin Encarnacion,Jose Ramirez,Kris Bryant,Jose Peraza,"Kyle Schwarber,Michael Brantley,Bradley Zimmer"
392,1063574796,TheGold1,62,,,,,Jose Quintana,Tyler Mahle,Welington Castillo,Neil Walker,Yoan Moncada,Alex Bregman,Carlos Correa,"George Springer,Josh Reddick,Avisail Garcia"
393,1063481977,fallfromgrace,61.9,,,,,Eduardo Rodriguez,Luke Weaver,Evan Gattis,Jose Abreu,Yoan Moncada,Alex Bregman,Carlos Correa,"George Springer,Josh Reddick,Domingo Santana"
394,1063239068,myb821,61.85,,,,,Chase Anderson,Reynaldo Lopez,Welington Castillo,Jose Abreu,Jose Altuve,Matt Davidson,Carlos Correa,"Josh Reddick,Avisail Garcia,Nicky Delmonico"
394,1063388278,bric75,61.85,,,,,Jake Arrieta,Luke Weaver,Evan Gattis,Neil Walker,Jace Peterson,Alex Bregman,Carlos Correa,"Giancarlo Stanton,George Springer,Brett Gardner"
396,1063438197,tinderella,61.55,,,,,Jose Quintana,Eduardo Rodriguez,Evan Gattis,Matt Carpenter,Jose Altuve,Alex Bregman,Carlos Correa,"Josh Reddick,Tommy Pham,Dexter Fowler"
397,1063270541,ejs39861,61.4,,,,,Jordan Montgomery,Luke Weaver,Welington Castillo,Jose Abreu,Neil Walker,Jose Ramirez,Carlos Correa,"Giancarlo Stanton,Aaron Judge,Brett Gardner"
397,1063381687,zsavior,61.4,,,,,Jordan Montgomery,Luke Weaver,Welington Castillo,Jose Abreu,Neil Walker,Jose Ramirez,Carlos Correa,"Giancarlo Stanton,Aaron Judge,Brett Gardner"
397,1063532453,longgg,61.4,,,,,Reynaldo Lopez,Luke Weaver,Tucker Barnhart,Edwin Encarnacion,Jason Kipnis,Jose Ramirez,Francisco Lindor,"Giancarlo Stanton,Aaron Judge,Jose Martinez"
400,1063156162,scout326,61.35,,,,,Jose Quintana,Luke Weaver,Welington Castillo,Jose Abreu,Jose Altuve,Alex Bregman,Carlos Correa,"George Springer,Avisail Garcia,Leury Garcia"
401,1063523200,Legit-Storm,61.25,,,,,Charlie Morton,Jordan Montgomery,Yan Gomes,Yonder Alonso,Jason Kipnis,Alex Bregman,Francisco Lindor,"Lorenzo Cain,Michael Brantley,Dexter Fowler"
402,1063467304,Awesemo,61.05,,,,,Jordan Montgomery,Mike Fiers,Evan Gattis,Neil Walker,Jose Altuve,Alex Bregman,Carlos Correa,"Aaron Judge,George Springer,Brett Gardner"
403,1063524555,Wreck-Havoc-22,60.95,,,,,Mike Clevinger,Eduardo Rodriguez,Andrew Knapp,Edwin Encarnacion,Jason Kipnis,Jose Ramirez,Francisco Lindor,"Michael Brantley,Odubel Herrera,Niko Goodrum"
403,1063532712,Wreck-Havoc-22,60.95,,,,,Mike Clevinger,Eduardo Rodriguez,Andrew Knapp,Edwin Encarnacion,Jason Kipnis,Jose Ramirez,Francisco Lindor,"Michael Brantley,Odubel Herrera,Niko Goodrum"
405,1063228800,ThatStunna,60.9,,,,,Eduardo Rodriguez,Luke Weaver,Evan Gattis,Marwin Gonzalez,Neil Walker,Alex Bregman,Carlos Correa,"Giancarlo Stanton,George Springer,Brett Gardner"
406,1063422556,yolegacy,60.6,,,,,Eduardo Rodriguez,Jordan Montgomery,Tucker Barnhart,Tyler Austin,Neil Walker,Kris Bryant,Xander Bogaerts,"Giancarlo Stanton,Aaron Judge,Brett Gardner"
406,1063579876,SamENole,60.6,,,,,Eduardo Rodriguez,Reynaldo Lopez,Evan Gattis,Jesus Aguilar,Jose Altuve,Alex Bregman,Carlos Correa,"Lorenzo Cain,Ryan Braun,Josh Reddick"
408,1063477038,yolegacy,60.55,,,,,Jake Arrieta,Reynaldo Lopez,Tucker Barnhart,Jose Abreu,Yoan Moncada,Matt Davidson,Xander Bogaerts,"Aaron Judge,Avisail Garcia,Nicky Delmonico"
409,1063580395,ryanmax,60.45,,,,,Mike Clevinger,Jordan Montgomery,Andrew Knapp,Carlos Santana,Neil Walker,Jose Ramirez,Francisco Lindor,"Andrew Benintendi,Michael Brantley,Odubel Herrera"
410,1063108463,youdacao,60.35,,,,,Jose Quintana,Luke Weaver,Welington Castillo,Jose Abreu,Jose Altuve,Kris Bryant,Carlos Correa,"Avisail Garcia,Nicky Delmonico,Leury Garcia"
411,1063109981,shawnzhan,60.2,,,,,Charlie Morton,Mike Fiers,Manny Pina,Ryan Braun,Jonathan Villar,Alex Bregman,Orlando Arcia,"Giancarlo Stanton,Kyle Schwarber,Domingo Santana"
411,1063558764,lvonderspark92,60.2,,,,,Mike Clevinger,Chase Anderson,Yadier Molina,Jose Martinez,Cesar Hernandez,Maikel Franco,Paul DeJong,"Lorenzo Cain,Ryan Braun,Odubel Herrera"
413,1063175931,moklovin,60.05,,,,,Jose Quintana,Reynaldo Lopez,Evan Gattis,Neil Walker,Jose Altuve,Alex Bregman,Carlos Correa,"Giancarlo Stanton,Dexter Fowler,Derek Fisher"
413,1063508069,VinceLN30,60.05,,,,,Tyler Mahle,Reynaldo Lopez,Jesus Sucre,Edwin Encarnacion,Yoan Moncada,Maikel Franco,Francisco Lindor,"Rhys Hoskins,Aaron Judge,Odubel Herrera"
415,1063574048,Stallion33,59.55,,,,,Jake Arrieta,Jordan Montgomery,Evan Gattis,Neil Walker,Yoan Moncada,Miguel Andujar,Ronald Torreyes,"Giancarlo Stanton,Aaron Judge,George Springer"
416,1063370176,jaker1soe,59.45,,,,,Mike Clevinger,Reynaldo Lopez,Yadier Molina,Yonder Alonso,Jason Kipnis,Jose Ramirez,Francisco Lindor,"Marcell Ozuna,Michael Brantley,Dexter Fowler"
416,1063408434,wcdenin24,59.45,,,,,Jameson Taillon,Trevor Richards,Welington Castillo,Edwin Encarnacion,Jason Kipnis,Jose Ramirez,Francisco Lindor,"Starling Marte,Lorenzo Cain,Ryan Braun"
418,1063387469,bric75,59.4,,,,,Jordan Montgomery,Luke Weaver,Evan Gattis,Neil Walker,Jose Altuve,Alex Bregman,Francisco Lindor,"Giancarlo Stanton,Aaron Judge,Odubel Herrera"
419,1063108467,youdacao,59.35,,,,,Jose Quintana,Luke Weaver,Evan Gattis,Jose Abreu,Jose Altuve,Alex Bregman,Carlos Correa,"George Springer,Domingo Santana,Nicky Delmonico"
420,1063160150,theOGking_tay,59.25,,,,,Charlie Morton,Jordan Montgomery,Welington Castillo,Tyler Austin,Yolmer Sanchez,Matt Davidson,Carlos Correa,"Aaron Judge,Nicky Delmonico,Leury Garcia"
421,1063024483,papagates,59.05,,,,,Jose Quintana,Jordan Montgomery,Yan Gomes,Yonder Alonso,Jason Kipnis,Kris Bryant,Addison Russell,"Kyle Schwarber,Billy Hamilton,Bradley Zimmer"
422,1063355919,Crafty2408,58.45,,,,,Mike Clevinger,Jordan Montgomery,Willson Contreras,Ryan Braun,Ben Zobrist,Kris Bryant,Addison Russell,"Lorenzo Cain,Jose Martinez,Domingo Santana"
422,1063578421,matthewm1627,58.45,,,,,Mike Clevinger,Jordan Montgomery,Willson Contreras,Jose Martinez,Ben Zobrist,Kris Bryant,Addison Russell,"Lorenzo Cain,Ryan Braun,Domingo Santana"
424,1063375359,fjbourne,58.4,,,,,Jordan Montgomery,Luke Weaver,Victor Caratini,Marwin Gonzalez,Jose Altuve,Kris Bryant,Carlos Correa,"George Springer,Kyle Schwarber,Josh Reddick"
424,1063467695,ComingUpShort,58.4,,,,,Mike Clevinger,Taijuan Walker,Victor Caratini,Neil Walker,Jose Altuve,Jose Ramirez,Adeiny Hechavarria,"Giancarlo Stanton,Derek Dietrich,Domingo Santana"
426,1063517397,TheJT9,58.35,,,,,Jose Quintana,Luke Weaver,Evan Gattis,Jose Abreu,Jose Ramirez,Alex Bregman,Carlos Correa,"Giancarlo Stanton,Tommy Pham,Dexter Fowler"
427,1063467301,Awesemo,58.25,,,,,Charlie Morton,Reynaldo Lopez,Evan Gattis,Jose Abreu,Yoan Moncada,Alex Bregman,Carlos Correa,"Avisail Garcia,Nicky Delmonico,Leury Garcia"
428,1063240129,bradhr,58.1,,,,,Reynaldo Lopez,Jordan Montgomery,Yadier Molina,Edwin Encarnacion,Jose Altuve,Maikel Franco,Carlos Correa,"Aaron Judge,Brett Gardner,Avisail Garcia"
428,1063352630,wakeywakey,58.1,,,,,Reynaldo Lopez,Jordan Montgomery,Willson Contreras,Ryan Braun,Ben Zobrist,Kris Bryant,Addison Russell,"Giancarlo Stanton,Kyle Schwarber,Domingo Santana"
430,1063109980,shawnzhan,58.05,,,,,Jose Quintana,Reynaldo Lopez,Welington Castillo,Jose Abreu,Yoan Moncada,Alex Bregman,Francisco Lindor,"Giancarlo Stanton,Avisail Garcia,Nicky Delmonico"
431,1063536946,REDCOAT85,57.85,,,,,Jake Arrieta,Luke Weaver,Welington Castillo,Jose Abreu,Neil Walker,Jose Ramirez,Francisco Lindor,"Giancarlo Stanton,Michael Brantley,Nicky Delmonico"
432,1063232729,davewiff,57.55,,,,,Jake Arrieta,Reynaldo Lopez,Welington Castillo,Jose Abreu,Jose Ramirez,Matt Davidson,Tim Anderson,"Ryan Braun,Avisail Garcia,Domingo Santana"
433,1063580012,ryanmax,57.4,,,,,Jordan Montgomery,Luke Weaver,Victor Caratini,Neil Walker,Jose Altuve,Kris Bryant,Carlos Correa,"Giancarlo Stanton,Aaron Judge,Michael Brantley"
434,1063486110,mazwa,57.25,,,,,Charlie Morton,Jordan Montgomery,Evan Gattis,Miguel Cabrera,Niko Goodrum,Jeimer Candelario,Francisco Lindor,"Nicholas Castellanos,Tommy Pham,Leonys Martin"
435,1063463048,Bozie11,56.9,,,,,Eduardo Rodriguez,Luke Weaver,Evan Gattis,Jose Abreu,Yoan Moncada,Matt Davidson,Carlos Correa,"George Springer,Brett Gardner,Avisail Garcia"
436,1063310255,fortheoffice,56.75,,,,,Mike Clevinger,Luke Weaver,Welington Castillo,Jose Abreu,Yoan Moncada,Matt Davidson,Addison Russell,"Kyle Schwarber,Avisail Garcia,Jason Heyward"
436,1063450244,yolegacy,56.75,,,,,Mike Clevinger,Luke Weaver,Yadier Molina,Jose Martinez,Jose Ramirez,Kris Bryant,Xander Bogaerts,"Marcell Ozuna,Tommy Pham,Dexter Fowler"
438,1063522705,Legit-Storm,56.45,,,,,Mike Clevinger,Jordan Montgomery,Max Stassi,Neil Walker,Yoan Moncada,Alex Bregman,Carlos Correa,"George Springer,Brett Gardner,Dexter Fowler"
439,1063170894,tj2312,56.05,,,,,Tyler Mahle,Reynaldo Lopez,Welington Castillo,Joey Votto,Eduardo Nunez,Manny Machado,Carlos Correa,"Giancarlo Stanton,Brett Gardner,Adam Jones"
440,1063070523,felder15,55.4,,,,,Jordan Montgomery,Luke Weaver,Manny Pina,Jose Abreu,Yoan Moncada,Matt Davidson,Didi Gregorius,"Giancarlo Stanton,Aaron Judge,Avisail Garcia"
440,1063108460,youdacao,55.4,,,,,Jordan Montgomery,Luke Weaver,Willson Contreras,Jose Abreu,Jose Altuve,Alex Bregman,Carlos Correa,"George Springer,Avisail Garcia,Derek Fisher"
442,1063208208,mgrazi111,55.25,,,,,Charlie Morton,Jordan Montgomery,Victor Caratini,Jesus Aguilar,Ben Zobrist,Kris Bryant,Addison Russell,"Kyle Schwarber,Ryan Braun,Domingo Santana"
443,1063495106,Tlawson2018,54.75,,,,,Mike Clevinger,Luke Weaver,Welington Castillo,Edwin Encarnacion,Jason Kipnis,Matt Davidson,Francisco Lindor,"Avisail Garcia,Michael Brantley,Nicky Delmonico"
444,1062996438,ChipotleAddict,53.55,,,,,Jake Arrieta,Reynaldo Lopez,Welington Castillo,Jose Abreu,Yoan Moncada,Jose Ramirez,Francisco Lindor,"Ryan Braun,Michael Brantley,Bradley Zimmer"
445,1063543251,isupol,53.4,,,,,Jordan Montgomery,Luke Weaver,Andrew Knapp,Carlos Santana,Jose Altuve,Maikel Franco,Carlos Correa,"Rhys Hoskins,George Springer,Marwin Gonzalez"
445,1063553180,Wheater23,53.4,,,,,Jordan Montgomery,Luke Weaver,Jesus Sucre,Carlos Santana,Jose Altuve,Alex Bregman,Carlos Correa,"Aaron Judge,George Springer,Brett Gardner"
447,1063471455,ragingphilip,53.25,,,,,Charlie Morton,Jordan Montgomery,Evan Gattis,Justin Bour,Derek Dietrich,Alex Bregman,Francisco Lindor,"Aaron Judge,Domingo Santana,Dexter Fowler"
448,1063477818,ehafner,52.45,,,,,Mike Clevinger,Reynaldo Lopez,Welington Castillo,Jose Abreu,Yoan Moncada,Matt Davidson,Paul DeJong,"Marcell Ozuna,Tommy Pham,Avisail Garcia"
449,1063511840,TeeJayOrTj,52.4,,,,,Jordan Montgomery,Luke Weaver,Willson Contreras,Joey Votto,Jose Ramirez,Kris Bryant,Francisco Lindor,"Giancarlo Stanton,Michael Brantley,Domingo Santana"
449,1063529142,mray6288,52.4,,,,,Jordan Montgomery,Luke Weaver,Welington Castillo,Jose Abreu,Jose Altuve,Alex Bregman,Carlos Correa,"George Springer,Josh Reddick,Nicky Delmonico"
451,1063391685,GFallis,52.35,,,,,Tyler Mahle,Luke Weaver,Manny Pina,Jesus Aguilar,Jose Altuve,Manny Machado,Carlos Correa,"George Springer,Kyle Schwarber,Ben Zobrist"
452,1063211945,brpunkrmax,51.6,,,,,Eduardo Rodriguez,Jordan Montgomery,Victor Caratini,Neil Walker,Jose Altuve,Alex Bregman,Carlos Correa,"Aaron Judge,George Springer,Brett Gardner"
453,1063562203,j3lly,50.95,,,,,Mike Clevinger,Eduardo Rodriguez,Welington Castillo,Eric Hosmer,Neil Walker,Matt Davidson,Xander Bogaerts,"J.D. Martinez,Jose Martinez,Niko Goodrum"
454,1063552606,JohnWehner7,50.35,,,,,Tyler Mahle,Luke Weaver,Jesus Sucre,Matt Carpenter,Neil Walker,Kris Bryant,Francisco Lindor,"Giancarlo Stanton,Aaron Judge,George Springer"
455,1063463086,Bozie11,49.9,,,,,Eduardo Rodriguez,Luke Weaver,Victor Caratini,Edwin Encarnacion,Jason Kipnis,Jose Ramirez,Francisco Lindor,"Giancarlo Stanton,J.D. Martinez,Michael Brantley"
456,1063296317,Signature,49.6,,,,,Charlie Morton,Mike Clevinger,Evan Gattis,Joey Votto,Scooter Gennett,Maikel Franco,Jose Peraza,"Tommy Pham,Jesse Winker,Hernan Perez"
457,1063316547,steveezzo,49.55,,,,,Eduardo Rodriguez,Tyler Mahle,Victor Caratini,Yonder Alonso,Whit Merrifield,Alex Bregman,Xander Bogaerts,"Mookie Betts,J.D. Martinez,Andrew Benintendi"
457,1063438194,tinderella,49.55,,,,,Jose Quintana,Eduardo Rodriguez,Evan Gattis,Jose Abreu,Yoan Moncada,Alex Bregman,Carlos Correa,"George Springer,Avisail Garcia,Leury Garcia"
459,1063271784,tmoneyzz,49.45,,,,,Mike Clevinger,Jordan Montgomery,Christian Vazquez,Edwin Encarnacion,Jason Kipnis,Jose Ramirez,Francisco Lindor,"Marcell Ozuna,Michael Brantley,Albert Almora"
460,1063267714,mariob888,48.35,,,,,Tyler Mahle,Luke Weaver,Tucker Barnhart,Jose Martinez,Jose Altuve,Alex Bregman,Carlos Correa,"Rhys Hoskins,Aaron Judge,Marcell Ozuna"
461,1063536944,REDCOAT85,48.05,,,,,Jake Arrieta,Eduardo Rodriguez,Evan Gattis,Carlos Santana,Jason Kipnis,Kris Bryant,Francisco Lindor,"Michael Brantley,Odubel Herrera,Nick Williams"
462,1063301981,avcomp5,47.05,,,,,Tyler Mahle,Reynaldo Lopez,Welington Castillo,Matt Davidson,Jonathan Schoop,Maikel Franco,Carlos Correa,"Giancarlo Stanton,Aaron Judge,Trey Mancini"
463,1063437376,jsurab,45.55,,,,,Jake Arrieta,Jordan Montgomery,Evan Gattis,Edwin Encarnacion,Jason Kipnis,Jose Ramirez,Francisco Lindor,"Josh Reddick,Marwin Gonzalez,Derek Fisher"
464,1063446249,windchimesRrude,45.5,,,,,Jake Arrieta,Jose Quintana,Evan Gattis,Matt Carpenter,Jose Altuve,Alex Bregman,Paul DeJong,"Marcell Ozuna,Tommy Pham,Dexter Fowler"
465,1063484413,ebeimfohr,45.1,,,,,Reynaldo Lopez,Jordan Montgomery,Welington Castillo,Jose Abreu,Yoan Moncada,Matt Davidson,Carlos Correa,"Rhys Hoskins,Ryan Braun,Avisail Garcia"
466,1063463752,kuchie02,44.1,,,,,Reynaldo Lopez,Jordan Montgomery,Welington Castillo,Jose Abreu,Jose Altuve,Jose Ramirez,Carlos Correa,"George Springer,Avisail Garcia,Michael Brantley"
467,1063253848,adambrown24,44,,,,,Taijuan Walker,Tyler Mahle,Manny Pina,Paul Goldschmidt,Neil Walker,Alex Bregman,Manny Machado,"Giancarlo Stanton,Aaron Judge,Domingo Santana"
468,1063518361,shanksalot,43.85,,,,,Jake Arrieta,Luke Weaver,Manny Pina,Ryan Braun,Jose Altuve,Kris Bryant,Carlos Correa,"Lorenzo Cain,Domingo Santana,Hernan Perez"
469,1063224992,adambrown24,43.4,,,,,Mike Clevinger,Taijuan Walker,Alex Avila,Eric Hosmer,Jose Altuve,Alex Bregman,Carlos Correa,"Lorenzo Cain,Nicky Delmonico,Nick Williams"
469,1063424490,yolegacy,43.4,,,,,Mike Clevinger,Tyler Mahle,Christian Vazquez,Joey Votto,Scooter Gennett,Eugenio Suarez,Xander Bogaerts,"Aaron Judge,Adam Duvall,Jesse Winker"
471,1062996435,ChipotleAddict,42.55,,,,,Jake Arrieta,Jordan Montgomery,Willson Contreras,Ryan Braun,Jonathan Villar,Kris Bryant,Addison Russell,"Kyle Schwarber,Lorenzo Cain,Domingo Santana"
471,1063024475,papagates,42.55,,,,,Jake Arrieta,Jordan Montgomery,Willson Contreras,Ryan Braun,Jonathan Villar,Kris Bryant,Addison Russell,"Kyle Schwarber,Lorenzo Cain,Domingo Santana"
473,1063310870,fortheoffice,42.05,,,,,Tyler Mahle,Jordan Montgomery,Willson Contreras,Edwin Encarnacion,Jason Kipnis,Jose Ramirez,Francisco Lindor,"Kyle Schwarber,Michael Brantley,Ben Zobrist"
474,1063434877,jsurab,41.6,,,,,Eduardo Rodriguez,Jordan Montgomery,Andrew Knapp,Edwin Encarnacion,Jose Altuve,Maikel Franco,Carlos Correa,"Rhys Hoskins,Michael Brantley,Nick Williams"
475,1063457472,conan_the_bumbarian,41.55,,,,,Eduardo Rodriguez,Tyler Mahle,Alex Avila,Tyler Austin,Neil Walker,Alex Bregman,Carlos Correa,"Giancarlo Stanton,George Springer,Marwin Gonzalez"
476,1063580532,DraftCheat,41.45,,,,,Mike Clevinger,Reynaldo Lopez,Manny Pina,Jesus Aguilar,Jose Altuve,Alex Bregman,Carlos Correa,"Ryan Braun,Domingo Santana,Hernan Perez"
477,1063303725,fortheoffice,41.25,,,,,Charlie Morton,Jordan Montgomery,Welington Castillo,Jose Abreu,Yoan Moncada,Matt Davidson,Paul DeJong,"Tommy Pham,Avisail Garcia,Dexter Fowler"
478,1063303882,fortheoffice,41.2,,,,,Charlie Morton,Tyler Mahle,Yadier Molina,Matt Carpenter,Jason Kipnis,Jose Ramirez,Francisco Lindor,"Marcell Ozuna,Tommy Pham,Dexter Fowler"
479,1063486111,mazwa,41.05,,,,,Jose Quintana,Jordan Montgomery,Evan Gattis,Justin Bour,Jose Altuve,Alex Bregman,Carlos Correa,"George Springer,Tommy Pham,Dexter Fowler"
480,1063352629,wakeywakey,40.6,,,,,Eduardo Rodriguez,Reynaldo Lopez,Manny Pina,Jesus Aguilar,Jose Altuve,Alex Bregman,Carlos Correa,"George Springer,Ryan Braun,Domingo Santana"
481,1063024485,papagates,40.5,,,,,Jake Arrieta,Jose Quintana,Tucker Barnhart,Paul Goldschmidt,Scooter Gennett,Kris Bryant,Addison Russell,"Kyle Schwarber,Adam Duvall,Billy Hamilton"
482,1063490332,webbbryan1,40.05,,,,,Tyler Mahle,Jordan Montgomery,Austin Hedges,Tyler Austin,Jose Altuve,Kris Bryant,Xander Bogaerts,"Aaron Judge,J.D. Martinez,Manuel Margot"
483,1063070522,felder15,39.25,,,,,Charlie Morton,Jordan Montgomery,Andrew Knapp,Edwin Encarnacion,Jason Kipnis,Jose Ramirez,Francisco Lindor,"Marcell Ozuna,Jose Martinez,Dexter Fowler"
484,1063245029,KillerKazoo,38.6,,,,,Eduardo Rodriguez,Jordan Montgomery,Andrew Knapp,Edwin Encarnacion,Jose Altuve,Kris Bryant,Francisco Lindor,"Aaron Judge,Jose Martinez,Bradley Zimmer"
484,1063363160,nawmsayin,38.6,,,,,Eduardo Rodriguez,Jordan Montgomery,Manny Pina,Ryan Braun,Jose Altuve,Alex Bregman,Carlos Correa,"George Springer,Josh Reddick,Domingo Santana"
486,1063486109,mazwa,37.45,,,,,Mike Clevinger,Jordan Montgomery,Evan Gattis,Matt Carpenter,Derek Dietrich,Alex Bregman,Carlos Correa,"Aaron Judge,Tommy Pham,Dexter Fowler"
487,1063109978,shawnzhan,37.05,,,,,Jordan Montgomery,Mike Fiers,Evan Gattis,Ryan Braun,Jose Altuve,Alex Bregman,Carlos Correa,"George Springer,Kyle Schwarber,Michael Brantley"
488,1063437149,yolegacy,36.95,,,,,Mike Clevinger,Eduardo Rodriguez,Tucker Barnhart,Edwin Encarnacion,Jason Kipnis,Jose Ramirez,Francisco Lindor,"Michael Brantley,Adam Duvall,Jesse Winker"
489,1063532669,Wreck-Havoc-22,36.6,,,,,Eduardo Rodriguez,Jordan Montgomery,Andrew Knapp,Matt Davidson,Jose Altuve,Kris Bryant,Carlos Correa,"George Springer,Marwin Gonzalez,Niko Goodrum"
490,1063156174,scout326,36.05,,,,,Jake Arrieta,Eduardo Rodriguez,Welington Castillo,Edwin Encarnacion,Yoan Moncada,Jose Ramirez,Francisco Lindor,"Avisail Garcia,Nicky Delmonico,Leury Garcia"
491,1063342871,alanbr,35.45,,,,,Mike Clevinger,Jordan Montgomery,Jesus Sucre,Matt Davidson,Jose Altuve,Alex Bregman,Carlos Correa,"George Springer,Tyler Naquin,Braxton Lee"
492,1063209727,Abklurch,35.05,,,,,Tyler Mahle,Reynaldo Lopez,Welington Castillo,Joey Votto,Jose Ramirez,Alex Bregman,Xander Bogaerts,"George Springer,Marcell Ozuna,Tommy Pham"
493,1063108456,youdacao,33.4,,,,,Jordan Montgomery,Luke Weaver,Evan Gattis,Jose Abreu,Jose Altuve,Alex Bregman,Carlos Correa,"George Springer,Ryan Braun,Domingo Santana"
493,1063108459,youdacao,33.4,,,,,Jordan Montgomery,Luke Weaver,Evan Gattis,Jose Abreu,Jose Altuve,Alex Bregman,Carlos Correa,"George Springer,Ryan Braun,Domingo Santana"
493,1063424639,perkinpat,33.4,,,,,Jordan Montgomery,Luke Weaver,Evan Gattis,Edwin Encarnacion,Jason Kipnis,Jose Ramirez,Francisco Lindor,"Giancarlo Stanton,Ian Happ,Marcell Ozuna"
496,1062996442,ChipotleAddict,31.05,,,,,Jose Quintana,Jordan Montgomery,Welington Castillo,Edwin Encarnacion,Yoan Moncada,Kris Bryant,Francisco Lindor,"Kyle Schwarber,Nicky Delmonico,Leury Garcia"
497,1063505227,vikingsman116,29.9,,,,,Mike Clevinger,Jake Arrieta,Evan Gattis,Edwin Encarnacion,Scooter Gennett,Kris Bryant,Jose Peraza,"Adam Duvall,Billy Hamilton,Jesse Winker"
498,1063401046,rpqk01,27.05,,,,,Tyler Mahle,Jordan Montgomery,Yadier Molina,Jose Martinez,Neil Walker,Kris Bryant,Carlos Correa,"Giancarlo Stanton,Aaron Judge,Billy Hamilton"
499,1063525124,ilikepie123,22.5,,,,,Jake Arrieta,Tyler Mahle,Evan Gattis,Trey Mancini,Jose Altuve,Kris Bryant,Carlos Correa,"Marwin Gonzalez,Domingo Santana,Hernan Perez"
500,1063580623,chef2284,20.6,,,,,Jake Arrieta,Trevor Richards,Welington Castillo,Paul Goldschmidt,Yoan Moncada,Kris Bryant,Carlos Correa,"J.D. Martinez,Tommy Pham,Michael Brantley"
