SF/PF,LeBron James,11600,SAC@CLE 12/06/2017 07:00PM ET,55.781000000000006,CLE
PF/C,DeMarcus Cousins,11300,DEN@NO 12/06/2017 08:00PM ET,54.75,NO
SF/PF,Giannis Antetokounmpo,11100,DET@MIL 12/06/2017 08:00PM ET,55.5,MIL
PF/C,Anthony Davis,10500,DEN@NO 12/06/2017 08:00PM ET,49.0,NO
SF/PF,Kevin Durant,10100,GS@CHA 12/06/2017 08:00PM ET,45.113,GS
PG/SG,Stephen Curry,9700,GS@CHA 12/06/2017 08:00PM ET,46.924,GS
C,Andre Drummond,9100,DET@MIL 12/06/2017 08:00PM ET,44.207,DET
PG/SG,Victor Oladipo,8900,CHI@IND 12/06/2017 07:00PM ET,40.957,IND
PG,Kyrie Irving,8500,DAL@BOS 12/06/2017 07:30PM ET,38.604,BOS
PF/C,Kevin Love,8400,SAC@CLE 12/06/2017 07:00PM ET,38.188,CLE
C,Nikola Jokic,8300,DEN@NO 12/06/2017 08:00PM ET,39.881,DEN
PG,Dennis Schroder,8200,ATL@ORL 12/06/2017 07:00PM ET,35.083,ATL
SF/PF,Aaron Gordon,8100,ATL@ORL 12/06/2017 07:00PM ET,36.5,ORL
PF/C,Kristaps Porzingis,8100,MEM@NY 12/06/2017 07:30PM ET,41.118,NY
C,Karl-Anthony Towns,8100,MIN@LAC 12/06/2017 10:30PM ET,40.79,MIN
PF/C,LaMarcus Aldridge,8100,MIA@SA 12/06/2017 08:30PM ET,40.174,SA
C,Marc Gasol,8000,MEM@NY 12/06/2017 07:30PM ET,40.783,MEM
PF/C,Blake Griffin,8000,MIN@LAC 12/06/2017 10:30PM ET,43.763000000000005,LAC
PF/C,Draymond Green,7900,GS@CHA 12/06/2017 08:00PM ET,35.521,GS
PG,Kemba Walker,7800,GS@CHA 12/06/2017 08:00PM ET,38.9,CHA
SF/PF,Kawhi Leonard,7700,MIA@SA 12/06/2017 08:30PM ET,0.0,SA
SG/SF,Tyreke Evans,7600,MEM@NY 12/06/2017 07:30PM ET,33.163000000000004,MEM
SG,Jimmy Butler,7600,MIN@LAC 12/06/2017 10:30PM ET,36.707,MIN
C,Nikola Vucevic,7500,ATL@ORL 12/06/2017 07:00PM ET,36.01,ORL
C,Hassan Whiteside,7500,MIA@SA 12/06/2017 08:30PM ET,36.95,MIA
PF/C,Al Horford,7400,DAL@BOS 12/06/2017 07:30PM ET,35.272,BOS
SG,Klay Thompson,7400,GS@CHA 12/06/2017 08:00PM ET,33.36,GS
C,Dwight Howard,7300,GS@CHA 12/06/2017 08:00PM ET,34.614000000000004,CHA
PG/SG,Lou Williams,7100,MIN@LAC 12/06/2017 10:30PM ET,30.840999999999998,LAC
C,DeAndre Jordan,6900,MIN@LAC 12/06/2017 10:30PM ET,32.216,LAC
SG/SF,Will Barton,6900,DEN@NO 12/06/2017 08:00PM ET,29.945999999999998,DEN
SG/SF,Tim Hardaway Jr.,6800,MEM@NY 12/06/2017 07:30PM ET,31.238000000000003,NY
SF/PF,Andrew Wiggins,6700,MIN@LAC 12/06/2017 10:30PM ET,30.16,MIN
SG/SF,Khris Middleton,6700,DET@MIL 12/06/2017 08:00PM ET,35.443000000000005,MIL
PG,Jeff Teague,6600,MIN@LAC 12/06/2017 10:30PM ET,32.095,MIN
PG/SG,Eric Bledsoe,6600,DET@MIL 12/06/2017 08:00PM ET,31.967,MIL
PG/SG,Jrue Holiday,6600,DEN@NO 12/06/2017 08:00PM ET,32.594,NO
PG,Isaiah Thomas,6500,SAC@CLE 12/06/2017 07:00PM ET,0.0,CLE
PG,Elfrid Payton,6500,ATL@ORL 12/06/2017 07:00PM ET,29.203000000000003,ORL
PG,Mike Conley,6400,MEM@NY 12/06/2017 07:30PM ET,28.771,MEM
PF/C,Enes Kanter,6400,MEM@NY 12/06/2017 07:30PM ET,31.013,NY
PF/C,Paul Millsap,6400,DEN@NO 12/06/2017 08:00PM ET,31.828000000000003,DEN
SF/PF,Harrison Barnes,6300,DAL@BOS 12/06/2017 07:30PM ET,32.531,DAL
C,Myles Turner,6200,CHI@IND 12/06/2017 07:00PM ET,30.279,IND
PF/C,Taj Gibson,6200,MIN@LAC 12/06/2017 10:30PM ET,26.36,MIN
SF/PF,Tobias Harris,6200,DET@MIL 12/06/2017 08:00PM ET,30.772,DET
PG,Goran Dragic,6200,MIA@SA 12/06/2017 08:30PM ET,30.695999999999998,MIA
PG/SG,Kris Dunn,6100,CHI@IND 12/06/2017 07:00PM ET,27.653000000000002,CHI
PG,Darren Collison,6100,CHI@IND 12/06/2017 07:00PM ET,29.25,IND
SG/SF,Evan Fournier,6100,ATL@ORL 12/06/2017 07:00PM ET,29.5,ORL
PG/SG,Austin Rivers,6100,MIN@LAC 12/06/2017 10:30PM ET,25.726999999999997,LAC
PG,Reggie Jackson,6000,DET@MIL 12/06/2017 08:00PM ET,29.5,DET
SG,Gary Harris,6000,DEN@NO 12/06/2017 08:00PM ET,27.607,DEN
SF/PF,Thaddeus Young,5900,CHI@IND 12/06/2017 07:00PM ET,27.948,IND
SF/PF,Jayson Tatum,5800,DAL@BOS 12/06/2017 07:30PM ET,26.49,BOS
PF,Lauri Markkanen,5800,CHI@IND 12/06/2017 07:00PM ET,29.840999999999998,CHI
SG/SF,Justin Holiday,5800,CHI@IND 12/06/2017 07:00PM ET,27.893,CHI
PG/SG,Dwyane Wade,5800,SAC@CLE 12/06/2017 07:00PM ET,25.511,CLE
SG/SF,Jaylen Brown,5700,DAL@BOS 12/06/2017 07:30PM ET,27.104,BOS
PF/C,John Collins,5700,ATL@ORL 12/06/2017 07:00PM ET,24.201999999999998,ATL
SG/SF,Nicolas Batum,5700,GS@CHA 12/06/2017 08:00PM ET,23.805999999999997,CHA
PF/C,Pau Gasol,5700,MIA@SA 12/06/2017 08:30PM ET,28.958000000000002,SA
C,Robin Lopez,5600,CHI@IND 12/06/2017 07:00PM ET,24.761,CHI
SG/SF,Dion Waiters,5600,MIA@SA 12/06/2017 08:30PM ET,25.5,MIA
SG/SF,Jeremy Lamb,5500,GS@CHA 12/06/2017 08:00PM ET,29.523000000000003,CHA
SF/PF,Danilo Gallinari,5500,MIN@LAC 12/06/2017 10:30PM ET,24.805999999999997,LAC
PG,Rajon Rondo,5500,DEN@NO 12/06/2017 08:00PM ET,23.705,NO
SF/PF,James Johnson,5500,MIA@SA 12/06/2017 08:30PM ET,26.409000000000002,MIA
SG/SF,Kent Bazemore,5400,ATL@ORL 12/06/2017 07:00PM ET,26.793000000000003,ATL
SG/SF,Taurean Prince,5400,ATL@ORL 12/06/2017 07:00PM ET,25.424,ATL
PG/SG,Dennis Smith Jr.,5300,DAL@BOS 12/06/2017 07:30PM ET,27.057,DAL
PF/C,Zach Randolph,5300,SAC@CLE 12/06/2017 07:00PM ET,26.345,SAC
SF/PF,JaMychal Green,5300,MEM@NY 12/06/2017 07:30PM ET,20.75,MEM
SG/SF,Marcus Smart,5200,DAL@BOS 12/06/2017 07:30PM ET,26.054000000000002,BOS
SG/SF,Denzel Valentine,5200,CHI@IND 12/06/2017 07:00PM ET,23.545,CHI
PF/C,Domantas Sabonis,5200,CHI@IND 12/06/2017 07:00PM ET,27.648000000000003,IND
PF/C,Willie Cauley-Stein,5200,SAC@CLE 12/06/2017 07:00PM ET,23.945999999999998,SAC
C,Dewayne Dedmon,5200,ATL@ORL 12/06/2017 07:00PM ET,25.038,ATL
SG/SF,Jonathon Simmons,5200,ATL@ORL 12/06/2017 07:00PM ET,21.97,ORL
SG/SF,Courtney Lee,5200,MEM@NY 12/06/2017 07:30PM ET,24.837,NY
SF/PF,Jabari Parker,5200,DET@MIL 12/06/2017 08:00PM ET,0.0,MIL
PG/SF,Kyle Anderson,5200,MIA@SA 12/06/2017 08:30PM ET,24.489,SA
SF/PF,Rudy Gay,5200,MIA@SA 12/06/2017 08:30PM ET,23.864,SA
PG/SG,Avery Bradley,5100,DET@MIL 12/06/2017 08:00PM ET,24.75,DET
PG/SG,Jamal Murray,5100,DEN@NO 12/06/2017 08:00PM ET,23.174,DEN
PF/C,Kenneth Faried,5000,DEN@NO 12/06/2017 08:00PM ET,14.125,DEN
PF/C,Nikola Mirotic,4900,CHI@IND 12/06/2017 07:00PM ET,0.0,CHI
PG,Mario Chalmers,4900,MEM@NY 12/06/2017 07:30PM ET,19.442999999999998,MEM
SG/SF,Bojan Bogdanovic,4800,CHI@IND 12/06/2017 07:00PM ET,22.666999999999998,IND
SF/PF,Ersan Ilyasova,4800,ATL@ORL 12/06/2017 07:00PM ET,16.625,ATL
SF/PF,Marcus Morris,4700,DAL@BOS 12/06/2017 07:30PM ET,23.866999999999997,BOS
PF,Bobby Portis,4700,CHI@IND 12/06/2017 07:00PM ET,24.865,CHI
PG/SG,Zach LaVine,4700,CHI@IND 12/06/2017 07:00PM ET,0.0,CHI
SG/SF,Buddy Hield,4700,SAC@CLE 12/06/2017 07:00PM ET,21.548000000000002,SAC
PG/SG,Malcolm Brogdon,4700,DET@MIL 12/06/2017 08:00PM ET,24.095,MIL
PF/C,Mason Plumlee,4700,DEN@NO 12/06/2017 08:00PM ET,16.804000000000002,DEN
PF/C,Kelly Olynyk,4700,MIA@SA 12/06/2017 08:30PM ET,20.587,MIA
PG,De'Aaron Fox,4600,SAC@CLE 12/06/2017 07:00PM ET,21.945999999999998,SAC
C,John Henson,4600,DET@MIL 12/06/2017 08:00PM ET,20.857,MIL
SG/SF,Danny Green,4600,MIA@SA 12/06/2017 08:30PM ET,22.228,SA
PG/SG,J.J. Barea,4500,DAL@BOS 12/06/2017 07:30PM ET,25.229,DAL
SF/PF,Wilson Chandler,4500,DEN@NO 12/06/2017 08:00PM ET,19.632,DEN
SG/SF,Josh Richardson,4500,MIA@SA 12/06/2017 08:30PM ET,19.761,MIA
PF/C,Dirk Nowitzki,4400,DAL@BOS 12/06/2017 07:30PM ET,22.958000000000002,DAL
PG/SG,Jerian Grant,4400,CHI@IND 12/06/2017 07:00PM ET,21.840999999999998,CHI
SG/SF,Lance Stephenson,4400,CHI@IND 12/06/2017 07:00PM ET,19.156,IND
PG/SG,Shaun Livingston,4400,GS@CHA 12/06/2017 08:00PM ET,10.943,GS
SG/SF,Wesley Johnson,4300,MIN@LAC 12/06/2017 10:30PM ET,17.864,LAC
SG/SF,Wesley Matthews,4200,DAL@BOS 12/06/2017 07:30PM ET,22.916999999999998,DAL
SG,Marco Belinelli,4200,ATL@ORL 12/06/2017 07:00PM ET,21.62,ATL
SF/PF,Michael Beasley,4200,MEM@NY 12/06/2017 07:30PM ET,13.838,NY
SF,Michael Kidd-Gilchrist,4200,GS@CHA 12/06/2017 08:00PM ET,18.172,CHA
SG/SF,E'Twaun Moore,4200,DEN@NO 12/06/2017 08:00PM ET,21.313000000000002,NO
PG/SG,Seth Curry,4100,DAL@BOS 12/06/2017 07:30PM ET,0.0,DAL
SF/PF,Jeff Green,4100,SAC@CLE 12/06/2017 07:00PM ET,18.688,CLE
PF/C,Kyle O'Quinn,4100,MEM@NY 12/06/2017 07:30PM ET,19.457,NY
SG/SF,Andre Iguodala,4100,GS@CHA 12/06/2017 08:00PM ET,17.631,GS
PG,Ish Smith,4100,DET@MIL 12/06/2017 08:00PM ET,18.783,DET
PG,Patty Mills,4100,MIA@SA 12/06/2017 08:30PM ET,19.458,SA
PG/SG,Terry Rozier,4000,DAL@BOS 12/06/2017 07:30PM ET,20.02,BOS
SG/SF,J.R. Smith,4000,SAC@CLE 12/06/2017 07:00PM ET,17.698,CLE
PG/SG,Garrett Temple,4000,SAC@CLE 12/06/2017 07:00PM ET,17.477,SAC
PG,Jarrett Jack,4000,MEM@NY 12/06/2017 07:30PM ET,19.06,NY
SF,Darius Miller,4000,DEN@NO 12/06/2017 08:00PM ET,12.854000000000001,NO
PF/C,Bam Adebayo,4000,MIA@SA 12/06/2017 08:30PM ET,12.607000000000001,MIA
PG/SG,David Nwaba,3900,CHI@IND 12/06/2017 07:00PM ET,18.25,CHI
PG/SG,George Hill,3900,SAC@CLE 12/06/2017 07:00PM ET,18.107,SAC
SG/SF,Dillon Brooks,3900,MEM@NY 12/06/2017 07:30PM ET,17.227999999999998,MEM
PG/SG,Malik Monk,3900,GS@CHA 12/06/2017 08:00PM ET,13.421,CHA
PF/C,Frank Kaminsky,3900,GS@CHA 12/06/2017 08:00PM ET,19.81,CHA
PG/SG,Tyler Johnson,3900,MIA@SA 12/06/2017 08:30PM ET,19.477,MIA
SF/PF,Justise Winslow,3900,MIA@SA 12/06/2017 08:30PM ET,18.337,MIA
PF/C,Dwight Powell,3800,DAL@BOS 12/06/2017 07:30PM ET,16.098,DAL
SG/SF,Glenn Robinson III,3800,CHI@IND 12/06/2017 07:00PM ET,0.0,IND
PF/C,Tristan Thompson,3800,SAC@CLE 12/06/2017 07:00PM ET,13.780999999999999,CLE
SG/SF,Bogdan Bogdanovic,3800,SAC@CLE 12/06/2017 07:00PM ET,18.125,SAC
SF/PF,Luke Babbitt,3800,ATL@ORL 12/06/2017 07:00PM ET,14.15,ATL
SG/SF,DeAndre' Bembry,3800,ATL@ORL 12/06/2017 07:00PM ET,12.722000000000001,ATL
PG/SG,D.J. Augustin,3800,ATL@ORL 12/06/2017 07:00PM ET,17.417,ORL
SF/PF,Chandler Parsons,3800,MEM@NY 12/06/2017 07:30PM ET,16.722,MEM
SG/SF,James Ennis III,3800,MEM@NY 12/06/2017 07:30PM ET,15.023,MEM
PG/SG,Milos Teodosic,3800,MIN@LAC 12/06/2017 10:30PM ET,13.125,LAC
PF/C,Montrezl Harrell,3800,MIN@LAC 12/06/2017 10:30PM ET,11.109000000000002,LAC
PF/C,Gorgui Dieng,3800,MIN@LAC 12/06/2017 10:30PM ET,15.682,MIN
SG/SF,Tony Snell,3800,DET@MIL 12/06/2017 08:00PM ET,16.648,MIL
PG,Emmanuel Mudiay,3800,DEN@NO 12/06/2017 08:00PM ET,19.195999999999998,DEN
PG/SG,Devin Harris,3700,DAL@BOS 12/06/2017 07:30PM ET,17.028,DAL
PG/SG,Yogi Ferrell,3700,DAL@BOS 12/06/2017 07:30PM ET,17.365,DAL
PG,Derrick Rose,3700,SAC@CLE 12/06/2017 07:00PM ET,19.785999999999998,CLE
PG/SG,Frank Mason III,3700,SAC@CLE 12/06/2017 07:00PM ET,14.765999999999998,SAC
SF/PF,Jae Crowder,3700,SAC@CLE 12/06/2017 07:00PM ET,15.677,CLE
SG/SF,Terrence Ross,3700,ATL@ORL 12/06/2017 07:00PM ET,18.795,ORL
PG,Michael Carter-Williams,3700,GS@CHA 12/06/2017 08:00PM ET,15.705,CHA
SF/PF,Marvin Williams,3700,GS@CHA 12/06/2017 08:00PM ET,18.977,CHA
PG/SF,Patrick McCaw,3700,GS@CHA 12/06/2017 08:00PM ET,9.148,GS
SG,Nick Young,3700,GS@CHA 12/06/2017 08:00PM ET,10.645999999999999,GS
PG/SG,Tyus Jones,3700,MIN@LAC 12/06/2017 10:30PM ET,13.05,MIN
PF/C,Thon Maker,3700,DET@MIL 12/06/2017 08:00PM ET,12.341,MIL
SG/SF,Stanley Johnson,3700,DET@MIL 12/06/2017 08:00PM ET,17.4,DET
SF/PF,Trey Lyles,3700,DEN@NO 12/06/2017 08:00PM ET,10.931,DEN
SF/PF,Juancho Hernangomez,3700,DEN@NO 12/06/2017 08:00PM ET,9.75,DEN
PG,Tony Parker,3700,MIA@SA 12/06/2017 08:30PM ET,15.187999999999999,SA
SG/SF,Wayne Ellington,3700,MIA@SA 12/06/2017 08:30PM ET,14.674000000000001,MIA
SG/SF,Manu Ginobili,3700,MIA@SA 12/06/2017 08:30PM ET,15.888,SA
PF/C,Daniel Theis,3600,DAL@BOS 12/06/2017 07:30PM ET,11.804,BOS
C,Aron Baynes,3600,DAL@BOS 12/06/2017 07:30PM ET,15.35,BOS
SG/SF,Kyle Korver,3600,SAC@CLE 12/06/2017 07:00PM ET,17.177,CLE
PG/SG,Malcolm Delaney,3600,ATL@ORL 12/06/2017 07:00PM ET,12.25,ATL
C,Miles Plumlee,3600,ATL@ORL 12/06/2017 07:00PM ET,8.687999999999999,ATL
PF/C,Guillermo Hernangomez,3600,MEM@NY 12/06/2017 07:30PM ET,12.339,NY
SG,Damyean Dotson,3600,MEM@NY 12/06/2017 07:30PM ET,5.867000000000001,NY
C,Cody Zeller,3600,GS@CHA 12/06/2017 08:00PM ET,17.708,CHA
PF/C,David West,3600,GS@CHA 12/06/2017 08:00PM ET,16.12,GS
SF/PF,Dante Cunningham,3600,DEN@NO 12/06/2017 08:00PM ET,13.187999999999999,NO
PG,Cory Joseph,3500,CHI@IND 12/06/2017 07:00PM ET,18.281,IND
SG/SF,Paul Zipser,3500,CHI@IND 12/06/2017 07:00PM ET,10.737,CHI
PG/SG,Iman Shumpert,3500,SAC@CLE 12/06/2017 07:00PM ET,12.192,CLE
SF/PF,Jonathan Isaac,3500,ATL@ORL 12/06/2017 07:00PM ET,16.229,ORL
C,Mike Muscala,3500,ATL@ORL 12/06/2017 07:00PM ET,16.333,ATL
SG/SF,Ben McLemore,3500,MEM@NY 12/06/2017 07:30PM ET,12.937999999999999,MEM
PG/SG,Frank Ntilikina,3500,MEM@NY 12/06/2017 07:30PM ET,14.163,NY
PG/SG,Andrew Harrison,3500,MEM@NY 12/06/2017 07:30PM ET,11.309000000000001,MEM
SF/PF,Doug McDermott,3500,MEM@NY 12/06/2017 07:30PM ET,14.347999999999999,NY
SG,Jamal Crawford,3500,MIN@LAC 12/06/2017 10:30PM ET,14.64,MIN
SF/PF,Nemanja Bjelica,3500,MIN@LAC 12/06/2017 10:30PM ET,13.514000000000001,MIN
SG/SF,Shabazz Muhammad,3500,MIN@LAC 12/06/2017 10:30PM ET,7.25,MIN
PG/SF,DeAndre Liggins,3500,DET@MIL 12/06/2017 08:00PM ET,7.513,MIL
PG/SG,Bryn Forbes,3500,MIA@SA 12/06/2017 08:30PM ET,10.196,SA
PG,Dejounte Murray,3500,MIA@SA 12/06/2017 08:30PM ET,18.01,SA
PF/C,Al Jefferson,3400,CHI@IND 12/06/2017 07:00PM ET,16.725,IND
PF/C,Skal Labissiere,3400,SAC@CLE 12/06/2017 07:00PM ET,15.446,SAC
PF/C,Channing Frye,3400,SAC@CLE 12/06/2017 07:00PM ET,9.693,CLE
SG/SF,Arron Afflalo,3400,ATL@ORL 12/06/2017 07:00PM ET,5.382000000000001,ORL
PF/C,Jarell Martin,3400,MEM@NY 12/06/2017 07:30PM ET,11.636,MEM
SF/PF,Omri Casspi,3400,GS@CHA 12/06/2017 08:00PM ET,13.869000000000002,GS
SF/PF,Sam Dekker,3400,MIN@LAC 12/06/2017 10:30PM ET,7.474,LAC
SF/PF,Anthony Tolliver,3400,DET@MIL 12/06/2017 08:00PM ET,13.45,DET
PG/SG,Jameer Nelson,3400,DEN@NO 12/06/2017 08:00PM ET,17.455,NO
SG,Brandon Paul,3400,MIA@SA 12/06/2017 08:30PM ET,8.533999999999999,SA
C,Kosta Koufos,3300,SAC@CLE 12/06/2017 07:00PM ET,15.315,SAC
SG/SF,Justin Jackson,3300,SAC@CLE 12/06/2017 07:00PM ET,9.618,SAC
PG/SF,Mario Hezonja,3300,ATL@ORL 12/06/2017 07:00PM ET,6.711,ORL
PF/C,Bismack Biyombo,3300,ATL@ORL 12/06/2017 07:00PM ET,12.48,ORL
PG,Isaiah Taylor,3300,ATL@ORL 12/06/2017 07:00PM ET,12.280999999999999,ATL
PF,Tyler Cavanaugh,3300,ATL@ORL 12/06/2017 07:00PM ET,8.642999999999999,ATL
PF/C,Brandan Wright,3300,MEM@NY 12/06/2017 07:30PM ET,13.234000000000002,MEM
C,Joakim Noah,3300,MEM@NY 12/06/2017 07:30PM ET,9.625,NY
SG/SF,Dwayne Bacon,3300,GS@CHA 12/06/2017 08:00PM ET,10.917,CHA
C,Zaza Pachulia,3300,GS@CHA 12/06/2017 08:00PM ET,15.073,GS
PF/C,Jordan Bell,3300,GS@CHA 12/06/2017 08:00PM ET,11.763,GS
SG,Luke Kennard,3300,DET@MIL 12/06/2017 08:00PM ET,11.444,DET
PF,Maxi Kleber,3200,DAL@BOS 12/06/2017 07:30PM ET,9.708,DAL
PG,Shane Larkin,3200,DAL@BOS 12/06/2017 07:30PM ET,5.809,BOS
SG/SF,Semi Ojeleye,3200,DAL@BOS 12/06/2017 07:30PM ET,6.292000000000001,BOS
PF/C,Ante Zizic,3200,SAC@CLE 12/06/2017 07:00PM ET,3.813,CLE
PG,Shelvin Mack,3200,ATL@ORL 12/06/2017 07:00PM ET,15.014000000000001,ORL
PF/C,Deyonta Davis,3200,MEM@NY 12/06/2017 07:30PM ET,10.9,MEM
SF/PF,Lance Thomas,3200,MEM@NY 12/06/2017 07:30PM ET,8.425,NY
SG,Sindarius Thornwell,3200,MIN@LAC 12/06/2017 10:30PM ET,8.227,LAC
SF/PF,Jamil Wilson,3200,MIN@LAC 12/06/2017 10:30PM ET,8.687999999999999,LAC
PG/SG,Matthew Dellavedova,3200,DET@MIL 12/06/2017 08:00PM ET,12.962,MIL
SF/PF,Mirza Teletovic,3200,DET@MIL 12/06/2017 08:00PM ET,13.175,MIL
PG/SG,Ian Clark,3200,DEN@NO 12/06/2017 08:00PM ET,8.952,NO
C,Salah Mejri,3100,DAL@BOS 12/06/2017 07:30PM ET,13.579,DAL
PG,Antonio Blakeney,3100,CHI@IND 12/06/2017 07:00PM ET,10.682,CHI
PF/C,Marreese Speights,3100,ATL@ORL 12/06/2017 07:00PM ET,13.105,ORL
PG,Ramon Sessions,3100,MEM@NY 12/06/2017 07:30PM ET,11.4,NY
PG/SG,Langston Galloway,3100,DET@MIL 12/06/2017 08:00PM ET,10.545,DET
SG/SF,Tony Allen,3100,DEN@NO 12/06/2017 08:00PM ET,9.288,NO
PF,Nerlens Noel,3000,DAL@BOS 12/06/2017 07:30PM ET,12.132,DAL
SG,Antonius Cleveland,3000,DAL@BOS 12/06/2017 07:30PM ET,3.35,DAL
PF/C,Josh McRoberts,3000,DAL@BOS 12/06/2017 07:30PM ET,0.0,DAL
C,Jeff Withey,3000,DAL@BOS 12/06/2017 07:30PM ET,3.781,DAL
PF/C,Johnathan Motley,3000,DAL@BOS 12/06/2017 07:30PM ET,0.0,DAL
SF,Dorian Finney-Smith,3000,DAL@BOS 12/06/2017 07:30PM ET,5.875,DAL
PF,Abdel Nader,3000,DAL@BOS 12/06/2017 07:30PM ET,3.432,BOS
PF/C,Guerschon Yabusele,3000,DAL@BOS 12/06/2017 07:30PM ET,4.393,BOS
SG,Kadeem Allen,3000,DAL@BOS 12/06/2017 07:30PM ET,0.0,BOS
SG/SF,Gordon Hayward,3000,DAL@BOS 12/06/2017 07:30PM ET,3.25,BOS
SG,Jabari Bird,3000,DAL@BOS 12/06/2017 07:30PM ET,2.125,BOS
PG,Edmond Sumner,3000,CHI@IND 12/06/2017 07:00PM ET,0.0,IND
SF/PF,TJ Leaf,3000,CHI@IND 12/06/2017 07:00PM ET,7.3629999999999995,IND
SF,Alex Poythress,3000,CHI@IND 12/06/2017 07:00PM ET,1.9169999999999998,IND
PF/C,Ike Anigbogu,3000,CHI@IND 12/06/2017 07:00PM ET,2.0,IND
PG/SG,Joe Young,3000,CHI@IND 12/06/2017 07:00PM ET,4.827,IND
SG/SF,Damien Wilkins,3000,CHI@IND 12/06/2017 07:00PM ET,3.0380000000000003,IND
PF/C,Cristiano Felicio,3000,CHI@IND 12/06/2017 07:00PM ET,9.288,CHI
SG/SF,Quincy Pondexter,3000,CHI@IND 12/06/2017 07:00PM ET,6.132999999999999,CHI
PG,Ryan Arcidiacono,3000,CHI@IND 12/06/2017 07:00PM ET,1.5,CHI
PG,Kay Felder,3000,CHI@IND 12/06/2017 07:00PM ET,7.922999999999999,CHI
PG/SG,Cameron Payne,3000,CHI@IND 12/06/2017 07:00PM ET,0.0,CHI
PF,Jack Cooley,3000,SAC@CLE 12/06/2017 07:00PM ET,4.75,SAC
SG/SF,Vince Carter,3000,SAC@CLE 12/06/2017 07:00PM ET,6.7139999999999995,SAC
SG/SF,Malachi Richardson,3000,SAC@CLE 12/06/2017 07:00PM ET,6.979,SAC
SF/PF,Jakarr Sampson,3000,SAC@CLE 12/06/2017 07:00PM ET,8.333,SAC
PF/C,Harry Giles,3000,SAC@CLE 12/06/2017 07:00PM ET,0.0,SAC
C,Georgios Papagiannis,3000,SAC@CLE 12/06/2017 07:00PM ET,5.313,SAC
SG/SF,Cedi Osman,3000,SAC@CLE 12/06/2017 07:00PM ET,4.375,CLE
SG/SF,John Holland,3000,SAC@CLE 12/06/2017 07:00PM ET,1.8330000000000002,CLE
PG,Jose Calderon,3000,SAC@CLE 12/06/2017 07:00PM ET,6.9670000000000005,CLE
PG,London Perrantes,3000,SAC@CLE 12/06/2017 07:00PM ET,0.0,CLE
PF/C,Khem Birch,3000,ATL@ORL 12/06/2017 07:00PM ET,2.667,ORL
SG/SF,Wes Iwundu,3000,ATL@ORL 12/06/2017 07:00PM ET,3.286,ORL
PF,Adreian Payne,3000,ATL@ORL 12/06/2017 07:00PM ET,0.0,ORL
SG/SF,Jamel Artis,3000,ATL@ORL 12/06/2017 07:00PM ET,0.0,ORL
SG,Nicolas Brussino,3000,ATL@ORL 12/06/2017 07:00PM ET,1.25,ATL
PG/SG,Tyler Dorsey,3000,ATL@ORL 12/06/2017 07:00PM ET,4.188,ATL
PG,Josh Magette,3000,ATL@ORL 12/06/2017 07:00PM ET,6.188,ATL
PG/SG,Wayne Selden Jr.,3000,MEM@NY 12/06/2017 07:30PM ET,8.25,MEM
SG,Kobi Simmons,3000,MEM@NY 12/06/2017 07:30PM ET,2.0,MEM
PF,Vince Hunter,3000,MEM@NY 12/06/2017 07:30PM ET,4.0,MEM
PF/C,Ivan Rabb,3000,MEM@NY 12/06/2017 07:30PM ET,0.0,MEM
PF,Isaiah Hicks,3000,MEM@NY 12/06/2017 07:30PM ET,0.0,NY
PG/SG,Ron Baker,3000,MEM@NY 12/06/2017 07:30PM ET,9.642999999999999,NY
PF,Luke Kornet,3000,MEM@NY 12/06/2017 07:30PM ET,0.0,NY
PG,Marcus Paige,3000,GS@CHA 12/06/2017 08:00PM ET,2.5,CHA
PF/C,Mangok Mathiang,3000,GS@CHA 12/06/2017 08:00PM ET,2.5,CHA
PF/C,Johnny O'Bryant III,3000,GS@CHA 12/06/2017 08:00PM ET,9.406,CHA
PG/SG,Julyan Stone,3000,GS@CHA 12/06/2017 08:00PM ET,9.625,CHA
SG/SF,Treveon Graham,3000,GS@CHA 12/06/2017 08:00PM ET,10.270999999999999,CHA
C,JaVale McGee,3000,GS@CHA 12/06/2017 08:00PM ET,8.727,GS
PG,Quinn Cook,3000,GS@CHA 12/06/2017 08:00PM ET,5.167000000000001,GS
PF,Chris Boucher,3000,GS@CHA 12/06/2017 08:00PM ET,0.0,GS
C,Damian Jones,3000,GS@CHA 12/06/2017 08:00PM ET,0.0,GS
SF/PF,Kevon Looney,3000,GS@CHA 12/06/2017 08:00PM ET,9.486,GS
PG/SG,Patrick Beverley,3000,MIN@LAC 12/06/2017 10:30PM ET,25.976999999999997,LAC
PG/SG,Aaron Brooks,3000,MIN@LAC 12/06/2017 10:30PM ET,3.958,MIN
SG/SF,Marcus Georges-Hunt,3000,MIN@LAC 12/06/2017 10:30PM ET,0.917,MIN
C,Justin Patton,3000,MIN@LAC 12/06/2017 10:30PM ET,0.0,MIN
SG/SF,Anthony Brown,3000,MIN@LAC 12/06/2017 10:30PM ET,0.0,MIN
C,Cole Aldrich,3000,MIN@LAC 12/06/2017 10:30PM ET,1.15,MIN
PG,Jawun Evans,3000,MIN@LAC 12/06/2017 10:30PM ET,8.967,LAC
PF/C,Brice Johnson,3000,MIN@LAC 12/06/2017 10:30PM ET,5.542000000000001,LAC
SG,C.J. Williams,3000,MIN@LAC 12/06/2017 10:30PM ET,6.222,LAC
C,Willie Reed,3000,MIN@LAC 12/06/2017 10:30PM ET,10.345,LAC
PF,Joel Bolomboy,3000,DET@MIL 12/06/2017 08:00PM ET,3.0,MIL
PF/C,D.J. Wilson,3000,DET@MIL 12/06/2017 08:00PM ET,1.906,MIL
PG/SG,Jason Terry,3000,DET@MIL 12/06/2017 08:00PM ET,5.972,MIL
SG,Sterling Brown,3000,DET@MIL 12/06/2017 08:00PM ET,4.45,MIL
PG/SF,Rashad Vaughn,3000,DET@MIL 12/06/2017 08:00PM ET,4.75,MIL
SG,Gary Payton II,3000,DET@MIL 12/06/2017 08:00PM ET,4.0,MIL
PF/C,Eric Moreland,3000,DET@MIL 12/06/2017 08:00PM ET,7.525,DET
PF/C,Jon Leuer,3000,DET@MIL 12/06/2017 08:00PM ET,11.812999999999999,DET
PF/C,Henry Ellenson,3000,DET@MIL 12/06/2017 08:00PM ET,10.094,DET
PG,Dwight Buycks,3000,DET@MIL 12/06/2017 08:00PM ET,0.0,DET
SF,Luis Montero,3000,DET@MIL 12/06/2017 08:00PM ET,0.0,DET
SG/SF,Reggie Bullock,3000,DET@MIL 12/06/2017 08:00PM ET,7.091,DET
C,Boban Marjanovic,3000,DET@MIL 12/06/2017 08:00PM ET,8.0,DET
PF,Cheick Diallo,3000,DEN@NO 12/06/2017 08:00PM ET,5.55,NO
PF,Tyler Lydon,3000,DEN@NO 12/06/2017 08:00PM ET,0.0,DEN
SF/PF,Richard Jefferson,3000,DEN@NO 12/06/2017 08:00PM ET,3.219,DEN
SG,Malik Beasley,3000,DEN@NO 12/06/2017 08:00PM ET,6.197,DEN
SG/SF,Torrey Craig,3000,DEN@NO 12/06/2017 08:00PM ET,1.25,DEN
PF,Darrell Arthur,3000,DEN@NO 12/06/2017 08:00PM ET,2.75,DEN
PG,Monte Morris,3000,DEN@NO 12/06/2017 08:00PM ET,0.0,DEN
C,Omer Asik,3000,DEN@NO 12/06/2017 08:00PM ET,8.75,NO
SF,Jalen Jones,3000,DEN@NO 12/06/2017 08:00PM ET,2.667,NO
SF/PF,Solomon Hill,3000,DEN@NO 12/06/2017 08:00PM ET,0.0,NO
PG,Frank Jackson,3000,DEN@NO 12/06/2017 08:00PM ET,0.0,NO
SG,Charles Cooke,3000,DEN@NO 12/06/2017 08:00PM ET,2.75,NO
C,Alexis Ajinca,3000,DEN@NO 12/06/2017 08:00PM ET,0.0,NO
SG/SF,Darrun Hilliard,3000,MIA@SA 12/06/2017 08:30PM ET,2.167,SA
PF/C,Joffrey Lauvergne,3000,MIA@SA 12/06/2017 08:30PM ET,9.396,SA
PG/SG,Derrick White,3000,MIA@SA 12/06/2017 08:30PM ET,7.25,SA
PF,Matt Costello,3000,MIA@SA 12/06/2017 08:30PM ET,12.25,SA
SF/PF,Davis Bertans,3000,MIA@SA 12/06/2017 08:30PM ET,7.329,SA
SG/SF,Rodney McGruder,3000,MIA@SA 12/06/2017 08:30PM ET,0.0,MIA
SF/PF,Okaro White,3000,MIA@SA 12/06/2017 08:30PM ET,8.45,MIA
PG/SG,Derrick Walton Jr.,3000,MIA@SA 12/06/2017 08:30PM ET,1.4169999999999998,MIA
SG,Matt Williams,3000,MIA@SA 12/06/2017 08:30PM ET,0.0,MIA
PF/C,Jordan Mickey,3000,MIA@SA 12/06/2017 08:30PM ET,8.6,MIA
C,A.J. Hammons,3000,MIA@SA 12/06/2017 08:30PM ET,0.0,MIA
PF/C,Udonis Haslem,3000,MIA@SA 12/06/2017 08:30PM ET,1.625,MIA
