SF/PF,LeBron James,11600,CLE@PHO 03/13/2018 10:00PM ET,55.992,CLE
PG,Russell Westbrook,11500,OKC@ATL 03/13/2018 07:30PM ET,56.784,OKC
PF/C,Anthony Davis,11200,CHA@NO 03/13/2018 08:00PM ET,53.538000000000004,NO
C,Karl-Anthony Towns,9400,MIN@WAS 03/13/2018 07:00PM ET,44.778999999999996,MIN
C,Joel Embiid,9300,IND@PHI 03/13/2018 07:00PM ET,46.263999999999996,PHI
C,Nikola Jokic,9000,DEN@LAL 03/13/2018 10:30PM ET,43.342,DEN
PG/SG,Victor Oladipo,8700,IND@PHI 03/13/2018 07:00PM ET,42.541000000000004,IND
SG/SF,Devin Booker,8600,CLE@PHO 03/13/2018 10:00PM ET,40.115,PHO
PG/SG,Bradley Beal,8600,MIN@WAS 03/13/2018 07:00PM ET,39.126999999999995,WAS
C,Andre Drummond,8500,DET@UTA 03/13/2018 09:00PM ET,45.75,DET
C,Dwight Howard,8500,CHA@NO 03/13/2018 08:00PM ET,37.478,CHA
SF/PF,Paul George,8400,OKC@ATL 03/13/2018 07:30PM ET,39.568000000000005,OKC
SF/PF,Tobias Harris,8300,LAC@CHI 03/13/2018 08:00PM ET,32.056,LAC
C,Nikola Vucevic,8300,ORL@SA 03/13/2018 08:30PM ET,38.295,ORL
PF/C,LaMarcus Aldridge,8300,ORL@SA 03/13/2018 08:30PM ET,38.925,SA
PG/SG,Jrue Holiday,8200,CHA@NO 03/13/2018 08:00PM ET,37.28,NO
PG/SG,Lou Williams,8100,LAC@CHI 03/13/2018 08:00PM ET,37.039,LAC
PF/C,Blake Griffin,8100,DET@UTA 03/13/2018 09:00PM ET,41.695,DET
PF/C,Julius Randle,8000,DEN@LAL 03/13/2018 10:30PM ET,30.526999999999997,LAL
PG/SF,Ben Simmons,8000,IND@PHI 03/13/2018 07:00PM ET,41.582,PHI
PG,Kemba Walker,8000,CHA@NO 03/13/2018 08:00PM ET,38.869,CHA
C,DeAndre Jordan,7900,LAC@CHI 03/13/2018 08:00PM ET,36.213,LAC
C,Rudy Gobert,7800,DET@UTA 03/13/2018 09:00PM ET,34.78,UTA
SG/SF,DeMar DeRozan,7700,TOR@BKN 03/13/2018 07:30PM ET,38.742,TOR
PG,Kyle Lowry,7600,TOR@BKN 03/13/2018 07:30PM ET,37.107,TOR
PG,Lonzo Ball,7500,DEN@LAL 03/13/2018 10:30PM ET,34.71,LAL
PG/SG,Donovan Mitchell,7400,DET@UTA 03/13/2018 09:00PM ET,33.109,UTA
PG,Elfrid Payton,7300,CLE@PHO 03/13/2018 10:00PM ET,31.54,PHO
SF/PF,Aaron Gordon,7200,ORL@SA 03/13/2018 08:30PM ET,36.144,ORL
SG/SF,Nicolas Batum,7100,CHA@NO 03/13/2018 08:00PM ET,28.877,CHA
PF/C,Larry Nance Jr.,7000,CLE@PHO 03/13/2018 10:00PM ET,24.180999999999997,CLE
PG,John Wall,7000,MIN@WAS 03/13/2018 07:00PM ET,42.203,WAS
C,Enes Kanter,6900,DAL@NY 03/13/2018 07:30PM ET,32.06,NY
SG/SF,Jimmy Butler,6900,MIN@WAS 03/13/2018 07:00PM ET,40.933,MIN
C,Steven Adams,6800,OKC@ATL 03/13/2018 07:30PM ET,30.766,OKC
PG,Ricky Rubio,6800,DET@UTA 03/13/2018 09:00PM ET,28.651,UTA
PG/SG,Kris Dunn,6700,LAC@CHI 03/13/2018 08:00PM ET,32.12,CHI
SG/SF,Andrew Wiggins,6700,MIN@WAS 03/13/2018 07:00PM ET,29.037,MIN
SG,Gary Harris,6600,DEN@LAL 03/13/2018 10:30PM ET,30.201999999999998,DEN
PG,Dennis Smith Jr.,6600,DAL@NY 03/13/2018 07:30PM ET,29.081999999999997,DAL
PG,Jeff Teague,6600,MIN@WAS 03/13/2018 07:00PM ET,31.281,MIN
PF/C,Bobby Portis,6500,LAC@CHI 03/13/2018 08:00PM ET,25.719,CHI
PF/C,Pau Gasol,6500,ORL@SA 03/13/2018 08:30PM ET,28.656999999999996,SA
PF/C,Paul Millsap,6400,DEN@LAL 03/13/2018 10:30PM ET,30.967,DEN
SG/SF,Will Barton,6400,DEN@LAL 03/13/2018 10:30PM ET,30.765,DEN
SF/PF,Kyle Kuzma,6400,DEN@LAL 03/13/2018 10:30PM ET,28.15,LAL
SG/SF,Tim Hardaway Jr.,6400,DAL@NY 03/13/2018 07:30PM ET,29.528000000000002,NY
PF/C,Dario Saric,6400,IND@PHI 03/13/2018 07:00PM ET,29.851999999999997,PHI
SF/PF,Otto Porter Jr.,6400,MIN@WAS 03/13/2018 07:00PM ET,30.968000000000004,WAS
PG,Dennis Schroder,6300,OKC@ATL 03/13/2018 07:30PM ET,34.024,ATL
SF/PF,T.J. Warren,6300,CLE@PHO 03/13/2018 10:00PM ET,31.0,PHO
PG/SG,Isaiah Thomas,6300,DEN@LAL 03/13/2018 10:30PM ET,26.055999999999997,LAL
SG/SF,Brandon Ingram,6300,DEN@LAL 03/13/2018 10:30PM ET,30.996,LAL
SF/PF,Harrison Barnes,6300,DAL@NY 03/13/2018 07:30PM ET,31.208000000000002,DAL
SG/SF,Taurean Prince,6200,OKC@ATL 03/13/2018 07:30PM ET,25.284000000000002,ATL
PG/SG,Zach LaVine,6200,LAC@CHI 03/13/2018 08:00PM ET,28.545,CHI
PF/C,Kevin Love,6200,CLE@PHO 03/13/2018 10:00PM ET,35.38,CLE
PG/SG,Jamal Murray,6200,DEN@LAL 03/13/2018 10:30PM ET,27.701,DEN
PG/SG,D'Angelo Russell,6200,TOR@BKN 03/13/2018 07:30PM ET,28.78,BKN
C,Myles Turner,6200,IND@PHI 03/13/2018 07:00PM ET,29.461,IND
SF/PF,Nemanja Bjelica,6200,MIN@WAS 03/13/2018 07:00PM ET,14.91,MIN
SG/SF,Kentavious Caldwell-Pope,6100,DEN@LAL 03/13/2018 10:30PM ET,27.776,LAL
PF,Nikola Mirotic,6100,CHA@NO 03/13/2018 08:00PM ET,30.863000000000003,NO
PG/SG,Austin Rivers,6000,LAC@CHI 03/13/2018 08:00PM ET,27.105999999999998,LAC
SG/SF,Jonathon Simmons,6000,ORL@SA 03/13/2018 08:30PM ET,23.432,ORL
SF/PF,Kawhi Leonard,6000,ORL@SA 03/13/2018 08:30PM ET,31.278000000000002,SA
SG/SF,Josh Jackson,5900,CLE@PHO 03/13/2018 10:00PM ET,21.081,PHO
C,Jonas Valanciunas,5900,TOR@BKN 03/13/2018 07:30PM ET,26.616999999999997,TOR
SF/PF,Robert Covington,5900,IND@PHI 03/13/2018 07:00PM ET,27.496,PHI
SF/PF,Carmelo Anthony,5800,OKC@ATL 03/13/2018 07:30PM ET,29.069000000000003,OKC
PF,Lauri Markkanen,5800,LAC@CHI 03/13/2018 08:00PM ET,29.241999999999997,CHI
SF/PF,Danilo Gallinari,5800,LAC@CHI 03/13/2018 08:00PM ET,27.224,LAC
SG/SF,Joe Ingles,5800,DET@UTA 03/13/2018 09:00PM ET,25.631,UTA
C,Brook Lopez,5800,DEN@LAL 03/13/2018 10:30PM ET,23.362,LAL
PG,Dejounte Murray,5800,ORL@SA 03/13/2018 08:30PM ET,20.892,SA
PG,Rajon Rondo,5800,CHA@NO 03/13/2018 08:00PM ET,25.995,NO
PF/C,Dwight Powell,5700,DAL@NY 03/13/2018 07:30PM ET,19.254,DAL
PG/SF,Kyle Anderson,5700,ORL@SA 03/13/2018 08:30PM ET,23.487,SA
PF/C,Rondae Hollis-Jefferson,5600,TOR@BKN 03/13/2018 07:30PM ET,28.193,BKN
PF/C,Taj Gibson,5600,MIN@WAS 03/13/2018 07:00PM ET,26.265,MIN
PG/SG,Spencer Dinwiddie,5500,TOR@BKN 03/13/2018 07:30PM ET,30.17,BKN
SF/PF,DeMarre Carroll,5500,TOR@BKN 03/13/2018 07:30PM ET,27.875,BKN
PG/SG,J.J. Barea,5500,DAL@NY 03/13/2018 07:30PM ET,25.741999999999997,DAL
SF/PF,Mario Hezonja,5500,ORL@SA 03/13/2018 08:30PM ET,17.846,ORL
PF/C,John Collins,5400,OKC@ATL 03/13/2018 07:30PM ET,23.664,ATL
SF/PF,Michael Beasley,5400,DAL@NY 03/13/2018 07:30PM ET,22.791999999999998,NY
PF/C,Dirk Nowitzki,5400,DAL@NY 03/13/2018 07:30PM ET,24.833000000000002,DAL
PG/SG,Tomas Satoransky,5400,MIN@WAS 03/13/2018 07:00PM ET,17.069000000000003,WAS
PF/C,Dewayne Dedmon,5300,OKC@ATL 03/13/2018 07:30PM ET,23.979,ATL
PF/C,Montrezl Harrell,5300,LAC@CHI 03/13/2018 08:00PM ET,18.449,LAC
PF/C,Serge Ibaka,5300,TOR@BKN 03/13/2018 07:30PM ET,24.991999999999997,TOR
SF/PF,Markieff Morris,5300,MIN@WAS 03/13/2018 07:00PM ET,23.522,WAS
SG/SF,Kent Bazemore,5200,OKC@ATL 03/13/2018 07:30PM ET,26.976999999999997,ATL
SG/SF,Bojan Bogdanovic,5200,IND@PHI 03/13/2018 07:00PM ET,22.851999999999997,IND
PG/SG,George Hill,5100,CLE@PHO 03/13/2018 10:00PM ET,20.241,CLE
SF/PF,Wilson Chandler,5100,DEN@LAL 03/13/2018 10:30PM ET,21.504,DEN
PG/SF,Caris LeVert,5100,TOR@BKN 03/13/2018 07:30PM ET,25.039,BKN
PF/C,Derrick Favors,5000,DET@UTA 03/13/2018 09:00PM ET,26.46,UTA
SG/SF,Reggie Bullock,5000,DET@UTA 03/13/2018 09:00PM ET,18.392,DET
PG,Reggie Jackson,5000,DET@UTA 03/13/2018 09:00PM ET,27.189,DET
PG/SG,Jordan Clarkson,5000,CLE@PHO 03/13/2018 10:00PM ET,23.865,CLE
PG,Emmanuel Mudiay,5000,DAL@NY 03/13/2018 07:30PM ET,17.844,NY
SG/SF,Wesley Matthews,5000,DAL@NY 03/13/2018 07:30PM ET,24.23,DAL
SG/SF,JJ Redick,5000,IND@PHI 03/13/2018 07:00PM ET,26.426,PHI
SG/SF,Evan Fournier,5000,ORL@SA 03/13/2018 08:30PM ET,28.553,ORL
PG/SG,Milos Teodosic,4900,LAC@CHI 03/13/2018 08:00PM ET,21.708000000000002,LAC
PG,Ish Smith,4900,DET@UTA 03/13/2018 09:00PM ET,22.151999999999997,DET
SG/SF,Allen Crabbe,4900,TOR@BKN 03/13/2018 07:30PM ET,23.111,BKN
PG/SG,Trey Burke,4900,DAL@NY 03/13/2018 07:30PM ET,18.345,NY
PG,Darren Collison,4900,IND@PHI 03/13/2018 07:00PM ET,27.458000000000002,IND
PG/SG,D.J. Augustin,4900,ORL@SA 03/13/2018 08:30PM ET,18.9,ORL
SF/PF,Thaddeus Young,4800,IND@PHI 03/13/2018 07:00PM ET,25.97,IND
SF/PF,Rudy Gay,4800,ORL@SA 03/13/2018 08:30PM ET,22.333000000000002,SA
SG/SF,Denzel Valentine,4700,LAC@CHI 03/13/2018 08:00PM ET,23.455,CHI
C,Jarrett Allen,4700,TOR@BKN 03/13/2018 07:30PM ET,17.815,BKN
PF/C,Kyle O'Quinn,4700,DAL@NY 03/13/2018 07:30PM ET,19.515,NY
SG/SF,Rodney Hood,4600,CLE@PHO 03/13/2018 10:00PM ET,23.69,CLE
PF/C,Domantas Sabonis,4600,IND@PHI 03/13/2018 07:00PM ET,26.15,IND
SG/SF,Kelly Oubre Jr.,4600,MIN@WAS 03/13/2018 07:00PM ET,22.261,WAS
C,Tyson Chandler,4500,CLE@PHO 03/13/2018 10:00PM ET,20.967,PHO
PG,Cory Joseph,4500,IND@PHI 03/13/2018 07:00PM ET,19.09,IND
C,Marcin Gortat,4500,MIN@WAS 03/13/2018 07:00PM ET,23.06,WAS
SG/SF,David Nwaba,4400,LAC@CHI 03/13/2018 08:00PM ET,17.278,CHI
SF/PF,Jae Crowder,4400,DET@UTA 03/13/2018 09:00PM ET,17.477,UTA
PG/SG,Fred VanVleet,4400,TOR@BKN 03/13/2018 07:30PM ET,18.504,TOR
PG/SG,Yogi Ferrell,4400,DAL@NY 03/13/2018 07:30PM ET,19.612000000000002,DAL
SF/PF,Davis Bertans,4400,ORL@SA 03/13/2018 08:30PM ET,13.206,SA
PF/C,Frank Kaminsky,4400,CHA@NO 03/13/2018 08:00PM ET,19.676,CHA
SG/SF,James Ennis III,4300,DET@UTA 03/13/2018 09:00PM ET,15.404000000000002,DET
PG/SG,Patty Mills,4300,ORL@SA 03/13/2018 08:30PM ET,17.743,SA
PG/SG,Shelvin Mack,4300,ORL@SA 03/13/2018 08:30PM ET,15.931,ORL
SG/SF,Jeremy Lamb,4300,CHA@NO 03/13/2018 08:00PM ET,23.989,CHA
SG/SF,E'Twaun Moore,4300,CHA@NO 03/13/2018 08:00PM ET,21.291999999999998,NO
SG/SF,J.R. Smith,4200,CLE@PHO 03/13/2018 10:00PM ET,17.453,CLE
PF,Pascal Siakam,4200,TOR@BKN 03/13/2018 07:30PM ET,18.035,TOR
SG/SF,Lance Stephenson,4200,IND@PHI 03/13/2018 07:00PM ET,21.198,IND
SG/SF,Danny Green,4200,ORL@SA 03/13/2018 08:30PM ET,19.945,SA
SF/PF,Marvin Williams,4200,CHA@NO 03/13/2018 08:00PM ET,19.611,CHA
PG/SG,Tyler Dorsey,4100,OKC@ATL 03/13/2018 07:30PM ET,10.805,ATL
SG,Troy Daniels,4100,CLE@PHO 03/13/2018 10:00PM ET,12.657,PHO
C,Alex Len,4100,CLE@PHO 03/13/2018 10:00PM ET,21.435,PHO
SF/PF,Ersan Ilyasova,4100,IND@PHI 03/13/2018 07:00PM ET,22.087,PHI
PG/SG,Avery Bradley,4000,LAC@CHI 03/13/2018 08:00PM ET,22.761,LAC
SG/SF,Stanley Johnson,4000,DET@UTA 03/13/2018 09:00PM ET,18.358,DET
PF/C,Dragan Bender,4000,CLE@PHO 03/13/2018 10:00PM ET,15.195,PHO
PF/C,Tristan Thompson,4000,CLE@PHO 03/13/2018 10:00PM ET,16.595,CLE
PF/C,Mason Plumlee,4000,DEN@LAL 03/13/2018 10:30PM ET,20.873,DEN
SG/SF,Josh Hart,4000,DEN@LAL 03/13/2018 10:30PM ET,15.318,LAL
SG/SF,Corey Brewer,3900,OKC@ATL 03/13/2018 07:30PM ET,9.398,OKC
SF/PF,Jeff Green,3900,CLE@PHO 03/13/2018 10:00PM ET,17.861,CLE
PG,Tyler Ulis,3900,CLE@PHO 03/13/2018 10:00PM ET,16.456,PHO
SG,Jamal Crawford,3900,MIN@WAS 03/13/2018 07:00PM ET,16.485,MIN
PG,Tony Parker,3900,ORL@SA 03/13/2018 08:30PM ET,17.494,SA
PF/C,Cheick Diallo,3900,CHA@NO 03/13/2018 08:00PM ET,10.095,NO
PF/C,Mike Muscala,3800,OKC@ATL 03/13/2018 07:30PM ET,15.309000000000001,ATL
SF/PF,Jerami Grant,3800,OKC@ATL 03/13/2018 07:30PM ET,16.614,OKC
PG/SG,Cameron Payne,3800,LAC@CHI 03/13/2018 08:00PM ET,18.194000000000003,CHI
SG/SF,Justin Holiday,3800,LAC@CHI 03/13/2018 08:00PM ET,25.462,CHI
PF/C,Marquese Chriss,3800,CLE@PHO 03/13/2018 10:00PM ET,17.938,PHO
SF/PF,Trey Lyles,3800,DEN@LAL 03/13/2018 10:30PM ET,20.934,DEN
PF/C,Jakob Poeltl,3800,TOR@BKN 03/13/2018 07:30PM ET,16.708,TOR
SG/SF,C.J. Miles,3800,TOR@BKN 03/13/2018 07:30PM ET,16.871,TOR
C,Nerlens Noel,3800,DAL@NY 03/13/2018 07:30PM ET,13.83,DAL
PG,Isaiah Taylor,3700,OKC@ATL 03/13/2018 07:30PM ET,11.700999999999999,ATL
SG/SF,Davon Reed,3700,CLE@PHO 03/13/2018 10:00PM ET,7.1,PHO
SG/SF,Joe Harris,3700,TOR@BKN 03/13/2018 07:30PM ET,18.75,BKN
SF,Doug McDermott,3700,DAL@NY 03/13/2018 07:30PM ET,13.444,DAL
PG,T.J. McConnell,3700,IND@PHI 03/13/2018 07:00PM ET,20.093,PHI
SG/SF,Manu Ginobili,3700,ORL@SA 03/13/2018 08:30PM ET,16.897000000000002,SA
SF/PF,Jonathan Isaac,3700,ORL@SA 03/13/2018 08:30PM ET,14.274000000000001,ORL
C,Emeka Okafor,3700,CHA@NO 03/13/2018 08:00PM ET,16.042,NO
SF/PF,Darius Miller,3700,CHA@NO 03/13/2018 08:00PM ET,14.265,NO
SF,Michael Kidd-Gilchrist,3700,CHA@NO 03/13/2018 08:00PM ET,18.369,CHA
SG/SF,Luke Kennard,3600,DET@UTA 03/13/2018 09:00PM ET,12.86,DET
SG/SF,Kyle Korver,3600,CLE@PHO 03/13/2018 10:00PM ET,15.902000000000001,CLE
PG/SG,Frank Ntilikina,3600,DAL@NY 03/13/2018 07:30PM ET,14.445,NY
SG/SF,Courtney Lee,3600,DAL@NY 03/13/2018 07:30PM ET,23.142,NY
PF/C,Richaun Holmes,3600,IND@PHI 03/13/2018 07:00PM ET,15.147,PHI
PG/SG,Ian Clark,3600,CHA@NO 03/13/2018 08:00PM ET,11.645999999999999,NO
PG/SG,Malcolm Delaney,3500,OKC@ATL 03/13/2018 07:30PM ET,14.435,ATL
C,Robin Lopez,3500,LAC@CHI 03/13/2018 08:00PM ET,22.284000000000002,CHI
SG,Sindarius Thornwell,3500,LAC@CHI 03/13/2018 08:00PM ET,8.62,LAC
PF/C,Cristiano Felicio,3500,LAC@CHI 03/13/2018 08:00PM ET,9.65,CHI
PG/SG,Shaquille Harrison,3500,CLE@PHO 03/13/2018 10:00PM ET,14.110999999999999,PHO
SG/SF,Cedi Osman,3500,CLE@PHO 03/13/2018 10:00PM ET,7.966,CLE
PG/SG,Delon Wright,3500,TOR@BKN 03/13/2018 07:30PM ET,18.448,TOR
SG/SF,Marco Belinelli,3500,IND@PHI 03/13/2018 07:00PM ET,18.44,PHI
PF/C,Trevor Booker,3500,IND@PHI 03/13/2018 07:00PM ET,15.514000000000001,IND
PF/C,Joffrey Lauvergne,3500,ORL@SA 03/13/2018 08:30PM ET,10.261,SA
PF/C,Noah Vonleh,3400,LAC@CHI 03/13/2018 08:00PM ET,12.145,CHI
C,Boban Marjanovic,3400,LAC@CHI 03/13/2018 08:00PM ET,11.812999999999999,LAC
PF,Jared Dudley,3400,CLE@PHO 03/13/2018 10:00PM ET,8.878,PHO
PF,Mike Scott,3400,MIN@WAS 03/13/2018 07:00PM ET,14.875,WAS
C,Ian Mahinmi,3400,MIN@WAS 03/13/2018 07:00PM ET,11.773,WAS
PG/SG,Tyus Jones,3400,MIN@WAS 03/13/2018 07:00PM ET,13.423,MIN
PG,Derrick White,3400,ORL@SA 03/13/2018 08:30PM ET,7.667000000000001,SA
PF/C,Bismack Biyombo,3400,ORL@SA 03/13/2018 08:30PM ET,16.534000000000002,ORL
PG/SG,Bryn Forbes,3400,ORL@SA 03/13/2018 08:30PM ET,11.981,SA
C,Cody Zeller,3400,CHA@NO 03/13/2018 08:00PM ET,16.871,CHA
PF/C,Patrick Patterson,3300,OKC@ATL 03/13/2018 07:30PM ET,9.431000000000001,OKC
SG,Jaylen Morris,3300,OKC@ATL 03/13/2018 07:30PM ET,10.417,ATL
SF,Royce O'Neale,3300,DET@UTA 03/13/2018 09:00PM ET,12.264000000000001,UTA
PF/C,Eric Moreland,3300,DET@UTA 03/13/2018 09:00PM ET,10.051,DET
PG,Dwight Buycks,3300,DET@UTA 03/13/2018 09:00PM ET,14.135,DET
PG/SG,Devin Harris,3300,DEN@LAL 03/13/2018 10:30PM ET,15.125,DEN
PF/C,Dante Cunningham,3300,TOR@BKN 03/13/2018 07:30PM ET,13.468,BKN
SF/PF,Troy Williams,3300,DAL@NY 03/13/2018 07:30PM ET,11.062999999999999,NY
PG/SG,Kyle Collinsworth,3300,DAL@NY 03/13/2018 07:30PM ET,9.663,DAL
PG,Jarrett Jack,3300,DAL@NY 03/13/2018 07:30PM ET,21.013,NY
PF/C,Luke Kornet,3300,DAL@NY 03/13/2018 07:30PM ET,11.219000000000001,NY
SG/SF,Glenn Robinson III,3300,IND@PHI 03/13/2018 07:00PM ET,7.611000000000001,IND
PF/C,Amir Johnson,3300,IND@PHI 03/13/2018 07:00PM ET,14.212,PHI
PG/SG,Markelle Fultz,3300,IND@PHI 03/13/2018 07:00PM ET,12.187999999999999,PHI
PF/C,Gorgui Dieng,3300,MIN@WAS 03/13/2018 07:00PM ET,15.142000000000001,MIN
SG,Jodie Meeks,3300,MIN@WAS 03/13/2018 07:00PM ET,10.953,WAS
PG/SG,Raymond Felton,3200,OKC@ATL 03/13/2018 07:30PM ET,15.029000000000002,OKC
C,Miles Plumlee,3200,OKC@ATL 03/13/2018 07:30PM ET,11.989,ATL
PG,Josh Magette,3200,OKC@ATL 03/13/2018 07:30PM ET,8.0,ATL
C,Dakari Johnson,3200,OKC@ATL 03/13/2018 07:30PM ET,4.971,OKC
PG,Jawun Evans,3200,LAC@CHI 03/13/2018 08:00PM ET,13.1,LAC
SF/PF,Jonas Jerebko,3200,DET@UTA 03/13/2018 09:00PM ET,12.190999999999999,UTA
SF/PF,Anthony Tolliver,3200,DET@UTA 03/13/2018 09:00PM ET,14.599,DET
PG,Jose Calderon,3200,CLE@PHO 03/13/2018 10:00PM ET,9.222000000000001,CLE
PG/SG,Malik Beasley,3200,DEN@LAL 03/13/2018 10:30PM ET,6.699,DEN
SF/PF,Darrell Arthur,3200,DEN@LAL 03/13/2018 10:30PM ET,6.202999999999999,DEN
SG/SF,Torrey Craig,3200,DEN@LAL 03/13/2018 10:30PM ET,10.058,DEN
SF/PF,OG Anunoby,3200,TOR@BKN 03/13/2018 07:30PM ET,12.2,TOR
SG/SF,Norman Powell,3200,TOR@BKN 03/13/2018 07:30PM ET,11.763,TOR
PF/C,Quincy Acy,3200,TOR@BKN 03/13/2018 07:30PM ET,13.276,BKN
C,Jahlil Okafor,3200,TOR@BKN 03/13/2018 07:30PM ET,11.55,BKN
C,Salah Mejri,3200,DAL@NY 03/13/2018 07:30PM ET,12.21,DAL
PF/C,Maxi Kleber,3200,DAL@NY 03/13/2018 07:30PM ET,12.052999999999999,DAL
SG/SF,Justin Anderson,3200,IND@PHI 03/13/2018 07:00PM ET,10.75,PHI
PG,Tim Frazier,3200,MIN@WAS 03/13/2018 07:00PM ET,12.37,WAS
SG/SF,Terrence Ross,3200,ORL@SA 03/13/2018 08:30PM ET,18.705,ORL
SG,Brandon Paul,3200,ORL@SA 03/13/2018 08:30PM ET,6.495,SA
C,Guillermo Hernangomez,3200,CHA@NO 03/13/2018 08:00PM ET,8.279,CHA
SG/SF,Treveon Graham,3200,CHA@NO 03/13/2018 08:00PM ET,9.815,CHA
SG/SF,DeAndre' Bembry,3100,OKC@ATL 03/13/2018 07:30PM ET,11.929,ATL
SG/SF,Wesley Johnson,3100,LAC@CHI 03/13/2018 08:00PM ET,15.339,LAC
SG/SF,John Holland,3100,CLE@PHO 03/13/2018 10:00PM ET,3.977,CLE
SG/SF,Danuel House,3100,CLE@PHO 03/13/2018 10:00PM ET,9.109,PHO
SF/PF,Juancho Hernangomez,3100,DEN@LAL 03/13/2018 10:30PM ET,7.83,DEN
PF,Travis Wear,3100,DEN@LAL 03/13/2018 10:30PM ET,9.7,LAL
C,Ivica Zubac,3100,DEN@LAL 03/13/2018 10:30PM ET,7.028,LAL
PG/SG,Nik Stauskas,3100,TOR@BKN 03/13/2018 07:30PM ET,7.957000000000001,BKN
PG/SG,Joe Young,3100,IND@PHI 03/13/2018 07:00PM ET,7.005,IND
PG/SG,Jerryd Bayless,3100,IND@PHI 03/13/2018 07:00PM ET,14.103,PHI
PG,Derrick Rose,3100,MIN@WAS 03/13/2018 07:00PM ET,14.147,MIN
PF/C,Jason Smith,3100,MIN@WAS 03/13/2018 07:00PM ET,7.0,WAS
SG/SF,Alex Abrines,3000,OKC@ATL 03/13/2018 07:30PM ET,9.222000000000001,OKC
PG/SG,PJ Dozier,3000,OKC@ATL 03/13/2018 07:30PM ET,1.375,OKC
SF,Andrew White III,3000,OKC@ATL 03/13/2018 07:30PM ET,9.15,ATL
SG/SF,Josh Huestis,3000,OKC@ATL 03/13/2018 07:30PM ET,7.832999999999999,OKC
SG/SF,Terrance Ferguson,3000,OKC@ATL 03/13/2018 07:30PM ET,5.685,OKC
SG/SF,Andre Roberson,3000,OKC@ATL 03/13/2018 07:30PM ET,16.494,OKC
SF,Daniel Hamilton,3000,OKC@ATL 03/13/2018 07:30PM ET,7.688,OKC
PF/C,Nick Collison,3000,OKC@ATL 03/13/2018 07:30PM ET,4.729,OKC
SG/SF,Kyle Singler,3000,OKC@ATL 03/13/2018 07:30PM ET,3.333,OKC
PF,Tyler Cavanaugh,3000,OKC@ATL 03/13/2018 07:30PM ET,12.161,ATL
SG,Antonius Cleveland,3000,OKC@ATL 03/13/2018 07:30PM ET,4.045,ATL
SG,C.J. Williams,3000,LAC@CHI 03/13/2018 08:00PM ET,12.955,LAC
SG,Tyrone Wallace,3000,LAC@CHI 03/13/2018 08:00PM ET,21.288,LAC
SG,Jarell Eddie,3000,LAC@CHI 03/13/2018 08:00PM ET,1.083,CHI
PG,Ryan Arcidiacono,3000,LAC@CHI 03/13/2018 08:00PM ET,4.096,CHI
SF/PF,Sam Dekker,3000,LAC@CHI 03/13/2018 08:00PM ET,9.026,LAC
PG/SG,Sean Kilpatrick,3000,LAC@CHI 03/13/2018 08:00PM ET,7.875,LAC
PG/SG,Patrick Beverley,3000,LAC@CHI 03/13/2018 08:00PM ET,25.976999999999997,LAC
PG,Antonio Blakeney,3000,LAC@CHI 03/13/2018 08:00PM ET,10.892999999999999,CHI
SF/PF,Paul Zipser,3000,LAC@CHI 03/13/2018 08:00PM ET,9.417,CHI
PG,Jerian Grant,3000,LAC@CHI 03/13/2018 08:00PM ET,20.3,CHI
C,Omer Asik,3000,LAC@CHI 03/13/2018 08:00PM ET,5.053999999999999,CHI
PG/SG,Dante Exum,3000,DET@UTA 03/13/2018 09:00PM ET,0.0,UTA
PG/SG,Nazareth Mitrou-Long,3000,DET@UTA 03/13/2018 09:00PM ET,3.5,UTA
PG/SG,Alec Burks,3000,DET@UTA 03/13/2018 09:00PM ET,15.215,UTA
PG,Raul Neto,3000,DET@UTA 03/13/2018 09:00PM ET,9.468,UTA
PG/SG,Langston Galloway,3000,DET@UTA 03/13/2018 09:00PM ET,11.308,DET
PF/C,Henry Ellenson,3000,DET@UTA 03/13/2018 09:00PM ET,5.74,DET
PG/SG,Jameer Nelson,3000,DET@UTA 03/13/2018 09:00PM ET,13.985,DET
SF/PF,Georges Niang,3000,DET@UTA 03/13/2018 09:00PM ET,2.25,UTA
SF/PF,Erik McCree,3000,DET@UTA 03/13/2018 09:00PM ET,0.0,UTA
SG/SF,Thabo Sefolosha,3000,DET@UTA 03/13/2018 09:00PM ET,18.283,UTA
PF/C,Tony Bradley,3000,DET@UTA 03/13/2018 09:00PM ET,2.583,UTA
C,Ekpe Udoh,3000,DET@UTA 03/13/2018 09:00PM ET,11.375,UTA
SG,Reggie Hearn,3000,DET@UTA 03/13/2018 09:00PM ET,1.75,DET
PF/C,Jon Leuer,3000,DET@UTA 03/13/2018 09:00PM ET,11.875,DET
PG,Kay Felder,3000,DET@UTA 03/13/2018 09:00PM ET,7.553999999999999,DET
SF/PF,Alec Peters,3000,CLE@PHO 03/13/2018 10:00PM ET,6.091,PHO
C,Alan Williams,3000,CLE@PHO 03/13/2018 10:00PM ET,0.0,PHO
PG/SG,Brandon Knight,3000,CLE@PHO 03/13/2018 10:00PM ET,0.0,PHO
C,Ante Zizic,3000,CLE@PHO 03/13/2018 10:00PM ET,5.789,CLE
PG,London Perrantes,3000,CLE@PHO 03/13/2018 10:00PM ET,0.9,CLE
SF/PF,Derrick Williams,3000,DEN@LAL 03/13/2018 10:30PM ET,0.0,LAL
PG/SG,Gary Payton II,3000,DEN@LAL 03/13/2018 10:30PM ET,5.542000000000001,LAL
PG/SG,Tyler Ennis,3000,DEN@LAL 03/13/2018 10:30PM ET,8.081,LAL
PG/SG,Alex Caruso,3000,DEN@LAL 03/13/2018 10:30PM ET,8.61,LAL
SF/PF,Luol Deng,3000,DEN@LAL 03/13/2018 10:30PM ET,5.0,LAL
PF/C,Thomas Bryant,3000,DEN@LAL 03/13/2018 10:30PM ET,2.15,LAL
PF/C,Channing Frye,3000,DEN@LAL 03/13/2018 10:30PM ET,10.211,LAL
PF,Tyler Lydon,3000,DEN@LAL 03/13/2018 10:30PM ET,0.0,DEN
SF/PF,Richard Jefferson,3000,DEN@LAL 03/13/2018 10:30PM ET,3.895,DEN
PF/C,Kenneth Faried,3000,DEN@LAL 03/13/2018 10:30PM ET,14.039000000000001,DEN
PG,Monte Morris,3000,DEN@LAL 03/13/2018 10:30PM ET,9.5,DEN
SF/PF,Nigel Hayes,3000,TOR@BKN 03/13/2018 07:30PM ET,4.167,TOR
SF,James Webb III,3000,TOR@BKN 03/13/2018 07:30PM ET,5.556,BKN
PG,Milton Doyle,3000,TOR@BKN 03/13/2018 07:30PM ET,6.875,BKN
PF,Lucas Nogueira,3000,TOR@BKN 03/13/2018 07:30PM ET,7.837999999999999,TOR
PF,Alfonzo McKinnie,3000,TOR@BKN 03/13/2018 07:30PM ET,2.667,TOR
PG,Lorenzo Brown,3000,TOR@BKN 03/13/2018 07:30PM ET,4.545,TOR
PF,Malcolm Miller,3000,TOR@BKN 03/13/2018 07:30PM ET,5.225,TOR
SG/SF,Malachi Richardson,3000,TOR@BKN 03/13/2018 07:30PM ET,6.692,TOR
C,Timofey Mozgov,3000,TOR@BKN 03/13/2018 07:30PM ET,9.009,BKN
PG/SG,Isaiah Whitehead,3000,TOR@BKN 03/13/2018 07:30PM ET,10.875,BKN
PG/SG,Jeremy Lin,3000,TOR@BKN 03/13/2018 07:30PM ET,23.0,BKN
SG,Scotty Hopson,3000,DAL@NY 03/13/2018 07:30PM ET,2.0,DAL
SF/PF,Lance Thomas,3000,DAL@NY 03/13/2018 07:30PM ET,9.19,NY
SF/PF,Dorian Finney-Smith,3000,DAL@NY 03/13/2018 07:30PM ET,6.917000000000001,DAL
SF,Jameel Warney,3000,DAL@NY 03/13/2018 07:30PM ET,10.0,DAL
SF,Jalen Jones,3000,DAL@NY 03/13/2018 07:30PM ET,5.2860000000000005,DAL
SG/SF,Damyean Dotson,3000,DAL@NY 03/13/2018 07:30PM ET,5.667000000000001,NY
PF/C,Isaiah Hicks,3000,DAL@NY 03/13/2018 07:30PM ET,4.625,NY
SF,Johnathan Motley,3000,DAL@NY 03/13/2018 07:30PM ET,5.938,DAL
PF/C,Kristaps Porzingis,3000,DAL@NY 03/13/2018 07:30PM ET,39.094,NY
PG/SG,Ron Baker,3000,DAL@NY 03/13/2018 07:30PM ET,8.259,NY
C,Joakim Noah,3000,DAL@NY 03/13/2018 07:30PM ET,5.928999999999999,NY
PG/SG,Seth Curry,3000,DAL@NY 03/13/2018 07:30PM ET,0.0,DAL
SG/SF,Timothe Luwawu-Cabarrot,3000,IND@PHI 03/13/2018 07:00PM ET,9.837,PHI
SG,James Young,3000,IND@PHI 03/13/2018 07:00PM ET,4.4,PHI
SF/PF,TJ Leaf,3000,IND@PHI 03/13/2018 07:00PM ET,5.354,IND
PG,Edmond Sumner,3000,IND@PHI 03/13/2018 07:00PM ET,0.0,IND
PG,Demetrius Jackson,3000,IND@PHI 03/13/2018 07:00PM ET,2.8539999999999996,PHI
SG/SF,Furkan Korkmaz,3000,IND@PHI 03/13/2018 07:00PM ET,3.583,PHI
SF,Alex Poythress,3000,IND@PHI 03/13/2018 07:00PM ET,2.636,IND
SF,Ben Moore,3000,IND@PHI 03/13/2018 07:00PM ET,1.375,IND
PF/C,Al Jefferson,3000,IND@PHI 03/13/2018 07:00PM ET,14.370999999999999,IND
PF/C,Ike Anigbogu,3000,IND@PHI 03/13/2018 07:00PM ET,3.125,IND
SG,Devin Robinson,3000,MIN@WAS 03/13/2018 07:00PM ET,0.0,WAS
SG/SF,Marcus Georges-Hunt,3000,MIN@WAS 03/13/2018 07:00PM ET,2.215,MIN
PF/C,Chris McCullough,3000,MIN@WAS 03/13/2018 07:00PM ET,4.882,WAS
PG/SG,Ramon Sessions,3000,MIN@WAS 03/13/2018 07:00PM ET,10.390999999999998,WAS
PG/SG,Aaron Brooks,3000,MIN@WAS 03/13/2018 07:00PM ET,4.046,MIN
C,Justin Patton,3000,MIN@WAS 03/13/2018 07:00PM ET,0.0,MIN
SG/SF,Anthony Brown,3000,MIN@WAS 03/13/2018 07:00PM ET,0.0,MIN
C,Cole Aldrich,3000,MIN@WAS 03/13/2018 07:00PM ET,1.6669999999999998,MIN
PF,Amile Jefferson,3000,MIN@WAS 03/13/2018 07:00PM ET,0.0,MIN
SF,Jamel Artis,3000,ORL@SA 03/13/2018 08:30PM ET,4.75,ORL
SG/SF,Wes Iwundu,3000,ORL@SA 03/13/2018 08:30PM ET,8.128,ORL
PF/C,Marreese Speights,3000,ORL@SA 03/13/2018 08:30PM ET,14.299000000000001,ORL
PF/C,Khem Birch,3000,ORL@SA 03/13/2018 08:30PM ET,9.463,ORL
SG/SF,Arron Afflalo,3000,ORL@SA 03/13/2018 08:30PM ET,6.125,ORL
PF,Matt Costello,3000,ORL@SA 03/13/2018 08:30PM ET,6.438,SA
SG/SF,Darrun Hilliard,3000,ORL@SA 03/13/2018 08:30PM ET,3.089,SA
PG,Rodney Purvis,3000,ORL@SA 03/13/2018 08:30PM ET,5.375,ORL
PG/SG,Walt Lemon Jr.,3000,CHA@NO 03/13/2018 08:00PM ET,5.5,NO
PG/SG,Malik Monk,3000,CHA@NO 03/13/2018 08:00PM ET,8.422,CHA
SG/SF,DeAndre Liggins,3000,CHA@NO 03/13/2018 08:00PM ET,7.5,NO
SG/SF,Dwayne Bacon,3000,CHA@NO 03/13/2018 08:00PM ET,6.452999999999999,CHA
PG,Marcus Paige,3000,CHA@NO 03/13/2018 08:00PM ET,2.5,CHA
PG,Michael Carter-Williams,3000,CHA@NO 03/13/2018 08:00PM ET,13.470999999999998,CHA
PG/SG,Julyan Stone,3000,CHA@NO 03/13/2018 08:00PM ET,3.571,CHA
PF/C,Mangok Mathiang,3000,CHA@NO 03/13/2018 08:00PM ET,2.5,CHA
SG,Charles Cooke,3000,CHA@NO 03/13/2018 08:00PM ET,1.344,NO
PF/C,DeMarcus Cousins,3000,CHA@NO 03/13/2018 08:00PM ET,55.729,NO
C,Alexis Ajinca,3000,CHA@NO 03/13/2018 08:00PM ET,0.0,NO
PG/SG,Frank Jackson,3000,CHA@NO 03/13/2018 08:00PM ET,0.0,NO
SF/PF,Solomon Hill,3000,CHA@NO 03/13/2018 08:00PM ET,0.0,NO
